Timing Analyzer report for shift_depth100
Wed Jul 29 23:59:39 2026
Quartus Prime Version 24.3.1 Build 102 01/14/2025 SC Pro Edition


---------------------
; Table of Contents ;
---------------------
  1. Legal Notice
  2. Timing Analyzer Summary
  3. Timing Delays: Final Snapshot
  4. Parallel Compilation
  5. SDC File List
  6. Clocks
  7. Timing Closure Summary
  8. Fmax Summary
  9. Setup Summary
 10. Hold Summary
 11. Recovery Summary
 12. Removal Summary
 13. Minimum Pulse Width Summary
 14. Metastability Summary Slow fix6 100C Model
 15. Metastability Summary Slow fix6 0C Model
 16. Metastability Summary Fast fix6 0C Model
 17. Metastability Summary Fast fix6 100C Model
 18. Setup Transfers
 19. Hold Transfers
---- Setup Reports ----
     ---- iClk Reports ----
           20. Command Info
           21. Summary of Paths
           22. Path #1: Setup slack is 8.800 
           23. Path #2: Setup slack is 8.810 
           24. Path #3: Setup slack is 8.886 
           25. Path #4: Setup slack is 8.909 
           26. Path #5: Setup slack is 8.909 
           27. Path #6: Setup slack is 8.913 
           28. Path #7: Setup slack is 8.936 
           29. Path #8: Setup slack is 8.945 
           30. Path #9: Setup slack is 8.945 
           31. Path #10: Setup slack is 8.952 
---- Hold Reports ----
     ---- iClk Reports ----
           32. Command Info
           33. Summary of Paths
           34. Path #1: Hold slack is 0.112 
           35. Path #2: Hold slack is 0.114 
           36. Path #3: Hold slack is 0.115 
           37. Path #4: Hold slack is 0.115 
           38. Path #5: Hold slack is 0.116 
           39. Path #6: Hold slack is 0.116 
           40. Path #7: Hold slack is 0.116 
           41. Path #8: Hold slack is 0.116 
           42. Path #9: Hold slack is 0.116 
           43. Path #10: Hold slack is 0.116 
 44. Timing Analyzer Messages
---- Unconstrained Paths Reports ----
      45. Unconstrained Paths Summary
      46. Clock Status Summary
     ---- Setup Analysis Reports ----
           47. Unconstrained Input Ports
           48. Unconstrained Output Ports
     ---- Hold Analysis Reports ----
           49. Unconstrained Input Ports
           50. Unconstrained Output Ports
 51. INI Usage
 52. Multicorner Timing Analysis Summary
 53. Design Assistant (Signoff) Results - 0 of 85 Rules Failed
 54. CDC-50001 - 1-Bit Asynchronous Transfer Not Synchronized
 55. CDC-50002 - 1-Bit Asynchronous Transfer with Insufficient Constraints
 56. CDC-50003 - CE-Type CDC Transfer with Insufficient Constraints
 57. CDC-50004 - MUX-type CDC Transfer with Insufficient Constraints
 58. CDC-50005 - CDC Bus Constructed with Multi-bit Synchronizer Chains of Different Lengths
 59. CDC-50006 - CDC Bus Constructed with Unsynchronized Registers
 60. CDC-50007 - CDC Bus Constructed with Multi-bit Synchronizer Chains with Insufficient Constraints
 61. CDC-50011 - Combinational Logic Before Synchronizer Chain
 62. CDC-50012 - Multiple Clock Domains Driving a Synchronizer Chain
 63. CLK-30026 - Missing Clock Assignment
 64. CLK-30027 - Multiple Clock Assignments Found
 65. CLK-30028 - Invalid Generated Clock
 66. CLK-30029 - Invalid Clock Assignments
 67. CLK-30030 - PLL Setting Violation
 68. CLK-30033 - Invalid Clock Group Assignment
 69. CLK-30034 - Clock Pairs Missing Logically Exclusive Clock Group Assignment
 70. CLK-30035 - Clock Pairs Missing Physically Exclusive Clock Group Assignment
 71. CLK-30042 - Incorrect Clock Group Type
 72. RES-50001 - Asynchronous Reset Is Not Synchronized
 73. RES-50002 - Asynchronous Reset is Insufficiently Synchronized
 74. RES-50003 - Asynchronous Reset with Insufficient Constraints
 75. RES-50004 - Multiple Asynchronous Resets within Reset Synchronizer Chain
 76. TMC-20011 - Missing Input Delay Constraint
 77. TMC-20012 - Missing Output Delay Constraint
 78. TMC-20013 - Partial Input Delay
 79. TMC-20014 - Partial Output Delay
 80. TMC-20015 - Inconsistent Min-Max Delay
 81. TMC-20016 - Invalid Reference Pin
 82. TMC-20017 - Loops Detected
 83. TMC-20019 - Partial Multicycle Assignment
 84. TMC-20022 - I/O Delay Assignment Missing Parameters
 85. TMC-20023 - Invalid Set Net Delay Assignment
 86. TMC-20027 - Collection Filter Matching Multiple Types
 87. TMC-30041 - Constraint with Invalid Clock Reference
 88. CDC-50103 - Unsynchronized Intra-Clock Forced Synchronizer
 89. CLK-30031 - Input Delay Assigned to Clock
 90. CLK-30032 - Improper Clock Targets
 91. FLP-10000 - Physical RAM with Utilization Below Threshold
 92. FLP-10501 - Top-Level Ports Without Pin Location Assignment
 93. LNT-30023 - Reset Nets with Polarity Conflict
 94. RDC-50003 - Multiple Asynchronous Reset Synchronizers in the Same Clock Domain
 95. TMC-20018 - Unsupported Latches Detected
 96. TMC-20021 - Partial Min-Max Delay Assignment
 97. TMC-20024 - Synchronous Data Delay Assignment
 98. TMC-20025 - Ignored or Overridden Constraints
 99. TMC-20026 - Empty Collection Due To Unmatched Filter
100. TMC-20200 - Paths Failing Setup Analysis with Impossible Requirements
101. TMC-20201 - Paths Failing Setup Analysis with High Clock Skew
102. TMC-20204 - Endpoints of Paths Failing Setup Analysis with Retiming Restrictions
103. TMC-20205 - Endpoints of Paths Failing Setup Analysis with Explicit Power-Up States that Restrict Retiming
104. TMC-20206 - DSP Blocks with Unregistered Outputs that are the Source of Paths Failing Setup Analysis
105. TMC-20207 - DSP Blocks with Unregistered Inputs that are the Destination of Paths Failing Setup Analysis
106. TMC-20208 - RAM Blocks with Unregistered Outputs that are the Source of Paths Failing Setup Analysis
107. TMC-20209 - Paths Failing Setup Analysis with High Routing Delay due to Congestion
108. TMC-20210 - Paths Failing Setup Analysis with High Routing Delay Added for Hold
109. TMC-20212 - Paths Failing Setup Analysis with Global Routing in Data Path
110. TMC-20213 - Paths Failing Setup Analysis with Locally Routed Clock
111. TMC-20214 - Buses with Incoming Paths Failing Setup Analysis with Multiple Sequential Adder Chains
112. TMC-20215 - Buses with Incoming Paths Failing Setup Analysis with Multipliers Implemented in Logic
113. TMC-20216 - Paths Failing Setup Analysis with Inferred-RAM Shift Register Endpoints
114. TMC-20217 - Paths Failing Setup Analysis with Clock-As-Data
115. TMC-20219 - DSP Blocks with Restricted Fmax below Required Fmax
116. TMC-20220 - RAM Blocks with Restricted Fmax below Required Fmax
117. TMC-20221 - Nodes Failing Minimum Pulse Width Due to Clock Pulse Collapse
118. TMC-20312 - Paths Failing Hold Analysis with Global Routing in Data Path
119. TMC-20313 - Paths Failing Hold Analysis with Locally Routed Clock
120. TMC-20712 - Paths Failing Recovery Analysis with Global Routing in Data Path
121. TMC-20713 - Paths Failing Recovery Analysis with Locally Routed Clock
122. TMC-20812 - Paths Failing Removal Analysis with Global Routing in Data Path
123. TMC-20813 - Paths Failing Removal Analysis with Locally Routed Clock
124. CDC-50008 - CDC Bus Constructed with Multi-bit Synchronizer Chains
125. CDC-50101 - Intra-Clock False Path Synchronizer
126. CDC-50102 - Synchronizer after CDC Topology with Control Signal
127. FLP-40006 - Pipelining Registers That Might Be Recoverable
128. LNT-30010 - Nets Driving both Reset and Clock Enable Signals
129. RES-50010 - Reset Synchronizer Chains with Constant Output
130. RES-50101 - Intra-Clock False Path Reset Synchronizer
131. TMC-20020 - Invalid Multicycle Assignment
132. TMC-20550 - Automatically Selected Duplication Candidate Rejected for Placement Constraint
133. TMC-20551 - Automatically Selected Duplication Candidate Likely Requires More Duplication
134. TMC-20552 - User Selected Duplication Candidate was Rejected
135. TMC-20601 - Registers with High Immediate Fan-Out Tension
136. TMC-20602 - Registers with High Timing Path Endpoint Tension
137. TMC-20603 - Registers with High Immediate Fan-Out Span
138. TMC-20604 - Registers with High Timing Path Endpoint Span



----------------
; Legal Notice ;
----------------
Copyright (C) 2025  Intel Corporation. All rights reserved.
Your use of Intel Corporation's design tools, logic functions 
and other software and tools, and any partner logic 
functions, and any output files from any of the foregoing 
(including device programming or simulation files), and any 
associated documentation or information are expressly subject 
to the terms and conditions of the Intel Program License 
Subscription Agreement, the Intel Quartus Prime License Agreement,
the Intel FPGA IP License Agreement, or other applicable license
agreement, including, without limitation, that your use is for
the sole purpose of programming logic devices manufactured by
Intel and sold by Intel or its authorized distributors.  Please
refer to the Intel FPGA Software License Subscription Agreements 
on the Quartus Prime software download page.



+----------------------------------------------------------------------------+
; Timing Analyzer Summary                                                    ;
+-----------------------+----------------------------------------------------+
; Quartus Prime Version ; Version 24.3.1 Build 102 01/14/2025 SC Pro Edition ;
; Timing Analyzer       ; Timing Analyzer                                    ;
; Revision Name         ; shift_depth100                                     ;
; Device Family         ; Agilex 5                                           ;
; Device                ; A5ED065BB32AE6SR0                                  ;
; Snapshot              ; final                                              ;
; Timing Models         ; Preliminary                                        ;
; Power Models          ; Preliminary                                        ;
; Device Status         ; Preliminary                                        ;
; Rise/Fall Delays      ; Enabled                                            ;
+-----------------------+----------------------------------------------------+


+---------------------------------------------+
; Timing Delays: Final Snapshot               ;
+----------------------------------+----------+
; Snapshot                         ; final    ;
; Periphery block cell delays      ; Sign-off ;
; Core block cell delays           ; Sign-off ;
; Routing interconnect (IC) delays ; Sign-off ;
+----------------------------------+----------+


+-------------------------------------+
; Parallel Compilation                ;
+----------------------------+--------+
; Processors                 ; Number ;
+----------------------------+--------+
; Number detected on machine ; 12     ;
; Maximum allowed            ; 12     ;
+----------------------------+--------+


+------------------------------------------------------------------------------------------------------------------------------------------------+
; SDC File List                                                                                                                                  ;
+------------------------------------+----------+--------+---------+----------+--------+--------------------------+-----------------+------------+
; SDC File Path                      ; Instance ; Entity ; Library ; Promoted ; Status ; Read at                  ; Processing Time ; SDC on RTL ;
+------------------------------------+----------+--------+---------+----------+--------+--------------------------+-----------------+------------+
; ../../constraints/clock_100mhz.sdc ;          ;        ;         ; No       ; OK     ; Wed Jul 29 23:59:33 2026 ; 00:00:00        ; No         ;
+------------------------------------+----------+--------+---------+----------+--------+--------------------------+-----------------+------------+
Note: All paths for non-entity SDC files are reported relative to the project directory (C:/Users/User/Documents/Codex/2026-07-28/files-mentioned-by-the-user-shift/work/fpga_rerun_ascii/p2_original/quartus/shift_depth100/).


+---------------------------------------------------------------------------------------------------------------------------------------------------------------------------------+
; Clocks                                                                                                                                                                          ;
+------------+------+--------+-----------+-------+-------+------------+-----------+-------------+-------+--------+-----------+------------+----------+--------+--------+----------+
; Clock Name ; Type ; Period ; Frequency ; Rise  ; Fall  ; Duty Cycle ; Divide by ; Multiply by ; Phase ; Offset ; Edge List ; Edge Shift ; Inverted ; Master ; Source ; Targets  ;
+------------+------+--------+-----------+-------+-------+------------+-----------+-------------+-------+--------+-----------+------------+----------+--------+--------+----------+
; iClk       ; Base ; 10.000 ; 100.0 MHz ; 0.000 ; 5.000 ;            ;           ;             ;       ;        ;           ;            ;          ;        ;        ; { iClk } ;
+------------+------+--------+-----------+-------+-------+------------+-----------+-------------+-------+--------+-----------+------------+----------+--------+--------+----------+


+--------------------------------------------------------------------+
; Timing Closure Summary                                             ;
+------------------------------------------------------+-------------+
; Panel Name                                           ; Result Flag ;
+------------------------------------------------------+-------------+
; Timing Closure                                       ; Pass        ;
;   Setup Summary                                      ; Pass        ;
;   Hold Summary                                       ; Pass        ;
;   Recovery Summary                                   ; Not Found   ;
;   Removal Summary                                    ; Not Found   ;
;   Setup Data Delay Summary                           ; Not Found   ;
;   Recovery Data Delay Summary                        ; Not Found   ;
;   Minimum Pulse Width Summary                        ; Pass        ;
;   Max Skew Summary                                   ; Not Found   ;
;   Max Clock Skew Summary                             ; Not Found   ;
;   Net Delay Summary                                  ; Not Found   ;
;   Metastability Summary                              ; Pass        ;
;   Double Data Rate (DDR) Summary                     ; Not Found   ;
;   Transmitter Channel-to-Channel Skew (TCCS) Summary ; Not Found   ;
;   Receiver Input Skew Margin (RSKM) Summary          ; Not Found   ;
;   Design Assistant Summary                           ; Pass        ;
+------------------------------------------------------+-------------+


+----------------------------------------------------------------------------------------------------------------------------+
; Fmax Summary                                                                                                               ;
+------------+-----------------+------------+----------------------------------------------+---------------------------------+
; Fmax       ; Restricted Fmax ; Clock Name ; Note                                         ; Worst-Case Operating Conditions ;
+------------+-----------------+------------+----------------------------------------------+---------------------------------+
; 833.33 MHz ; 554.02 MHz      ; iClk       ; limit due to minimum pulse width restriction ; Slow fix6 0C Model              ;
+------------+-----------------+------------+----------------------------------------------+---------------------------------+
This panel reports FMAX for every clock in the design, regardless of the user-specified clock periods.  FMAX is only computed for paths where the source and destination registers or ports are driven by the same clock.  Paths of different clocks, including generated clocks, are ignored.  For paths between a clock and its inversion, FMAX is computed as if the rising and falling edges are scaled along with FMAX, such that the duty cycle (in terms of a percentage) is maintained. Intel recommends that you always use clock constraints and other slack reports for sign-off analysis.
Delay Models:
Slow fix6 100C Model
Slow fix6 0C Model
Fast fix6 0C Model
Fast fix6 100C Model


+--------------------------------------------------------------------------------------+
; Setup Summary                                                                        ;
+-------+-------+---------------+--------------------+---------------------------------+
; Clock ; Slack ; End Point TNS ; Failing End Points ; Worst-Case Operating Conditions ;
+-------+-------+---------------+--------------------+---------------------------------+
; iClk  ; 8.800 ; 0.000         ; 0                  ; Slow fix6 0C Model              ;
+-------+-------+---------------+--------------------+---------------------------------+
Delay Models:
Slow fix6 100C Model
Slow fix6 0C Model
Fast fix6 0C Model
Fast fix6 100C Model


+--------------------------------------------------------------------------------------+
; Hold Summary                                                                         ;
+-------+-------+---------------+--------------------+---------------------------------+
; Clock ; Slack ; End Point TNS ; Failing End Points ; Worst-Case Operating Conditions ;
+-------+-------+---------------+--------------------+---------------------------------+
; iClk  ; 0.112 ; 0.000         ; 0                  ; Fast fix6 0C Model              ;
+-------+-------+---------------+--------------------+---------------------------------+
Delay Models:
Slow fix6 100C Model
Slow fix6 0C Model
Fast fix6 0C Model
Fast fix6 100C Model


--------------------
; Recovery Summary ;
--------------------
No paths to report.


-------------------
; Removal Summary ;
-------------------
No paths to report.


+--------------------------------------------------------------------------------------------------+
; Minimum Pulse Width Summary                                                                      ;
+-------+-------+---------------+--------------------+-----------+---------------------------------+
; Clock ; Slack ; End Point TNS ; Failing End Points ; Type      ; Worst-Case Operating Conditions ;
+-------+-------+---------------+--------------------+-----------+---------------------------------+
; iClk  ; 4.587 ; 0.000         ; 0                  ; Low Pulse ; Slow fix6 0C Model              ;
+-------+-------+---------------+--------------------+-----------+---------------------------------+
Delay Models:
Slow fix6 100C Model
Slow fix6 0C Model
Fast fix6 0C Model
Fast fix6 100C Model


----------------------------------------------
; Metastability Summary Slow fix6 100C Model ;
----------------------------------------------
No synchronizer chains to report.


--------------------------------------------
; Metastability Summary Slow fix6 0C Model ;
--------------------------------------------
No synchronizer chains to report.


--------------------------------------------
; Metastability Summary Fast fix6 0C Model ;
--------------------------------------------
No synchronizer chains to report.


----------------------------------------------
; Metastability Summary Fast fix6 100C Model ;
----------------------------------------------
No synchronizer chains to report.


+----------------------------------------------------------------------------------------------------------------------------------------------------+
; Setup Transfers                                                                                                                                    ;
+------------+----------+----------+----------+----------+----------+---------------------------+------------------+---------------------------------+
; From Clock ; To Clock ; RR Paths ; FR Paths ; RF Paths ; FF Paths ; Clock Pair Classification ; Worst-Case Slack ; Worst-Case Operating Conditions ;
+------------+----------+----------+----------+----------+----------+---------------------------+------------------+---------------------------------+
; iClk       ; iClk     ; 1834     ; 0        ; 0        ; 0        ; Intra-Clock (Timed Safe)  ; 8.800            ; Slow fix6 0C Model              ;
+------------+----------+----------+----------+----------+----------+---------------------------+------------------+---------------------------------+
An "Asynchronous (Timed Unsafe)" transfer occurs when the From & To clocks are asynchronous and no timing constraints exist. Entries labeled "false path" only account for clock-to-clock false paths. Path-based false path counts are shown in rows with "Ignored (Not Timed)" classifications


+----------------------------------------------------------------------------------------------------------------------------------------------------+
; Hold Transfers                                                                                                                                     ;
+------------+----------+----------+----------+----------+----------+---------------------------+------------------+---------------------------------+
; From Clock ; To Clock ; RR Paths ; FR Paths ; RF Paths ; FF Paths ; Clock Pair Classification ; Worst-Case Slack ; Worst-Case Operating Conditions ;
+------------+----------+----------+----------+----------+----------+---------------------------+------------------+---------------------------------+
; iClk       ; iClk     ; 1834     ; 0        ; 0        ; 0        ; Intra-Clock (Timed Safe)  ; 0.112            ; Fast fix6 0C Model              ;
+------------+----------+----------+----------+----------+----------+---------------------------+------------------+---------------------------------+
An "Asynchronous (Timed Unsafe)" transfer occurs when the From & To clocks are asynchronous and no timing constraints exist. Entries labeled "false path" only account for clock-to-clock false paths. Path-based false path counts are shown in rows with "Ignored (Not Timed)" classifications


----------------
; Command Info ;
----------------
Report Timing: Found 10 setup paths (0 violated).  Worst case slack is 8.800 

Tcl Command:
    report_timing -setup -panel_name {Worst-Case Timing Paths||Setup||iClk} -to_clock [get_clocks {iClk}] -npaths 10 -detail full_path

Options:
    -to_clock [get_clocks {iClk}] 
    -setup 
    -npaths 10 
    -detail full_path 
    -panel_name {iClk} 

Snapshot:
    final

Delay Models:
    Slow fix6 100C Model
    Slow fix6 0C Model
    Fast fix6 0C Model
    Fast fix6 100C Model


+------------------------------------------------------------------------------------------------------------------------------------------------------------------------------+
; Summary of Paths                                                                                                                                                             ;
+-------+--------------------------+-----------------------------------+--------------+-------------+--------------+------------+------------+---------------------------------+
; Slack ; From Node                ; To Node                           ; Launch Clock ; Latch Clock ; Relationship ; Clock Skew ; Data Delay ; Worst-Case Operating Conditions ;
+-------+--------------------------+-----------------------------------+--------------+-------------+--------------+------------+------------+---------------------------------+
; 8.800 ; u_dut|data_shift[60][0]  ; u_dut|data_shift[61][0]           ; iClk         ; iClk        ; 10.000       ; -0.075     ; 1.081      ; Slow fix6 0C Model              ;
; 8.810 ; u_dut|data_shift[62][0]  ; u_dut|data_shift[63][0]           ; iClk         ; iClk        ; 10.000       ; -0.032     ; 1.194      ; Slow fix6 0C Model              ;
; 8.886 ; u_dut|valid_shift[63]    ; u_dut|valid_shift[64]             ; iClk         ; iClk        ; 10.000       ; -0.073     ; 0.984      ; Slow fix6 0C Model              ;
; 8.909 ; u_dut|data_shift[65][6]  ; u_dut|data_shift[66][6]~DUPLICATE ; iClk         ; iClk        ; 10.000       ; -0.137     ; 0.903      ; Slow fix6 0C Model              ;
; 8.909 ; u_dut|data_shift[65][6]  ; u_dut|data_shift[66][6]           ; iClk         ; iClk        ; 10.000       ; -0.137     ; 0.903      ; Slow fix6 0C Model              ;
; 8.913 ; u_dut|data_shift[15][0]  ; u_dut|data_shift[16][0]           ; iClk         ; iClk        ; 10.000       ; -0.073     ; 1.009      ; Slow fix6 0C Model              ;
; 8.936 ; u_dut|data_shift[16][10] ; u_dut|data_shift[17][10]          ; iClk         ; iClk        ; 10.000       ; -0.074     ; 0.987      ; Slow fix6 0C Model              ;
; 8.945 ; u_dut|data_shift[97][8]  ; u_dut|data_shift[98][8]~DUPLICATE ; iClk         ; iClk        ; 10.000       ; -0.144     ; 0.849      ; Slow fix6 0C Model              ;
; 8.945 ; u_dut|data_shift[97][8]  ; u_dut|data_shift[98][8]           ; iClk         ; iClk        ; 10.000       ; -0.144     ; 0.849      ; Slow fix6 0C Model              ;
; 8.952 ; u_dut|data_shift[92][4]  ; u_dut|data_shift[93][4]           ; iClk         ; iClk        ; 10.000       ; -0.144     ; 0.900      ; Slow fix6 0C Model              ;
+-------+--------------------------+-----------------------------------+--------------+-------------+--------------+------------+------------+---------------------------------+


Path #1: Setup slack is 8.800 
===============================================================================
+------------------------------------------------------------+
; Path Summary                                               ;
+---------------------------------+--------------------------+
; Property                        ; Value                    ;
+---------------------------------+--------------------------+
; From Node                       ; u_dut|data_shift[60][0]  ;
; To Node                         ; u_dut|data_shift[61][0]  ;
; Launch Clock                    ; iClk                     ;
; Latch Clock                     ; iClk                     ;
; SDC Exception                   ; No SDC Exception on Path ;
; Data Arrival Time               ; 2.973                    ;
; Data Required Time              ; 11.773                   ;
; Slack                           ; 8.800                    ;
; Worst-Case Operating Conditions ; Slow fix6 0C Model       ;
+---------------------------------+--------------------------+

+------------------------------------------------------------------------------------+
; Statistics                                                                         ;
+------------------------+--------+-------+-------------+------------+-------+-------+
; Property               ; Value  ; Count ; Total Delay ; % of Total ; Min   ; Max   ;
+------------------------+--------+-------+-------------+------------+-------+-------+
; Setup Relationship     ; 10.000 ;       ;             ;            ;       ;       ;
; Clock Skew             ; -0.075 ;       ;             ;            ;       ;       ;
; Data Delay             ; 1.081  ;       ;             ;            ;       ;       ;
; Number of Logic Levels ;        ; 0     ;             ;            ;       ;       ;
; Physical Delays        ;        ;       ;             ;            ;       ;       ;
;  Arrival Path          ;        ;       ;             ;            ;       ;       ;
;   Clock                ;        ;       ;             ;            ;       ;       ;
;    IC                  ;        ; 2     ; 1.706       ; 90         ; 0.128 ; 1.578 ;
;    Cell                ;        ; 2     ; 0.186       ; 10         ; 0.000 ; 0.186 ;
;   Data                 ;        ;       ;             ;            ;       ;       ;
;    IC                  ;        ; 1     ; 0.658       ; 61         ; 0.658 ; 0.658 ;
;    Cell                ;        ; 1     ; 0.000       ; 0          ; 0.000 ; 0.000 ;
;    uTco                ;        ; 1     ; 0.423       ; 39         ; 0.423 ; 0.423 ;
;  Required Path         ;        ;       ;             ;            ;       ;       ;
;   Clock                ;        ;       ;             ;            ;       ;       ;
;    IC                  ;        ; 2     ; 1.508       ; 91         ; 0.106 ; 1.402 ;
;    Cell                ;        ; 2     ; 0.150       ; 9          ; 0.000 ; 0.150 ;
+------------------------+--------+-------+-------------+------------+-------+-------+
Note: Negative delays are omitted from totals when calculating percentages

+---------------------------------------------------------------------------------------------------------------------+
; Data Arrival Path                                                                                                   ;
+---------+---------+----+------+--------+----------------------+--------------------+--------------------------------+
; Total   ; Incr    ; RF ; Type ; Fanout ; Location             ; Element Type       ; Element                        ;
+---------+---------+----+------+--------+----------------------+--------------------+--------------------------------+
; 0.000   ; 0.000   ;    ;      ;        ;                      ;                    ; launch edge time               ;
; 1.892   ; 1.892   ;    ;      ;        ;                      ;                    ; clock path                     ;
;   0.000 ;   0.000 ;    ;      ;        ;                      ;                    ; source latency                 ;
;   0.000 ;   0.000 ;    ;      ; 1      ; MLABCELL_X61_Y98_N15 ; Combinational cell ; iClk                           ;
;   0.128 ;   0.128 ; RR ; IC   ; 1      ; MLABCELL_X61_Y98_N24 ; Combinational cell ; iClk~FITTER_INSERTED_0|datae   ;
;   0.314 ;   0.186 ; RR ; CELL ; 1851   ; MLABCELL_X61_Y98_N24 ; Combinational cell ; iClk~FITTER_INSERTED_0|combout ;
;   1.892 ;   1.578 ; RR ; IC   ; 1      ; FF_X102_Y101_N50     ; ALM Register       ; u_dut|data_shift[60][0]|clk    ;
;   1.892 ;   0.000 ; RR ; CELL ; 1      ; FF_X102_Y101_N50     ; ALM Register       ; u_dut|data_shift[60][0]        ;
; 2.973   ; 1.081   ;    ;      ;        ;                      ;                    ; data path                      ;
;   2.315 ;   0.423 ; RR ; uTco ; 2      ; FF_X102_Y101_N50     ; ALM Register       ; u_dut|data_shift[60][0]|q      ;
;   2.973 ;   0.658 ; RR ; IC   ; 1      ; FF_X102_Y102_N13     ; ALM Register       ; u_dut|data_shift[61][0]|d      ;
;   2.973 ;   0.000 ; RR ; CELL ; 1      ; FF_X102_Y102_N13     ; ALM Register       ; u_dut|data_shift[61][0]        ;
+---------+---------+----+------+--------+----------------------+--------------------+--------------------------------+

+----------------------------------------------------------------------------------------------------------------------+
; Data Required Path                                                                                                   ;
+----------+---------+----+------+--------+----------------------+--------------------+--------------------------------+
; Total    ; Incr    ; RF ; Type ; Fanout ; Location             ; Element Type       ; Element                        ;
+----------+---------+----+------+--------+----------------------+--------------------+--------------------------------+
; 10.000   ; 10.000  ;    ;      ;        ;                      ;                    ; latch edge time                ;
; 11.817   ; 1.817   ;    ;      ;        ;                      ;                    ; clock path                     ;
;   10.000 ;   0.000 ;    ;      ;        ;                      ;                    ; source latency                 ;
;   10.000 ;   0.000 ;    ;      ; 1      ; MLABCELL_X61_Y98_N15 ; Combinational cell ; iClk                           ;
;   10.106 ;   0.106 ; RR ; IC   ; 1      ; MLABCELL_X61_Y98_N24 ; Combinational cell ; iClk~FITTER_INSERTED_0|datae   ;
;   10.256 ;   0.150 ; RR ; CELL ; 1851   ; MLABCELL_X61_Y98_N24 ; Combinational cell ; iClk~FITTER_INSERTED_0|combout ;
;   11.658 ;   1.402 ; RR ; IC   ; 1      ; FF_X102_Y102_N13     ; ALM Register       ; u_dut|data_shift[61][0]|clk    ;
;   11.658 ;   0.000 ; RR ; CELL ; 1      ; FF_X102_Y102_N13     ; ALM Register       ; u_dut|data_shift[61][0]        ;
;   11.808 ;   0.150 ;    ;      ;        ;                      ;                    ; clock pessimism removed        ;
;   11.817 ;   0.009 ;    ;      ;        ;                      ;                    ; advanced clock effects         ;
; 11.773   ; -0.044  ;    ; uTsu ; 1      ; FF_X102_Y102_N13     ; ALM Register       ; u_dut|data_shift[61][0]        ;
+----------+---------+----+------+--------+----------------------+--------------------+--------------------------------+



Path #2: Setup slack is 8.810 
===============================================================================
+------------------------------------------------------------+
; Path Summary                                               ;
+---------------------------------+--------------------------+
; Property                        ; Value                    ;
+---------------------------------+--------------------------+
; From Node                       ; u_dut|data_shift[62][0]  ;
; To Node                         ; u_dut|data_shift[63][0]  ;
; Launch Clock                    ; iClk                     ;
; Latch Clock                     ; iClk                     ;
; SDC Exception                   ; No SDC Exception on Path ;
; Data Arrival Time               ; 3.086                    ;
; Data Required Time              ; 11.896                   ;
; Slack                           ; 8.810                    ;
; Worst-Case Operating Conditions ; Slow fix6 0C Model       ;
+---------------------------------+--------------------------+

+------------------------------------------------------------------------------------+
; Statistics                                                                         ;
+------------------------+--------+-------+-------------+------------+-------+-------+
; Property               ; Value  ; Count ; Total Delay ; % of Total ; Min   ; Max   ;
+------------------------+--------+-------+-------------+------------+-------+-------+
; Setup Relationship     ; 10.000 ;       ;             ;            ;       ;       ;
; Clock Skew             ; -0.032 ;       ;             ;            ;       ;       ;
; Data Delay             ; 1.194  ;       ;             ;            ;       ;       ;
; Number of Logic Levels ;        ; 0     ;             ;            ;       ;       ;
; Physical Delays        ;        ;       ;             ;            ;       ;       ;
;  Arrival Path          ;        ;       ;             ;            ;       ;       ;
;   Clock                ;        ;       ;             ;            ;       ;       ;
;    IC                  ;        ; 2     ; 1.706       ; 90         ; 0.128 ; 1.578 ;
;    Cell                ;        ; 2     ; 0.186       ; 10         ; 0.000 ; 0.186 ;
;   Data                 ;        ;       ;             ;            ;       ;       ;
;    IC                  ;        ; 1     ; 0.768       ; 64         ; 0.768 ; 0.768 ;
;    Cell                ;        ; 1     ; 0.000       ; 0          ; 0.000 ; 0.000 ;
;    uTco                ;        ; 1     ; 0.426       ; 36         ; 0.426 ; 0.426 ;
;  Required Path         ;        ;       ;             ;            ;       ;       ;
;   Clock                ;        ;       ;             ;            ;       ;       ;
;    IC                  ;        ; 2     ; 1.511       ; 91         ; 0.106 ; 1.405 ;
;    Cell                ;        ; 2     ; 0.150       ; 9          ; 0.000 ; 0.150 ;
+------------------------+--------+-------+-------------+------------+-------+-------+
Note: Negative delays are omitted from totals when calculating percentages

+---------------------------------------------------------------------------------------------------------------------+
; Data Arrival Path                                                                                                   ;
+---------+---------+----+------+--------+----------------------+--------------------+--------------------------------+
; Total   ; Incr    ; RF ; Type ; Fanout ; Location             ; Element Type       ; Element                        ;
+---------+---------+----+------+--------+----------------------+--------------------+--------------------------------+
; 0.000   ; 0.000   ;    ;      ;        ;                      ;                    ; launch edge time               ;
; 1.892   ; 1.892   ;    ;      ;        ;                      ;                    ; clock path                     ;
;   0.000 ;   0.000 ;    ;      ;        ;                      ;                    ; source latency                 ;
;   0.000 ;   0.000 ;    ;      ; 1      ; MLABCELL_X61_Y98_N15 ; Combinational cell ; iClk                           ;
;   0.128 ;   0.128 ; RR ; IC   ; 1      ; MLABCELL_X61_Y98_N24 ; Combinational cell ; iClk~FITTER_INSERTED_0|datae   ;
;   0.314 ;   0.186 ; RR ; CELL ; 1851   ; MLABCELL_X61_Y98_N24 ; Combinational cell ; iClk~FITTER_INSERTED_0|combout ;
;   1.892 ;   1.578 ; RR ; IC   ; 1      ; FF_X102_Y101_N11     ; ALM Register       ; u_dut|data_shift[62][0]|clk    ;
;   1.892 ;   0.000 ; RR ; CELL ; 1      ; FF_X102_Y101_N11     ; ALM Register       ; u_dut|data_shift[62][0]        ;
; 3.086   ; 1.194   ;    ;      ;        ;                      ;                    ; data path                      ;
;   2.318 ;   0.426 ; RR ; uTco ; 2      ; FF_X102_Y101_N11     ; ALM Register       ; u_dut|data_shift[62][0]|q      ;
;   3.086 ;   0.768 ; RR ; IC   ; 1      ; FF_X104_Y101_N31     ; ALM Register       ; u_dut|data_shift[63][0]|d      ;
;   3.086 ;   0.000 ; RR ; CELL ; 1      ; FF_X104_Y101_N31     ; ALM Register       ; u_dut|data_shift[63][0]        ;
+---------+---------+----+------+--------+----------------------+--------------------+--------------------------------+

+-----------------------------------------------------------------------------------------------------------------------+
; Data Required Path                                                                                                    ;
+----------+----------+----+------+--------+----------------------+--------------------+--------------------------------+
; Total    ; Incr     ; RF ; Type ; Fanout ; Location             ; Element Type       ; Element                        ;
+----------+----------+----+------+--------+----------------------+--------------------+--------------------------------+
; 10.000   ; 10.000   ;    ;      ;        ;                      ;                    ; latch edge time                ;
; 11.860   ; 1.860    ;    ;      ;        ;                      ;                    ; clock path                     ;
;   10.000 ;   0.000  ;    ;      ;        ;                      ;                    ; source latency                 ;
;   10.000 ;   0.000  ;    ;      ; 1      ; MLABCELL_X61_Y98_N15 ; Combinational cell ; iClk                           ;
;   10.106 ;   0.106  ; RR ; IC   ; 1      ; MLABCELL_X61_Y98_N24 ; Combinational cell ; iClk~FITTER_INSERTED_0|datae   ;
;   10.256 ;   0.150  ; RR ; CELL ; 1851   ; MLABCELL_X61_Y98_N24 ; Combinational cell ; iClk~FITTER_INSERTED_0|combout ;
;   11.661 ;   1.405  ; RR ; IC   ; 1      ; FF_X104_Y101_N31     ; ALM Register       ; u_dut|data_shift[63][0]|clk    ;
;   11.661 ;   0.000  ; RR ; CELL ; 1      ; FF_X104_Y101_N31     ; ALM Register       ; u_dut|data_shift[63][0]        ;
;   11.866 ;   0.205  ;    ;      ;        ;                      ;                    ; clock pessimism removed        ;
;   11.860 ;   -0.006 ;    ;      ;        ;                      ;                    ; advanced clock effects         ;
; 11.896   ; 0.036    ;    ; uTsu ; 1      ; FF_X104_Y101_N31     ; ALM Register       ; u_dut|data_shift[63][0]        ;
+----------+----------+----+------+--------+----------------------+--------------------+--------------------------------+



Path #3: Setup slack is 8.886 
===============================================================================
+------------------------------------------------------------+
; Path Summary                                               ;
+---------------------------------+--------------------------+
; Property                        ; Value                    ;
+---------------------------------+--------------------------+
; From Node                       ; u_dut|valid_shift[63]    ;
; To Node                         ; u_dut|valid_shift[64]    ;
; Launch Clock                    ; iClk                     ;
; Latch Clock                     ; iClk                     ;
; SDC Exception                   ; No SDC Exception on Path ;
; Data Arrival Time               ; 2.868                    ;
; Data Required Time              ; 11.754                   ;
; Slack                           ; 8.886                    ;
; Worst-Case Operating Conditions ; Slow fix6 0C Model       ;
+---------------------------------+--------------------------+

+------------------------------------------------------------------------------------+
; Statistics                                                                         ;
+------------------------+--------+-------+-------------+------------+-------+-------+
; Property               ; Value  ; Count ; Total Delay ; % of Total ; Min   ; Max   ;
+------------------------+--------+-------+-------------+------------+-------+-------+
; Setup Relationship     ; 10.000 ;       ;             ;            ;       ;       ;
; Clock Skew             ; -0.073 ;       ;             ;            ;       ;       ;
; Data Delay             ; 0.984  ;       ;             ;            ;       ;       ;
; Number of Logic Levels ;        ; 0     ;             ;            ;       ;       ;
; Physical Delays        ;        ;       ;             ;            ;       ;       ;
;  Arrival Path          ;        ;       ;             ;            ;       ;       ;
;   Clock                ;        ;       ;             ;            ;       ;       ;
;    IC                  ;        ; 2     ; 1.698       ; 90         ; 0.128 ; 1.570 ;
;    Cell                ;        ; 2     ; 0.186       ; 10         ; 0.000 ; 0.186 ;
;   Data                 ;        ;       ;             ;            ;       ;       ;
;    IC                  ;        ; 1     ; 0.578       ; 59         ; 0.578 ; 0.578 ;
;    Cell                ;        ; 1     ; 0.000       ; 0          ; 0.000 ; 0.000 ;
;    uTco                ;        ; 1     ; 0.406       ; 41         ; 0.406 ; 0.406 ;
;  Required Path         ;        ;       ;             ;            ;       ;       ;
;   Clock                ;        ;       ;             ;            ;       ;       ;
;    IC                  ;        ; 2     ; 1.502       ; 91         ; 0.106 ; 1.396 ;
;    Cell                ;        ; 2     ; 0.150       ; 9          ; 0.000 ; 0.150 ;
+------------------------+--------+-------+-------------+------------+-------+-------+
Note: Negative delays are omitted from totals when calculating percentages

+---------------------------------------------------------------------------------------------------------------------+
; Data Arrival Path                                                                                                   ;
+---------+---------+----+------+--------+----------------------+--------------------+--------------------------------+
; Total   ; Incr    ; RF ; Type ; Fanout ; Location             ; Element Type       ; Element                        ;
+---------+---------+----+------+--------+----------------------+--------------------+--------------------------------+
; 0.000   ; 0.000   ;    ;      ;        ;                      ;                    ; launch edge time               ;
; 1.884   ; 1.884   ;    ;      ;        ;                      ;                    ; clock path                     ;
;   0.000 ;   0.000 ;    ;      ;        ;                      ;                    ; source latency                 ;
;   0.000 ;   0.000 ;    ;      ; 1      ; MLABCELL_X61_Y98_N15 ; Combinational cell ; iClk                           ;
;   0.128 ;   0.128 ; RR ; IC   ; 1      ; MLABCELL_X61_Y98_N24 ; Combinational cell ; iClk~FITTER_INSERTED_0|datae   ;
;   0.314 ;   0.186 ; RR ; CELL ; 1851   ; MLABCELL_X61_Y98_N24 ; Combinational cell ; iClk~FITTER_INSERTED_0|combout ;
;   1.884 ;   1.570 ; RR ; IC   ; 1      ; FF_X98_Y103_N19      ; ALM Register       ; u_dut|valid_shift[63]|clk      ;
;   1.884 ;   0.000 ; RR ; CELL ; 1      ; FF_X98_Y103_N19      ; ALM Register       ; u_dut|valid_shift[63]          ;
; 2.868   ; 0.984   ;    ;      ;        ;                      ;                    ; data path                      ;
;   2.290 ;   0.406 ; RR ; uTco ; 2      ; FF_X98_Y103_N19      ; ALM Register       ; u_dut|valid_shift[63]|q        ;
;   2.868 ;   0.578 ; RR ; IC   ; 1      ; FF_X98_Y101_N56      ; ALM Register       ; u_dut|valid_shift[64]|d        ;
;   2.868 ;   0.000 ; RR ; CELL ; 1      ; FF_X98_Y101_N56      ; ALM Register       ; u_dut|valid_shift[64]          ;
+---------+---------+----+------+--------+----------------------+--------------------+--------------------------------+

+----------------------------------------------------------------------------------------------------------------------+
; Data Required Path                                                                                                   ;
+----------+---------+----+------+--------+----------------------+--------------------+--------------------------------+
; Total    ; Incr    ; RF ; Type ; Fanout ; Location             ; Element Type       ; Element                        ;
+----------+---------+----+------+--------+----------------------+--------------------+--------------------------------+
; 10.000   ; 10.000  ;    ;      ;        ;                      ;                    ; latch edge time                ;
; 11.811   ; 1.811   ;    ;      ;        ;                      ;                    ; clock path                     ;
;   10.000 ;   0.000 ;    ;      ;        ;                      ;                    ; source latency                 ;
;   10.000 ;   0.000 ;    ;      ; 1      ; MLABCELL_X61_Y98_N15 ; Combinational cell ; iClk                           ;
;   10.106 ;   0.106 ; RR ; IC   ; 1      ; MLABCELL_X61_Y98_N24 ; Combinational cell ; iClk~FITTER_INSERTED_0|datae   ;
;   10.256 ;   0.150 ; RR ; CELL ; 1851   ; MLABCELL_X61_Y98_N24 ; Combinational cell ; iClk~FITTER_INSERTED_0|combout ;
;   11.652 ;   1.396 ; RR ; IC   ; 1      ; FF_X98_Y101_N56      ; ALM Register       ; u_dut|valid_shift[64]|clk      ;
;   11.652 ;   0.000 ; RR ; CELL ; 1      ; FF_X98_Y101_N56      ; ALM Register       ; u_dut|valid_shift[64]          ;
;   11.802 ;   0.150 ;    ;      ;        ;                      ;                    ; clock pessimism removed        ;
;   11.811 ;   0.009 ;    ;      ;        ;                      ;                    ; advanced clock effects         ;
; 11.754   ; -0.057  ;    ; uTsu ; 1      ; FF_X98_Y101_N56      ; ALM Register       ; u_dut|valid_shift[64]          ;
+----------+---------+----+------+--------+----------------------+--------------------+--------------------------------+



Path #4: Setup slack is 8.909 
===============================================================================
+---------------------------------------------------------------------+
; Path Summary                                                        ;
+---------------------------------+-----------------------------------+
; Property                        ; Value                             ;
+---------------------------------+-----------------------------------+
; From Node                       ; u_dut|data_shift[65][6]           ;
; To Node                         ; u_dut|data_shift[66][6]~DUPLICATE ;
; Launch Clock                    ; iClk                              ;
; Latch Clock                     ; iClk                              ;
; SDC Exception                   ; No SDC Exception on Path          ;
; Data Arrival Time               ; 2.784                             ;
; Data Required Time              ; 11.693                            ;
; Slack                           ; 8.909                             ;
; Worst-Case Operating Conditions ; Slow fix6 0C Model                ;
+---------------------------------+-----------------------------------+

+------------------------------------------------------------------------------------+
; Statistics                                                                         ;
+------------------------+--------+-------+-------------+------------+-------+-------+
; Property               ; Value  ; Count ; Total Delay ; % of Total ; Min   ; Max   ;
+------------------------+--------+-------+-------------+------------+-------+-------+
; Setup Relationship     ; 10.000 ;       ;             ;            ;       ;       ;
; Clock Skew             ; -0.137 ;       ;             ;            ;       ;       ;
; Data Delay             ; 0.903  ;       ;             ;            ;       ;       ;
; Number of Logic Levels ;        ; 0     ;             ;            ;       ;       ;
; Physical Delays        ;        ;       ;             ;            ;       ;       ;
;  Arrival Path          ;        ;       ;             ;            ;       ;       ;
;   Clock                ;        ;       ;             ;            ;       ;       ;
;    IC                  ;        ; 2     ; 1.695       ; 90         ; 0.128 ; 1.567 ;
;    Cell                ;        ; 2     ; 0.186       ; 10         ; 0.000 ; 0.186 ;
;   Data                 ;        ;       ;             ;            ;       ;       ;
;    IC                  ;        ; 1     ; 0.499       ; 55         ; 0.499 ; 0.499 ;
;    Cell                ;        ; 1     ; 0.000       ; 0          ; 0.000 ; 0.000 ;
;    uTco                ;        ; 1     ; 0.404       ; 45         ; 0.404 ; 0.404 ;
;  Required Path         ;        ;       ;             ;            ;       ;       ;
;   Clock                ;        ;       ;             ;            ;       ;       ;
;    IC                  ;        ; 2     ; 1.501       ; 91         ; 0.106 ; 1.395 ;
;    Cell                ;        ; 2     ; 0.150       ; 9          ; 0.000 ; 0.150 ;
+------------------------+--------+-------+-------------+------------+-------+-------+
Note: Negative delays are omitted from totals when calculating percentages

+--------------------------------------------------------------------------------------------------------------------------+
; Data Arrival Path                                                                                                        ;
+---------+---------+----+------+--------+----------------------+--------------------+-------------------------------------+
; Total   ; Incr    ; RF ; Type ; Fanout ; Location             ; Element Type       ; Element                             ;
+---------+---------+----+------+--------+----------------------+--------------------+-------------------------------------+
; 0.000   ; 0.000   ;    ;      ;        ;                      ;                    ; launch edge time                    ;
; 1.881   ; 1.881   ;    ;      ;        ;                      ;                    ; clock path                          ;
;   0.000 ;   0.000 ;    ;      ;        ;                      ;                    ; source latency                      ;
;   0.000 ;   0.000 ;    ;      ; 1      ; MLABCELL_X61_Y98_N15 ; Combinational cell ; iClk                                ;
;   0.128 ;   0.128 ; RR ; IC   ; 1      ; MLABCELL_X61_Y98_N24 ; Combinational cell ; iClk~FITTER_INSERTED_0|datae        ;
;   0.314 ;   0.186 ; RR ; CELL ; 1851   ; MLABCELL_X61_Y98_N24 ; Combinational cell ; iClk~FITTER_INSERTED_0|combout      ;
;   1.881 ;   1.567 ; RR ; IC   ; 1      ; FF_X99_Y98_N46       ; ALM Register       ; u_dut|data_shift[65][6]|clk         ;
;   1.881 ;   0.000 ; RR ; CELL ; 1      ; FF_X99_Y98_N46       ; ALM Register       ; u_dut|data_shift[65][6]             ;
; 2.784   ; 0.903   ;    ;      ;        ;                      ;                    ; data path                           ;
;   2.285 ;   0.404 ; RR ; uTco ; 3      ; FF_X99_Y98_N46       ; ALM Register       ; u_dut|data_shift[65][6]|q           ;
;   2.784 ;   0.499 ; RR ; IC   ; 1      ; FF_X99_Y102_N31      ; ALM Register       ; u_dut|data_shift[66][6]~DUPLICATE|d ;
;   2.784 ;   0.000 ; RR ; CELL ; 1      ; FF_X99_Y102_N31      ; ALM Register       ; u_dut|data_shift[66][6]~DUPLICATE   ;
+---------+---------+----+------+--------+----------------------+--------------------+-------------------------------------+

+------------------------------------------------------------------------------------------------------------------------------+
; Data Required Path                                                                                                           ;
+----------+----------+----+------+--------+----------------------+--------------------+---------------------------------------+
; Total    ; Incr     ; RF ; Type ; Fanout ; Location             ; Element Type       ; Element                               ;
+----------+----------+----+------+--------+----------------------+--------------------+---------------------------------------+
; 10.000   ; 10.000   ;    ;      ;        ;                      ;                    ; latch edge time                       ;
; 11.744   ; 1.744    ;    ;      ;        ;                      ;                    ; clock path                            ;
;   10.000 ;   0.000  ;    ;      ;        ;                      ;                    ; source latency                        ;
;   10.000 ;   0.000  ;    ;      ; 1      ; MLABCELL_X61_Y98_N15 ; Combinational cell ; iClk                                  ;
;   10.106 ;   0.106  ; RR ; IC   ; 1      ; MLABCELL_X61_Y98_N24 ; Combinational cell ; iClk~FITTER_INSERTED_0|datae          ;
;   10.256 ;   0.150  ; RR ; CELL ; 1851   ; MLABCELL_X61_Y98_N24 ; Combinational cell ; iClk~FITTER_INSERTED_0|combout        ;
;   11.651 ;   1.395  ; RR ; IC   ; 1      ; FF_X99_Y102_N31      ; ALM Register       ; u_dut|data_shift[66][6]~DUPLICATE|clk ;
;   11.651 ;   0.000  ; RR ; CELL ; 1      ; FF_X99_Y102_N31      ; ALM Register       ; u_dut|data_shift[66][6]~DUPLICATE     ;
;   11.751 ;   0.100  ;    ;      ;        ;                      ;                    ; clock pessimism removed               ;
;   11.744 ;   -0.007 ;    ;      ;        ;                      ;                    ; advanced clock effects                ;
; 11.693   ; -0.051   ;    ; uTsu ; 1      ; FF_X99_Y102_N31      ; ALM Register       ; u_dut|data_shift[66][6]~DUPLICATE     ;
+----------+----------+----+------+--------+----------------------+--------------------+---------------------------------------+



Path #5: Setup slack is 8.909 
===============================================================================
+------------------------------------------------------------+
; Path Summary                                               ;
+---------------------------------+--------------------------+
; Property                        ; Value                    ;
+---------------------------------+--------------------------+
; From Node                       ; u_dut|data_shift[65][6]  ;
; To Node                         ; u_dut|data_shift[66][6]  ;
; Launch Clock                    ; iClk                     ;
; Latch Clock                     ; iClk                     ;
; SDC Exception                   ; No SDC Exception on Path ;
; Data Arrival Time               ; 2.784                    ;
; Data Required Time              ; 11.693                   ;
; Slack                           ; 8.909                    ;
; Worst-Case Operating Conditions ; Slow fix6 0C Model       ;
+---------------------------------+--------------------------+

+------------------------------------------------------------------------------------+
; Statistics                                                                         ;
+------------------------+--------+-------+-------------+------------+-------+-------+
; Property               ; Value  ; Count ; Total Delay ; % of Total ; Min   ; Max   ;
+------------------------+--------+-------+-------------+------------+-------+-------+
; Setup Relationship     ; 10.000 ;       ;             ;            ;       ;       ;
; Clock Skew             ; -0.137 ;       ;             ;            ;       ;       ;
; Data Delay             ; 0.903  ;       ;             ;            ;       ;       ;
; Number of Logic Levels ;        ; 0     ;             ;            ;       ;       ;
; Physical Delays        ;        ;       ;             ;            ;       ;       ;
;  Arrival Path          ;        ;       ;             ;            ;       ;       ;
;   Clock                ;        ;       ;             ;            ;       ;       ;
;    IC                  ;        ; 2     ; 1.695       ; 90         ; 0.128 ; 1.567 ;
;    Cell                ;        ; 2     ; 0.186       ; 10         ; 0.000 ; 0.186 ;
;   Data                 ;        ;       ;             ;            ;       ;       ;
;    IC                  ;        ; 1     ; 0.499       ; 55         ; 0.499 ; 0.499 ;
;    Cell                ;        ; 1     ; 0.000       ; 0          ; 0.000 ; 0.000 ;
;    uTco                ;        ; 1     ; 0.404       ; 45         ; 0.404 ; 0.404 ;
;  Required Path         ;        ;       ;             ;            ;       ;       ;
;   Clock                ;        ;       ;             ;            ;       ;       ;
;    IC                  ;        ; 2     ; 1.501       ; 91         ; 0.106 ; 1.395 ;
;    Cell                ;        ; 2     ; 0.150       ; 9          ; 0.000 ; 0.150 ;
+------------------------+--------+-------+-------------+------------+-------+-------+
Note: Negative delays are omitted from totals when calculating percentages

+---------------------------------------------------------------------------------------------------------------------+
; Data Arrival Path                                                                                                   ;
+---------+---------+----+------+--------+----------------------+--------------------+--------------------------------+
; Total   ; Incr    ; RF ; Type ; Fanout ; Location             ; Element Type       ; Element                        ;
+---------+---------+----+------+--------+----------------------+--------------------+--------------------------------+
; 0.000   ; 0.000   ;    ;      ;        ;                      ;                    ; launch edge time               ;
; 1.881   ; 1.881   ;    ;      ;        ;                      ;                    ; clock path                     ;
;   0.000 ;   0.000 ;    ;      ;        ;                      ;                    ; source latency                 ;
;   0.000 ;   0.000 ;    ;      ; 1      ; MLABCELL_X61_Y98_N15 ; Combinational cell ; iClk                           ;
;   0.128 ;   0.128 ; RR ; IC   ; 1      ; MLABCELL_X61_Y98_N24 ; Combinational cell ; iClk~FITTER_INSERTED_0|datae   ;
;   0.314 ;   0.186 ; RR ; CELL ; 1851   ; MLABCELL_X61_Y98_N24 ; Combinational cell ; iClk~FITTER_INSERTED_0|combout ;
;   1.881 ;   1.567 ; RR ; IC   ; 1      ; FF_X99_Y98_N46       ; ALM Register       ; u_dut|data_shift[65][6]|clk    ;
;   1.881 ;   0.000 ; RR ; CELL ; 1      ; FF_X99_Y98_N46       ; ALM Register       ; u_dut|data_shift[65][6]        ;
; 2.784   ; 0.903   ;    ;      ;        ;                      ;                    ; data path                      ;
;   2.285 ;   0.404 ; RR ; uTco ; 3      ; FF_X99_Y98_N46       ; ALM Register       ; u_dut|data_shift[65][6]|q      ;
;   2.784 ;   0.499 ; RR ; IC   ; 1      ; FF_X99_Y102_N32      ; ALM Register       ; u_dut|data_shift[66][6]|d      ;
;   2.784 ;   0.000 ; RR ; CELL ; 1      ; FF_X99_Y102_N32      ; ALM Register       ; u_dut|data_shift[66][6]        ;
+---------+---------+----+------+--------+----------------------+--------------------+--------------------------------+

+-----------------------------------------------------------------------------------------------------------------------+
; Data Required Path                                                                                                    ;
+----------+----------+----+------+--------+----------------------+--------------------+--------------------------------+
; Total    ; Incr     ; RF ; Type ; Fanout ; Location             ; Element Type       ; Element                        ;
+----------+----------+----+------+--------+----------------------+--------------------+--------------------------------+
; 10.000   ; 10.000   ;    ;      ;        ;                      ;                    ; latch edge time                ;
; 11.744   ; 1.744    ;    ;      ;        ;                      ;                    ; clock path                     ;
;   10.000 ;   0.000  ;    ;      ;        ;                      ;                    ; source latency                 ;
;   10.000 ;   0.000  ;    ;      ; 1      ; MLABCELL_X61_Y98_N15 ; Combinational cell ; iClk                           ;
;   10.106 ;   0.106  ; RR ; IC   ; 1      ; MLABCELL_X61_Y98_N24 ; Combinational cell ; iClk~FITTER_INSERTED_0|datae   ;
;   10.256 ;   0.150  ; RR ; CELL ; 1851   ; MLABCELL_X61_Y98_N24 ; Combinational cell ; iClk~FITTER_INSERTED_0|combout ;
;   11.651 ;   1.395  ; RR ; IC   ; 1      ; FF_X99_Y102_N32      ; ALM Register       ; u_dut|data_shift[66][6]|clk    ;
;   11.651 ;   0.000  ; RR ; CELL ; 1      ; FF_X99_Y102_N32      ; ALM Register       ; u_dut|data_shift[66][6]        ;
;   11.751 ;   0.100  ;    ;      ;        ;                      ;                    ; clock pessimism removed        ;
;   11.744 ;   -0.007 ;    ;      ;        ;                      ;                    ; advanced clock effects         ;
; 11.693   ; -0.051   ;    ; uTsu ; 1      ; FF_X99_Y102_N32      ; ALM Register       ; u_dut|data_shift[66][6]        ;
+----------+----------+----+------+--------+----------------------+--------------------+--------------------------------+



Path #6: Setup slack is 8.913 
===============================================================================
+------------------------------------------------------------+
; Path Summary                                               ;
+---------------------------------+--------------------------+
; Property                        ; Value                    ;
+---------------------------------+--------------------------+
; From Node                       ; u_dut|data_shift[15][0]  ;
; To Node                         ; u_dut|data_shift[16][0]  ;
; Launch Clock                    ; iClk                     ;
; Latch Clock                     ; iClk                     ;
; SDC Exception                   ; No SDC Exception on Path ;
; Data Arrival Time               ; 2.881                    ;
; Data Required Time              ; 11.794                   ;
; Slack                           ; 8.913                    ;
; Worst-Case Operating Conditions ; Slow fix6 0C Model       ;
+---------------------------------+--------------------------+

+------------------------------------------------------------------------------------+
; Statistics                                                                         ;
+------------------------+--------+-------+-------------+------------+-------+-------+
; Property               ; Value  ; Count ; Total Delay ; % of Total ; Min   ; Max   ;
+------------------------+--------+-------+-------------+------------+-------+-------+
; Setup Relationship     ; 10.000 ;       ;             ;            ;       ;       ;
; Clock Skew             ; -0.073 ;       ;             ;            ;       ;       ;
; Data Delay             ; 1.009  ;       ;             ;            ;       ;       ;
; Number of Logic Levels ;        ; 0     ;             ;            ;       ;       ;
; Physical Delays        ;        ;       ;             ;            ;       ;       ;
;  Arrival Path          ;        ;       ;             ;            ;       ;       ;
;   Clock                ;        ;       ;             ;            ;       ;       ;
;    IC                  ;        ; 2     ; 1.686       ; 90         ; 0.128 ; 1.558 ;
;    Cell                ;        ; 2     ; 0.186       ; 10         ; 0.000 ; 0.186 ;
;   Data                 ;        ;       ;             ;            ;       ;       ;
;    IC                  ;        ; 1     ; 0.590       ; 58         ; 0.590 ; 0.590 ;
;    Cell                ;        ; 1     ; 0.000       ; 0          ; 0.000 ; 0.000 ;
;    uTco                ;        ; 1     ; 0.419       ; 42         ; 0.419 ; 0.419 ;
;  Required Path         ;        ;       ;             ;            ;       ;       ;
;   Clock                ;        ;       ;             ;            ;       ;       ;
;    IC                  ;        ; 2     ; 1.490       ; 91         ; 0.106 ; 1.384 ;
;    Cell                ;        ; 2     ; 0.150       ; 9          ; 0.000 ; 0.150 ;
+------------------------+--------+-------+-------------+------------+-------+-------+
Note: Negative delays are omitted from totals when calculating percentages

+---------------------------------------------------------------------------------------------------------------------+
; Data Arrival Path                                                                                                   ;
+---------+---------+----+------+--------+----------------------+--------------------+--------------------------------+
; Total   ; Incr    ; RF ; Type ; Fanout ; Location             ; Element Type       ; Element                        ;
+---------+---------+----+------+--------+----------------------+--------------------+--------------------------------+
; 0.000   ; 0.000   ;    ;      ;        ;                      ;                    ; launch edge time               ;
; 1.872   ; 1.872   ;    ;      ;        ;                      ;                    ; clock path                     ;
;   0.000 ;   0.000 ;    ;      ;        ;                      ;                    ; source latency                 ;
;   0.000 ;   0.000 ;    ;      ; 1      ; MLABCELL_X61_Y98_N15 ; Combinational cell ; iClk                           ;
;   0.128 ;   0.128 ; RR ; IC   ; 1      ; MLABCELL_X61_Y98_N24 ; Combinational cell ; iClk~FITTER_INSERTED_0|datae   ;
;   0.314 ;   0.186 ; RR ; CELL ; 1851   ; MLABCELL_X61_Y98_N24 ; Combinational cell ; iClk~FITTER_INSERTED_0|combout ;
;   1.872 ;   1.558 ; RR ; IC   ; 1      ; FF_X96_Y104_N8       ; ALM Register       ; u_dut|data_shift[15][0]|clk    ;
;   1.872 ;   0.000 ; RR ; CELL ; 1      ; FF_X96_Y104_N8       ; ALM Register       ; u_dut|data_shift[15][0]        ;
; 2.881   ; 1.009   ;    ;      ;        ;                      ;                    ; data path                      ;
;   2.291 ;   0.419 ; RR ; uTco ; 2      ; FF_X96_Y104_N8       ; ALM Register       ; u_dut|data_shift[15][0]|q      ;
;   2.881 ;   0.590 ; RR ; IC   ; 1      ; FF_X96_Y102_N56      ; ALM Register       ; u_dut|data_shift[16][0]|d      ;
;   2.881 ;   0.000 ; RR ; CELL ; 1      ; FF_X96_Y102_N56      ; ALM Register       ; u_dut|data_shift[16][0]        ;
+---------+---------+----+------+--------+----------------------+--------------------+--------------------------------+

+----------------------------------------------------------------------------------------------------------------------+
; Data Required Path                                                                                                   ;
+----------+---------+----+------+--------+----------------------+--------------------+--------------------------------+
; Total    ; Incr    ; RF ; Type ; Fanout ; Location             ; Element Type       ; Element                        ;
+----------+---------+----+------+--------+----------------------+--------------------+--------------------------------+
; 10.000   ; 10.000  ;    ;      ;        ;                      ;                    ; latch edge time                ;
; 11.799   ; 1.799   ;    ;      ;        ;                      ;                    ; clock path                     ;
;   10.000 ;   0.000 ;    ;      ;        ;                      ;                    ; source latency                 ;
;   10.000 ;   0.000 ;    ;      ; 1      ; MLABCELL_X61_Y98_N15 ; Combinational cell ; iClk                           ;
;   10.106 ;   0.106 ; RR ; IC   ; 1      ; MLABCELL_X61_Y98_N24 ; Combinational cell ; iClk~FITTER_INSERTED_0|datae   ;
;   10.256 ;   0.150 ; RR ; CELL ; 1851   ; MLABCELL_X61_Y98_N24 ; Combinational cell ; iClk~FITTER_INSERTED_0|combout ;
;   11.640 ;   1.384 ; RR ; IC   ; 1      ; FF_X96_Y102_N56      ; ALM Register       ; u_dut|data_shift[16][0]|clk    ;
;   11.640 ;   0.000 ; RR ; CELL ; 1      ; FF_X96_Y102_N56      ; ALM Register       ; u_dut|data_shift[16][0]        ;
;   11.790 ;   0.150 ;    ;      ;        ;                      ;                    ; clock pessimism removed        ;
;   11.799 ;   0.009 ;    ;      ;        ;                      ;                    ; advanced clock effects         ;
; 11.794   ; -0.005  ;    ; uTsu ; 1      ; FF_X96_Y102_N56      ; ALM Register       ; u_dut|data_shift[16][0]        ;
+----------+---------+----+------+--------+----------------------+--------------------+--------------------------------+



Path #7: Setup slack is 8.936 
===============================================================================
+------------------------------------------------------------+
; Path Summary                                               ;
+---------------------------------+--------------------------+
; Property                        ; Value                    ;
+---------------------------------+--------------------------+
; From Node                       ; u_dut|data_shift[16][10] ;
; To Node                         ; u_dut|data_shift[17][10] ;
; Launch Clock                    ; iClk                     ;
; Latch Clock                     ; iClk                     ;
; SDC Exception                   ; No SDC Exception on Path ;
; Data Arrival Time               ; 2.880                    ;
; Data Required Time              ; 11.816                   ;
; Slack                           ; 8.936                    ;
; Worst-Case Operating Conditions ; Slow fix6 0C Model       ;
+---------------------------------+--------------------------+

+------------------------------------------------------------------------------------+
; Statistics                                                                         ;
+------------------------+--------+-------+-------------+------------+-------+-------+
; Property               ; Value  ; Count ; Total Delay ; % of Total ; Min   ; Max   ;
+------------------------+--------+-------+-------------+------------+-------+-------+
; Setup Relationship     ; 10.000 ;       ;             ;            ;       ;       ;
; Clock Skew             ; -0.074 ;       ;             ;            ;       ;       ;
; Data Delay             ; 0.987  ;       ;             ;            ;       ;       ;
; Number of Logic Levels ;        ; 0     ;             ;            ;       ;       ;
; Physical Delays        ;        ;       ;             ;            ;       ;       ;
;  Arrival Path          ;        ;       ;             ;            ;       ;       ;
;   Clock                ;        ;       ;             ;            ;       ;       ;
;    IC                  ;        ; 2     ; 1.707       ; 90         ; 0.128 ; 1.579 ;
;    Cell                ;        ; 2     ; 0.186       ; 10         ; 0.000 ; 0.186 ;
;   Data                 ;        ;       ;             ;            ;       ;       ;
;    IC                  ;        ; 1     ; 0.566       ; 57         ; 0.566 ; 0.566 ;
;    Cell                ;        ; 1     ; 0.000       ; 0          ; 0.000 ; 0.000 ;
;    uTco                ;        ; 1     ; 0.421       ; 43         ; 0.421 ; 0.421 ;
;  Required Path         ;        ;       ;             ;            ;       ;       ;
;   Clock                ;        ;       ;             ;            ;       ;       ;
;    IC                  ;        ; 2     ; 1.510       ; 91         ; 0.106 ; 1.404 ;
;    Cell                ;        ; 2     ; 0.150       ; 9          ; 0.000 ; 0.150 ;
+------------------------+--------+-------+-------------+------------+-------+-------+
Note: Negative delays are omitted from totals when calculating percentages

+---------------------------------------------------------------------------------------------------------------------+
; Data Arrival Path                                                                                                   ;
+---------+---------+----+------+--------+----------------------+--------------------+--------------------------------+
; Total   ; Incr    ; RF ; Type ; Fanout ; Location             ; Element Type       ; Element                        ;
+---------+---------+----+------+--------+----------------------+--------------------+--------------------------------+
; 0.000   ; 0.000   ;    ;      ;        ;                      ;                    ; launch edge time               ;
; 1.893   ; 1.893   ;    ;      ;        ;                      ;                    ; clock path                     ;
;   0.000 ;   0.000 ;    ;      ;        ;                      ;                    ; source latency                 ;
;   0.000 ;   0.000 ;    ;      ; 1      ; MLABCELL_X61_Y98_N15 ; Combinational cell ; iClk                           ;
;   0.128 ;   0.128 ; RR ; IC   ; 1      ; MLABCELL_X61_Y98_N24 ; Combinational cell ; iClk~FITTER_INSERTED_0|datae   ;
;   0.314 ;   0.186 ; RR ; CELL ; 1851   ; MLABCELL_X61_Y98_N24 ; Combinational cell ; iClk~FITTER_INSERTED_0|combout ;
;   1.893 ;   1.579 ; RR ; IC   ; 1      ; FF_X105_Y103_N11     ; ALM Register       ; u_dut|data_shift[16][10]|clk   ;
;   1.893 ;   0.000 ; RR ; CELL ; 1      ; FF_X105_Y103_N11     ; ALM Register       ; u_dut|data_shift[16][10]       ;
; 2.880   ; 0.987   ;    ;      ;        ;                      ;                    ; data path                      ;
;   2.314 ;   0.421 ; RR ; uTco ; 2      ; FF_X105_Y103_N11     ; ALM Register       ; u_dut|data_shift[16][10]|q     ;
;   2.880 ;   0.566 ; RR ; IC   ; 1      ; FF_X105_Y101_N26     ; ALM Register       ; u_dut|data_shift[17][10]|d     ;
;   2.880 ;   0.000 ; RR ; CELL ; 1      ; FF_X105_Y101_N26     ; ALM Register       ; u_dut|data_shift[17][10]       ;
+---------+---------+----+------+--------+----------------------+--------------------+--------------------------------+

+----------------------------------------------------------------------------------------------------------------------+
; Data Required Path                                                                                                   ;
+----------+---------+----+------+--------+----------------------+--------------------+--------------------------------+
; Total    ; Incr    ; RF ; Type ; Fanout ; Location             ; Element Type       ; Element                        ;
+----------+---------+----+------+--------+----------------------+--------------------+--------------------------------+
; 10.000   ; 10.000  ;    ;      ;        ;                      ;                    ; latch edge time                ;
; 11.819   ; 1.819   ;    ;      ;        ;                      ;                    ; clock path                     ;
;   10.000 ;   0.000 ;    ;      ;        ;                      ;                    ; source latency                 ;
;   10.000 ;   0.000 ;    ;      ; 1      ; MLABCELL_X61_Y98_N15 ; Combinational cell ; iClk                           ;
;   10.106 ;   0.106 ; RR ; IC   ; 1      ; MLABCELL_X61_Y98_N24 ; Combinational cell ; iClk~FITTER_INSERTED_0|datae   ;
;   10.256 ;   0.150 ; RR ; CELL ; 1851   ; MLABCELL_X61_Y98_N24 ; Combinational cell ; iClk~FITTER_INSERTED_0|combout ;
;   11.660 ;   1.404 ; RR ; IC   ; 1      ; FF_X105_Y101_N26     ; ALM Register       ; u_dut|data_shift[17][10]|clk   ;
;   11.660 ;   0.000 ; RR ; CELL ; 1      ; FF_X105_Y101_N26     ; ALM Register       ; u_dut|data_shift[17][10]       ;
;   11.810 ;   0.150 ;    ;      ;        ;                      ;                    ; clock pessimism removed        ;
;   11.819 ;   0.009 ;    ;      ;        ;                      ;                    ; advanced clock effects         ;
; 11.816   ; -0.003  ;    ; uTsu ; 1      ; FF_X105_Y101_N26     ; ALM Register       ; u_dut|data_shift[17][10]       ;
+----------+---------+----+------+--------+----------------------+--------------------+--------------------------------+



Path #8: Setup slack is 8.945 
===============================================================================
+---------------------------------------------------------------------+
; Path Summary                                                        ;
+---------------------------------+-----------------------------------+
; Property                        ; Value                             ;
+---------------------------------+-----------------------------------+
; From Node                       ; u_dut|data_shift[97][8]           ;
; To Node                         ; u_dut|data_shift[98][8]~DUPLICATE ;
; Launch Clock                    ; iClk                              ;
; Latch Clock                     ; iClk                              ;
; SDC Exception                   ; No SDC Exception on Path          ;
; Data Arrival Time               ; 2.743                             ;
; Data Required Time              ; 11.688                            ;
; Slack                           ; 8.945                             ;
; Worst-Case Operating Conditions ; Slow fix6 0C Model                ;
+---------------------------------+-----------------------------------+

+------------------------------------------------------------------------------------+
; Statistics                                                                         ;
+------------------------+--------+-------+-------------+------------+-------+-------+
; Property               ; Value  ; Count ; Total Delay ; % of Total ; Min   ; Max   ;
+------------------------+--------+-------+-------------+------------+-------+-------+
; Setup Relationship     ; 10.000 ;       ;             ;            ;       ;       ;
; Clock Skew             ; -0.144 ;       ;             ;            ;       ;       ;
; Data Delay             ; 0.849  ;       ;             ;            ;       ;       ;
; Number of Logic Levels ;        ; 0     ;             ;            ;       ;       ;
; Physical Delays        ;        ;       ;             ;            ;       ;       ;
;  Arrival Path          ;        ;       ;             ;            ;       ;       ;
;   Clock                ;        ;       ;             ;            ;       ;       ;
;    IC                  ;        ; 2     ; 1.708       ; 90         ; 0.128 ; 1.580 ;
;    Cell                ;        ; 2     ; 0.186       ; 10         ; 0.000 ; 0.186 ;
;   Data                 ;        ;       ;             ;            ;       ;       ;
;    IC                  ;        ; 1     ; 0.424       ; 50         ; 0.424 ; 0.424 ;
;    Cell                ;        ; 1     ; 0.000       ; 0          ; 0.000 ; 0.000 ;
;    uTco                ;        ; 1     ; 0.425       ; 50         ; 0.425 ; 0.425 ;
;  Required Path         ;        ;       ;             ;            ;       ;       ;
;   Clock                ;        ;       ;             ;            ;       ;       ;
;    IC                  ;        ; 2     ; 1.507       ; 91         ; 0.106 ; 1.401 ;
;    Cell                ;        ; 2     ; 0.150       ; 9          ; 0.000 ; 0.150 ;
+------------------------+--------+-------+-------------+------------+-------+-------+
Note: Negative delays are omitted from totals when calculating percentages

+--------------------------------------------------------------------------------------------------------------------------+
; Data Arrival Path                                                                                                        ;
+---------+---------+----+------+--------+----------------------+--------------------+-------------------------------------+
; Total   ; Incr    ; RF ; Type ; Fanout ; Location             ; Element Type       ; Element                             ;
+---------+---------+----+------+--------+----------------------+--------------------+-------------------------------------+
; 0.000   ; 0.000   ;    ;      ;        ;                      ;                    ; launch edge time                    ;
; 1.894   ; 1.894   ;    ;      ;        ;                      ;                    ; clock path                          ;
;   0.000 ;   0.000 ;    ;      ;        ;                      ;                    ; source latency                      ;
;   0.000 ;   0.000 ;    ;      ; 1      ; MLABCELL_X61_Y98_N15 ; Combinational cell ; iClk                                ;
;   0.128 ;   0.128 ; RR ; IC   ; 1      ; MLABCELL_X61_Y98_N24 ; Combinational cell ; iClk~FITTER_INSERTED_0|datae        ;
;   0.314 ;   0.186 ; RR ; CELL ; 1851   ; MLABCELL_X61_Y98_N24 ; Combinational cell ; iClk~FITTER_INSERTED_0|combout      ;
;   1.894 ;   1.580 ; RR ; IC   ; 1      ; FF_X104_Y102_N53     ; ALM Register       ; u_dut|data_shift[97][8]|clk         ;
;   1.894 ;   0.000 ; RR ; CELL ; 1      ; FF_X104_Y102_N53     ; ALM Register       ; u_dut|data_shift[97][8]             ;
; 2.743   ; 0.849   ;    ;      ;        ;                      ;                    ; data path                           ;
;   2.319 ;   0.425 ; RR ; uTco ; 3      ; FF_X104_Y102_N53     ; ALM Register       ; u_dut|data_shift[97][8]|q           ;
;   2.743 ;   0.424 ; RR ; IC   ; 1      ; FF_X104_Y98_N4       ; ALM Register       ; u_dut|data_shift[98][8]~DUPLICATE|d ;
;   2.743 ;   0.000 ; RR ; CELL ; 1      ; FF_X104_Y98_N4       ; ALM Register       ; u_dut|data_shift[98][8]~DUPLICATE   ;
+---------+---------+----+------+--------+----------------------+--------------------+-------------------------------------+

+------------------------------------------------------------------------------------------------------------------------------+
; Data Required Path                                                                                                           ;
+----------+----------+----+------+--------+----------------------+--------------------+---------------------------------------+
; Total    ; Incr     ; RF ; Type ; Fanout ; Location             ; Element Type       ; Element                               ;
+----------+----------+----+------+--------+----------------------+--------------------+---------------------------------------+
; 10.000   ; 10.000   ;    ;      ;        ;                      ;                    ; latch edge time                       ;
; 11.750   ; 1.750    ;    ;      ;        ;                      ;                    ; clock path                            ;
;   10.000 ;   0.000  ;    ;      ;        ;                      ;                    ; source latency                        ;
;   10.000 ;   0.000  ;    ;      ; 1      ; MLABCELL_X61_Y98_N15 ; Combinational cell ; iClk                                  ;
;   10.106 ;   0.106  ; RR ; IC   ; 1      ; MLABCELL_X61_Y98_N24 ; Combinational cell ; iClk~FITTER_INSERTED_0|datae          ;
;   10.256 ;   0.150  ; RR ; CELL ; 1851   ; MLABCELL_X61_Y98_N24 ; Combinational cell ; iClk~FITTER_INSERTED_0|combout        ;
;   11.657 ;   1.401  ; RR ; IC   ; 1      ; FF_X104_Y98_N4       ; ALM Register       ; u_dut|data_shift[98][8]~DUPLICATE|clk ;
;   11.657 ;   0.000  ; RR ; CELL ; 1      ; FF_X104_Y98_N4       ; ALM Register       ; u_dut|data_shift[98][8]~DUPLICATE     ;
;   11.757 ;   0.100  ;    ;      ;        ;                      ;                    ; clock pessimism removed               ;
;   11.750 ;   -0.007 ;    ;      ;        ;                      ;                    ; advanced clock effects                ;
; 11.688   ; -0.062   ;    ; uTsu ; 1      ; FF_X104_Y98_N4       ; ALM Register       ; u_dut|data_shift[98][8]~DUPLICATE     ;
+----------+----------+----+------+--------+----------------------+--------------------+---------------------------------------+



Path #9: Setup slack is 8.945 
===============================================================================
+------------------------------------------------------------+
; Path Summary                                               ;
+---------------------------------+--------------------------+
; Property                        ; Value                    ;
+---------------------------------+--------------------------+
; From Node                       ; u_dut|data_shift[97][8]  ;
; To Node                         ; u_dut|data_shift[98][8]  ;
; Launch Clock                    ; iClk                     ;
; Latch Clock                     ; iClk                     ;
; SDC Exception                   ; No SDC Exception on Path ;
; Data Arrival Time               ; 2.743                    ;
; Data Required Time              ; 11.688                   ;
; Slack                           ; 8.945                    ;
; Worst-Case Operating Conditions ; Slow fix6 0C Model       ;
+---------------------------------+--------------------------+

+------------------------------------------------------------------------------------+
; Statistics                                                                         ;
+------------------------+--------+-------+-------------+------------+-------+-------+
; Property               ; Value  ; Count ; Total Delay ; % of Total ; Min   ; Max   ;
+------------------------+--------+-------+-------------+------------+-------+-------+
; Setup Relationship     ; 10.000 ;       ;             ;            ;       ;       ;
; Clock Skew             ; -0.144 ;       ;             ;            ;       ;       ;
; Data Delay             ; 0.849  ;       ;             ;            ;       ;       ;
; Number of Logic Levels ;        ; 0     ;             ;            ;       ;       ;
; Physical Delays        ;        ;       ;             ;            ;       ;       ;
;  Arrival Path          ;        ;       ;             ;            ;       ;       ;
;   Clock                ;        ;       ;             ;            ;       ;       ;
;    IC                  ;        ; 2     ; 1.708       ; 90         ; 0.128 ; 1.580 ;
;    Cell                ;        ; 2     ; 0.186       ; 10         ; 0.000 ; 0.186 ;
;   Data                 ;        ;       ;             ;            ;       ;       ;
;    IC                  ;        ; 1     ; 0.424       ; 50         ; 0.424 ; 0.424 ;
;    Cell                ;        ; 1     ; 0.000       ; 0          ; 0.000 ; 0.000 ;
;    uTco                ;        ; 1     ; 0.425       ; 50         ; 0.425 ; 0.425 ;
;  Required Path         ;        ;       ;             ;            ;       ;       ;
;   Clock                ;        ;       ;             ;            ;       ;       ;
;    IC                  ;        ; 2     ; 1.507       ; 91         ; 0.106 ; 1.401 ;
;    Cell                ;        ; 2     ; 0.150       ; 9          ; 0.000 ; 0.150 ;
+------------------------+--------+-------+-------------+------------+-------+-------+
Note: Negative delays are omitted from totals when calculating percentages

+---------------------------------------------------------------------------------------------------------------------+
; Data Arrival Path                                                                                                   ;
+---------+---------+----+------+--------+----------------------+--------------------+--------------------------------+
; Total   ; Incr    ; RF ; Type ; Fanout ; Location             ; Element Type       ; Element                        ;
+---------+---------+----+------+--------+----------------------+--------------------+--------------------------------+
; 0.000   ; 0.000   ;    ;      ;        ;                      ;                    ; launch edge time               ;
; 1.894   ; 1.894   ;    ;      ;        ;                      ;                    ; clock path                     ;
;   0.000 ;   0.000 ;    ;      ;        ;                      ;                    ; source latency                 ;
;   0.000 ;   0.000 ;    ;      ; 1      ; MLABCELL_X61_Y98_N15 ; Combinational cell ; iClk                           ;
;   0.128 ;   0.128 ; RR ; IC   ; 1      ; MLABCELL_X61_Y98_N24 ; Combinational cell ; iClk~FITTER_INSERTED_0|datae   ;
;   0.314 ;   0.186 ; RR ; CELL ; 1851   ; MLABCELL_X61_Y98_N24 ; Combinational cell ; iClk~FITTER_INSERTED_0|combout ;
;   1.894 ;   1.580 ; RR ; IC   ; 1      ; FF_X104_Y102_N53     ; ALM Register       ; u_dut|data_shift[97][8]|clk    ;
;   1.894 ;   0.000 ; RR ; CELL ; 1      ; FF_X104_Y102_N53     ; ALM Register       ; u_dut|data_shift[97][8]        ;
; 2.743   ; 0.849   ;    ;      ;        ;                      ;                    ; data path                      ;
;   2.319 ;   0.425 ; RR ; uTco ; 3      ; FF_X104_Y102_N53     ; ALM Register       ; u_dut|data_shift[97][8]|q      ;
;   2.743 ;   0.424 ; RR ; IC   ; 1      ; FF_X104_Y98_N5       ; ALM Register       ; u_dut|data_shift[98][8]|d      ;
;   2.743 ;   0.000 ; RR ; CELL ; 1      ; FF_X104_Y98_N5       ; ALM Register       ; u_dut|data_shift[98][8]        ;
+---------+---------+----+------+--------+----------------------+--------------------+--------------------------------+

+-----------------------------------------------------------------------------------------------------------------------+
; Data Required Path                                                                                                    ;
+----------+----------+----+------+--------+----------------------+--------------------+--------------------------------+
; Total    ; Incr     ; RF ; Type ; Fanout ; Location             ; Element Type       ; Element                        ;
+----------+----------+----+------+--------+----------------------+--------------------+--------------------------------+
; 10.000   ; 10.000   ;    ;      ;        ;                      ;                    ; latch edge time                ;
; 11.750   ; 1.750    ;    ;      ;        ;                      ;                    ; clock path                     ;
;   10.000 ;   0.000  ;    ;      ;        ;                      ;                    ; source latency                 ;
;   10.000 ;   0.000  ;    ;      ; 1      ; MLABCELL_X61_Y98_N15 ; Combinational cell ; iClk                           ;
;   10.106 ;   0.106  ; RR ; IC   ; 1      ; MLABCELL_X61_Y98_N24 ; Combinational cell ; iClk~FITTER_INSERTED_0|datae   ;
;   10.256 ;   0.150  ; RR ; CELL ; 1851   ; MLABCELL_X61_Y98_N24 ; Combinational cell ; iClk~FITTER_INSERTED_0|combout ;
;   11.657 ;   1.401  ; RR ; IC   ; 1      ; FF_X104_Y98_N5       ; ALM Register       ; u_dut|data_shift[98][8]|clk    ;
;   11.657 ;   0.000  ; RR ; CELL ; 1      ; FF_X104_Y98_N5       ; ALM Register       ; u_dut|data_shift[98][8]        ;
;   11.757 ;   0.100  ;    ;      ;        ;                      ;                    ; clock pessimism removed        ;
;   11.750 ;   -0.007 ;    ;      ;        ;                      ;                    ; advanced clock effects         ;
; 11.688   ; -0.062   ;    ; uTsu ; 1      ; FF_X104_Y98_N5       ; ALM Register       ; u_dut|data_shift[98][8]        ;
+----------+----------+----+------+--------+----------------------+--------------------+--------------------------------+



Path #10: Setup slack is 8.952 
===============================================================================
+------------------------------------------------------------+
; Path Summary                                               ;
+---------------------------------+--------------------------+
; Property                        ; Value                    ;
+---------------------------------+--------------------------+
; From Node                       ; u_dut|data_shift[92][4]  ;
; To Node                         ; u_dut|data_shift[93][4]  ;
; Launch Clock                    ; iClk                     ;
; Latch Clock                     ; iClk                     ;
; SDC Exception                   ; No SDC Exception on Path ;
; Data Arrival Time               ; 2.785                    ;
; Data Required Time              ; 11.737                   ;
; Slack                           ; 8.952                    ;
; Worst-Case Operating Conditions ; Slow fix6 0C Model       ;
+---------------------------------+--------------------------+

+------------------------------------------------------------------------------------+
; Statistics                                                                         ;
+------------------------+--------+-------+-------------+------------+-------+-------+
; Property               ; Value  ; Count ; Total Delay ; % of Total ; Min   ; Max   ;
+------------------------+--------+-------+-------------+------------+-------+-------+
; Setup Relationship     ; 10.000 ;       ;             ;            ;       ;       ;
; Clock Skew             ; -0.144 ;       ;             ;            ;       ;       ;
; Data Delay             ; 0.900  ;       ;             ;            ;       ;       ;
; Number of Logic Levels ;        ; 0     ;             ;            ;       ;       ;
; Physical Delays        ;        ;       ;             ;            ;       ;       ;
;  Arrival Path          ;        ;       ;             ;            ;       ;       ;
;   Clock                ;        ;       ;             ;            ;       ;       ;
;    IC                  ;        ; 2     ; 1.699       ; 90         ; 0.128 ; 1.571 ;
;    Cell                ;        ; 2     ; 0.186       ; 10         ; 0.000 ; 0.186 ;
;   Data                 ;        ;       ;             ;            ;       ;       ;
;    IC                  ;        ; 1     ; 0.494       ; 55         ; 0.494 ; 0.494 ;
;    Cell                ;        ; 1     ; 0.000       ; 0          ; 0.000 ; 0.000 ;
;    uTco                ;        ; 1     ; 0.406       ; 45         ; 0.406 ; 0.406 ;
;  Required Path         ;        ;       ;             ;            ;       ;       ;
;   Clock                ;        ;       ;             ;            ;       ;       ;
;    IC                  ;        ; 2     ; 1.498       ; 91         ; 0.106 ; 1.392 ;
;    Cell                ;        ; 2     ; 0.150       ; 9          ; 0.000 ; 0.150 ;
+------------------------+--------+-------+-------------+------------+-------+-------+
Note: Negative delays are omitted from totals when calculating percentages

+---------------------------------------------------------------------------------------------------------------------+
; Data Arrival Path                                                                                                   ;
+---------+---------+----+------+--------+----------------------+--------------------+--------------------------------+
; Total   ; Incr    ; RF ; Type ; Fanout ; Location             ; Element Type       ; Element                        ;
+---------+---------+----+------+--------+----------------------+--------------------+--------------------------------+
; 0.000   ; 0.000   ;    ;      ;        ;                      ;                    ; launch edge time               ;
; 1.885   ; 1.885   ;    ;      ;        ;                      ;                    ; clock path                     ;
;   0.000 ;   0.000 ;    ;      ;        ;                      ;                    ; source latency                 ;
;   0.000 ;   0.000 ;    ;      ; 1      ; MLABCELL_X61_Y98_N15 ; Combinational cell ; iClk                           ;
;   0.128 ;   0.128 ; RR ; IC   ; 1      ; MLABCELL_X61_Y98_N24 ; Combinational cell ; iClk~FITTER_INSERTED_0|datae   ;
;   0.314 ;   0.186 ; RR ; CELL ; 1851   ; MLABCELL_X61_Y98_N24 ; Combinational cell ; iClk~FITTER_INSERTED_0|combout ;
;   1.885 ;   1.571 ; RR ; IC   ; 1      ; FF_X98_Y102_N43      ; ALM Register       ; u_dut|data_shift[92][4]|clk    ;
;   1.885 ;   0.000 ; RR ; CELL ; 1      ; FF_X98_Y102_N43      ; ALM Register       ; u_dut|data_shift[92][4]        ;
; 2.785   ; 0.900   ;    ;      ;        ;                      ;                    ; data path                      ;
;   2.291 ;   0.406 ; RR ; uTco ; 1      ; FF_X98_Y102_N43      ; ALM Register       ; u_dut|data_shift[92][4]|q      ;
;   2.785 ;   0.494 ; RR ; IC   ; 1      ; FF_X98_Y98_N8        ; ALM Register       ; u_dut|data_shift[93][4]|d      ;
;   2.785 ;   0.000 ; RR ; CELL ; 1      ; FF_X98_Y98_N8        ; ALM Register       ; u_dut|data_shift[93][4]        ;
+---------+---------+----+------+--------+----------------------+--------------------+--------------------------------+

+-----------------------------------------------------------------------------------------------------------------------+
; Data Required Path                                                                                                    ;
+----------+----------+----+------+--------+----------------------+--------------------+--------------------------------+
; Total    ; Incr     ; RF ; Type ; Fanout ; Location             ; Element Type       ; Element                        ;
+----------+----------+----+------+--------+----------------------+--------------------+--------------------------------+
; 10.000   ; 10.000   ;    ;      ;        ;                      ;                    ; latch edge time                ;
; 11.741   ; 1.741    ;    ;      ;        ;                      ;                    ; clock path                     ;
;   10.000 ;   0.000  ;    ;      ;        ;                      ;                    ; source latency                 ;
;   10.000 ;   0.000  ;    ;      ; 1      ; MLABCELL_X61_Y98_N15 ; Combinational cell ; iClk                           ;
;   10.106 ;   0.106  ; RR ; IC   ; 1      ; MLABCELL_X61_Y98_N24 ; Combinational cell ; iClk~FITTER_INSERTED_0|datae   ;
;   10.256 ;   0.150  ; RR ; CELL ; 1851   ; MLABCELL_X61_Y98_N24 ; Combinational cell ; iClk~FITTER_INSERTED_0|combout ;
;   11.648 ;   1.392  ; RR ; IC   ; 1      ; FF_X98_Y98_N8        ; ALM Register       ; u_dut|data_shift[93][4]|clk    ;
;   11.648 ;   0.000  ; RR ; CELL ; 1      ; FF_X98_Y98_N8        ; ALM Register       ; u_dut|data_shift[93][4]        ;
;   11.748 ;   0.100  ;    ;      ;        ;                      ;                    ; clock pessimism removed        ;
;   11.741 ;   -0.007 ;    ;      ;        ;                      ;                    ; advanced clock effects         ;
; 11.737   ; -0.004   ;    ; uTsu ; 1      ; FF_X98_Y98_N8        ; ALM Register       ; u_dut|data_shift[93][4]        ;
+----------+----------+----+------+--------+----------------------+--------------------+--------------------------------+



----------------
; Command Info ;
----------------
Report Timing: Found 10 hold paths (0 violated).  Worst case slack is 0.112 

Tcl Command:
    report_timing -hold -panel_name {Worst-Case Timing Paths||Hold||iClk} -to_clock [get_clocks {iClk}] -npaths 10 -detail full_path

Options:
    -to_clock [get_clocks {iClk}] 
    -hold 
    -npaths 10 
    -detail full_path 
    -panel_name {iClk} 

Snapshot:
    final

Delay Models:
    Slow fix6 100C Model
    Slow fix6 0C Model
    Fast fix6 0C Model
    Fast fix6 100C Model


+-------------------------------------------------------------------------------------------------------------------------------------------------------------------------------+
; Summary of Paths                                                                                                                                                              ;
+-------+------------------------------------+--------------------------+--------------+-------------+--------------+------------+------------+---------------------------------+
; Slack ; From Node                          ; To Node                  ; Launch Clock ; Latch Clock ; Relationship ; Clock Skew ; Data Delay ; Worst-Case Operating Conditions ;
+-------+------------------------------------+--------------------------+--------------+-------------+--------------+------------+------------+---------------------------------+
; 0.112 ; u_dut|data_shift[48][15]           ; u_dut|data_shift[49][15] ; iClk         ; iClk        ; 0.000        ; 0.000      ; 0.182      ; Fast fix6 0C Model              ;
; 0.114 ; u_dut|data_shift[44][0]            ; u_dut|data_shift[45][0]  ; iClk         ; iClk        ; 0.000        ; 0.001      ; 0.185      ; Fast fix6 0C Model              ;
; 0.115 ; u_dut|data_shift[41][14]           ; u_dut|data_shift[42][14] ; iClk         ; iClk        ; 0.000        ; 0.000      ; 0.185      ; Fast fix6 0C Model              ;
; 0.115 ; u_dut|data_shift[79][3]            ; u_dut|data_shift[80][3]  ; iClk         ; iClk        ; 0.000        ; 0.059      ; 0.234      ; Fast fix6 0C Model              ;
; 0.116 ; u_dut|data_shift[76][15]~DUPLICATE ; u_dut|data_shift[77][15] ; iClk         ; iClk        ; 0.000        ; 0.001      ; 0.183      ; Fast fix6 0C Model              ;
; 0.116 ; u_dut|data_shift[8][14]            ; u_dut|data_shift[9][14]  ; iClk         ; iClk        ; 0.000        ; 0.000      ; 0.186      ; Fast fix6 0C Model              ;
; 0.116 ; u_dut|data_shift[60][13]           ; u_dut|data_shift[61][13] ; iClk         ; iClk        ; 0.000        ; 0.000      ; 0.186      ; Fast fix6 0C Model              ;
; 0.116 ; u_dut|data_shift[59][13]           ; u_dut|data_shift[60][13] ; iClk         ; iClk        ; 0.000        ; 0.000      ; 0.185      ; Fast fix6 0C Model              ;
; 0.116 ; u_dut|data_shift[45][9]            ; u_dut|data_shift[46][9]  ; iClk         ; iClk        ; 0.000        ; 0.000      ; 0.186      ; Fast fix6 0C Model              ;
; 0.116 ; u_dut|data_shift[52][7]            ; u_dut|data_shift[53][7]  ; iClk         ; iClk        ; 0.000        ; 0.001      ; 0.188      ; Fast fix6 0C Model              ;
+-------+------------------------------------+--------------------------+--------------+-------------+--------------+------------+------------+---------------------------------+


Path #1: Hold slack is 0.112 
===============================================================================
+------------------------------------------------------------+
; Path Summary                                               ;
+---------------------------------+--------------------------+
; Property                        ; Value                    ;
+---------------------------------+--------------------------+
; From Node                       ; u_dut|data_shift[48][15] ;
; To Node                         ; u_dut|data_shift[49][15] ;
; Launch Clock                    ; iClk                     ;
; Latch Clock                     ; iClk                     ;
; SDC Exception                   ; No SDC Exception on Path ;
; Data Arrival Time               ; 0.952                    ;
; Data Required Time              ; 0.840                    ;
; Slack                           ; 0.112                    ;
; Worst-Case Operating Conditions ; Fast fix6 0C Model       ;
+---------------------------------+--------------------------+

+-----------------------------------------------------------------------------------+
; Statistics                                                                        ;
+------------------------+-------+-------+-------------+------------+-------+-------+
; Property               ; Value ; Count ; Total Delay ; % of Total ; Min   ; Max   ;
+------------------------+-------+-------+-------------+------------+-------+-------+
; Hold Relationship      ; 0.000 ;       ;             ;            ;       ;       ;
; Clock Skew             ; 0.000 ;       ;             ;            ;       ;       ;
; Data Delay             ; 0.182 ;       ;             ;            ;       ;       ;
; Number of Logic Levels ;       ; 0     ;             ;            ;       ;       ;
; Physical Delays        ;       ;       ;             ;            ;       ;       ;
;  Arrival Path          ;       ;       ;             ;            ;       ;       ;
;   Clock                ;       ;       ;             ;            ;       ;       ;
;    IC                  ;       ; 2     ; 0.707       ; 92         ; 0.052 ; 0.655 ;
;    Cell                ;       ; 2     ; 0.063       ; 8          ; 0.000 ; 0.063 ;
;   Data                 ;       ;       ;             ;            ;       ;       ;
;    IC                  ;       ; 1     ; 0.046       ; 25         ; 0.046 ; 0.046 ;
;    Cell                ;       ; 1     ; 0.000       ; 0          ; 0.000 ; 0.000 ;
;    uTco                ;       ; 1     ; 0.136       ; 75         ; 0.136 ; 0.136 ;
;  Required Path         ;       ;       ;             ;            ;       ;       ;
;   Clock                ;       ;       ;             ;            ;       ;       ;
;    IC                  ;       ; 2     ; 0.781       ; 92         ; 0.066 ; 0.715 ;
;    Cell                ;       ; 2     ; 0.071       ; 8          ; 0.000 ; 0.071 ;
+------------------------+-------+-------+-------------+------------+-------+-------+
Note: Negative delays are omitted from totals when calculating percentages

+---------------------------------------------------------------------------------------------------------------------+
; Data Arrival Path                                                                                                   ;
+---------+---------+----+------+--------+----------------------+--------------------+--------------------------------+
; Total   ; Incr    ; RF ; Type ; Fanout ; Location             ; Element Type       ; Element                        ;
+---------+---------+----+------+--------+----------------------+--------------------+--------------------------------+
; 0.000   ; 0.000   ;    ;      ;        ;                      ;                    ; launch edge time               ;
; 0.770   ; 0.770   ;    ;      ;        ;                      ;                    ; clock path                     ;
;   0.000 ;   0.000 ;    ;      ;        ;                      ;                    ; source latency                 ;
;   0.000 ;   0.000 ;    ;      ; 1      ; MLABCELL_X61_Y98_N15 ; Combinational cell ; iClk                           ;
;   0.052 ;   0.052 ; RR ; IC   ; 1      ; MLABCELL_X61_Y98_N24 ; Combinational cell ; iClk~FITTER_INSERTED_0|datae   ;
;   0.115 ;   0.063 ; RR ; CELL ; 1851   ; MLABCELL_X61_Y98_N24 ; Combinational cell ; iClk~FITTER_INSERTED_0|combout ;
;   0.770 ;   0.655 ; RR ; IC   ; 1      ; FF_X94_Y105_N28      ; ALM Register       ; u_dut|data_shift[48][15]|clk   ;
;   0.770 ;   0.000 ; RR ; CELL ; 1      ; FF_X94_Y105_N28      ; ALM Register       ; u_dut|data_shift[48][15]       ;
; 0.952   ; 0.182   ;    ;      ;        ;                      ;                    ; data path                      ;
;   0.906 ;   0.136 ; RR ; uTco ; 1      ; FF_X94_Y105_N28      ; ALM Register       ; u_dut|data_shift[48][15]|q     ;
;   0.952 ;   0.046 ; RR ; IC   ; 1      ; FF_X94_Y105_N26      ; ALM Register       ; u_dut|data_shift[49][15]|d     ;
;   0.952 ;   0.000 ; RR ; CELL ; 1      ; FF_X94_Y105_N26      ; ALM Register       ; u_dut|data_shift[49][15]       ;
+---------+---------+----+------+--------+----------------------+--------------------+--------------------------------+

+----------------------------------------------------------------------------------------------------------------------+
; Data Required Path                                                                                                   ;
+---------+----------+----+------+--------+----------------------+--------------------+--------------------------------+
; Total   ; Incr     ; RF ; Type ; Fanout ; Location             ; Element Type       ; Element                        ;
+---------+----------+----+------+--------+----------------------+--------------------+--------------------------------+
; 0.000   ; 0.000    ;    ;      ;        ;                      ;                    ; latch edge time                ;
; 0.770   ; 0.770    ;    ;      ;        ;                      ;                    ; clock path                     ;
;   0.000 ;   0.000  ;    ;      ;        ;                      ;                    ; source latency                 ;
;   0.000 ;   0.000  ;    ;      ; 1      ; MLABCELL_X61_Y98_N15 ; Combinational cell ; iClk                           ;
;   0.066 ;   0.066  ; RR ; IC   ; 1      ; MLABCELL_X61_Y98_N24 ; Combinational cell ; iClk~FITTER_INSERTED_0|datae   ;
;   0.137 ;   0.071  ; RR ; CELL ; 1851   ; MLABCELL_X61_Y98_N24 ; Combinational cell ; iClk~FITTER_INSERTED_0|combout ;
;   0.852 ;   0.715  ; RR ; IC   ; 1      ; FF_X94_Y105_N26      ; ALM Register       ; u_dut|data_shift[49][15]|clk   ;
;   0.852 ;   0.000  ; RR ; CELL ; 1      ; FF_X94_Y105_N26      ; ALM Register       ; u_dut|data_shift[49][15]       ;
;   0.770 ;   -0.082 ;    ;      ;        ;                      ;                    ; clock pessimism removed        ;
; 0.840   ; 0.070    ;    ; uTh  ; 1      ; FF_X94_Y105_N26      ; ALM Register       ; u_dut|data_shift[49][15]       ;
+---------+----------+----+------+--------+----------------------+--------------------+--------------------------------+



Path #2: Hold slack is 0.114 
===============================================================================
+------------------------------------------------------------+
; Path Summary                                               ;
+---------------------------------+--------------------------+
; Property                        ; Value                    ;
+---------------------------------+--------------------------+
; From Node                       ; u_dut|data_shift[44][0]  ;
; To Node                         ; u_dut|data_shift[45][0]  ;
; Launch Clock                    ; iClk                     ;
; Latch Clock                     ; iClk                     ;
; SDC Exception                   ; No SDC Exception on Path ;
; Data Arrival Time               ; 0.962                    ;
; Data Required Time              ; 0.848                    ;
; Slack                           ; 0.114                    ;
; Worst-Case Operating Conditions ; Fast fix6 0C Model       ;
+---------------------------------+--------------------------+

+-----------------------------------------------------------------------------------+
; Statistics                                                                        ;
+------------------------+-------+-------+-------------+------------+-------+-------+
; Property               ; Value ; Count ; Total Delay ; % of Total ; Min   ; Max   ;
+------------------------+-------+-------+-------------+------------+-------+-------+
; Hold Relationship      ; 0.000 ;       ;             ;            ;       ;       ;
; Clock Skew             ; 0.001 ;       ;             ;            ;       ;       ;
; Data Delay             ; 0.185 ;       ;             ;            ;       ;       ;
; Number of Logic Levels ;       ; 0     ;             ;            ;       ;       ;
; Physical Delays        ;       ;       ;             ;            ;       ;       ;
;  Arrival Path          ;       ;       ;             ;            ;       ;       ;
;   Clock                ;       ;       ;             ;            ;       ;       ;
;    IC                  ;       ; 2     ; 0.714       ; 92         ; 0.052 ; 0.662 ;
;    Cell                ;       ; 2     ; 0.063       ; 8          ; 0.000 ; 0.063 ;
;   Data                 ;       ;       ;             ;            ;       ;       ;
;    IC                  ;       ; 1     ; 0.048       ; 26         ; 0.048 ; 0.048 ;
;    Cell                ;       ; 1     ; 0.000       ; 0          ; 0.000 ; 0.000 ;
;    uTco                ;       ; 1     ; 0.137       ; 74         ; 0.137 ; 0.137 ;
;  Required Path         ;       ;       ;             ;            ;       ;       ;
;   Clock                ;       ;       ;             ;            ;       ;       ;
;    IC                  ;       ; 2     ; 0.788       ; 92         ; 0.066 ; 0.722 ;
;    Cell                ;       ; 2     ; 0.071       ; 8          ; 0.000 ; 0.071 ;
+------------------------+-------+-------+-------------+------------+-------+-------+
Note: Negative delays are omitted from totals when calculating percentages

+---------------------------------------------------------------------------------------------------------------------+
; Data Arrival Path                                                                                                   ;
+---------+---------+----+------+--------+----------------------+--------------------+--------------------------------+
; Total   ; Incr    ; RF ; Type ; Fanout ; Location             ; Element Type       ; Element                        ;
+---------+---------+----+------+--------+----------------------+--------------------+--------------------------------+
; 0.000   ; 0.000   ;    ;      ;        ;                      ;                    ; launch edge time               ;
; 0.777   ; 0.777   ;    ;      ;        ;                      ;                    ; clock path                     ;
;   0.000 ;   0.000 ;    ;      ;        ;                      ;                    ; source latency                 ;
;   0.000 ;   0.000 ;    ;      ; 1      ; MLABCELL_X61_Y98_N15 ; Combinational cell ; iClk                           ;
;   0.052 ;   0.052 ; RR ; IC   ; 1      ; MLABCELL_X61_Y98_N24 ; Combinational cell ; iClk~FITTER_INSERTED_0|datae   ;
;   0.115 ;   0.063 ; RR ; CELL ; 1851   ; MLABCELL_X61_Y98_N24 ; Combinational cell ; iClk~FITTER_INSERTED_0|combout ;
;   0.777 ;   0.662 ; RR ; IC   ; 1      ; FF_X96_Y102_N28      ; ALM Register       ; u_dut|data_shift[44][0]|clk    ;
;   0.777 ;   0.000 ; RR ; CELL ; 1      ; FF_X96_Y102_N28      ; ALM Register       ; u_dut|data_shift[44][0]        ;
; 0.962   ; 0.185   ;    ;      ;        ;                      ;                    ; data path                      ;
;   0.914 ;   0.137 ; RR ; uTco ; 2      ; FF_X96_Y102_N28      ; ALM Register       ; u_dut|data_shift[44][0]|q      ;
;   0.962 ;   0.048 ; RR ; IC   ; 1      ; FF_X96_Y102_N26      ; ALM Register       ; u_dut|data_shift[45][0]|d      ;
;   0.962 ;   0.000 ; RR ; CELL ; 1      ; FF_X96_Y102_N26      ; ALM Register       ; u_dut|data_shift[45][0]        ;
+---------+---------+----+------+--------+----------------------+--------------------+--------------------------------+

+----------------------------------------------------------------------------------------------------------------------+
; Data Required Path                                                                                                   ;
+---------+----------+----+------+--------+----------------------+--------------------+--------------------------------+
; Total   ; Incr     ; RF ; Type ; Fanout ; Location             ; Element Type       ; Element                        ;
+---------+----------+----+------+--------+----------------------+--------------------+--------------------------------+
; 0.000   ; 0.000    ;    ;      ;        ;                      ;                    ; latch edge time                ;
; 0.778   ; 0.778    ;    ;      ;        ;                      ;                    ; clock path                     ;
;   0.000 ;   0.000  ;    ;      ;        ;                      ;                    ; source latency                 ;
;   0.000 ;   0.000  ;    ;      ; 1      ; MLABCELL_X61_Y98_N15 ; Combinational cell ; iClk                           ;
;   0.066 ;   0.066  ; RR ; IC   ; 1      ; MLABCELL_X61_Y98_N24 ; Combinational cell ; iClk~FITTER_INSERTED_0|datae   ;
;   0.137 ;   0.071  ; RR ; CELL ; 1851   ; MLABCELL_X61_Y98_N24 ; Combinational cell ; iClk~FITTER_INSERTED_0|combout ;
;   0.859 ;   0.722  ; RR ; IC   ; 1      ; FF_X96_Y102_N26      ; ALM Register       ; u_dut|data_shift[45][0]|clk    ;
;   0.859 ;   0.000  ; RR ; CELL ; 1      ; FF_X96_Y102_N26      ; ALM Register       ; u_dut|data_shift[45][0]        ;
;   0.778 ;   -0.081 ;    ;      ;        ;                      ;                    ; clock pessimism removed        ;
; 0.848   ; 0.070    ;    ; uTh  ; 1      ; FF_X96_Y102_N26      ; ALM Register       ; u_dut|data_shift[45][0]        ;
+---------+----------+----+------+--------+----------------------+--------------------+--------------------------------+



Path #3: Hold slack is 0.115 
===============================================================================
+------------------------------------------------------------+
; Path Summary                                               ;
+---------------------------------+--------------------------+
; Property                        ; Value                    ;
+---------------------------------+--------------------------+
; From Node                       ; u_dut|data_shift[41][14] ;
; To Node                         ; u_dut|data_shift[42][14] ;
; Launch Clock                    ; iClk                     ;
; Latch Clock                     ; iClk                     ;
; SDC Exception                   ; No SDC Exception on Path ;
; Data Arrival Time               ; 0.968                    ;
; Data Required Time              ; 0.853                    ;
; Slack                           ; 0.115                    ;
; Worst-Case Operating Conditions ; Fast fix6 0C Model       ;
+---------------------------------+--------------------------+

+-----------------------------------------------------------------------------------+
; Statistics                                                                        ;
+------------------------+-------+-------+-------------+------------+-------+-------+
; Property               ; Value ; Count ; Total Delay ; % of Total ; Min   ; Max   ;
+------------------------+-------+-------+-------------+------------+-------+-------+
; Hold Relationship      ; 0.000 ;       ;             ;            ;       ;       ;
; Clock Skew             ; 0.000 ;       ;             ;            ;       ;       ;
; Data Delay             ; 0.185 ;       ;             ;            ;       ;       ;
; Number of Logic Levels ;       ; 0     ;             ;            ;       ;       ;
; Physical Delays        ;       ;       ;             ;            ;       ;       ;
;  Arrival Path          ;       ;       ;             ;            ;       ;       ;
;   Clock                ;       ;       ;             ;            ;       ;       ;
;    IC                  ;       ; 2     ; 0.720       ; 92         ; 0.052 ; 0.668 ;
;    Cell                ;       ; 2     ; 0.063       ; 8          ; 0.000 ; 0.063 ;
;   Data                 ;       ;       ;             ;            ;       ;       ;
;    IC                  ;       ; 1     ; 0.048       ; 26         ; 0.048 ; 0.048 ;
;    Cell                ;       ; 1     ; 0.000       ; 0          ; 0.000 ; 0.000 ;
;    uTco                ;       ; 1     ; 0.137       ; 74         ; 0.137 ; 0.137 ;
;  Required Path         ;       ;       ;             ;            ;       ;       ;
;   Clock                ;       ;       ;             ;            ;       ;       ;
;    IC                  ;       ; 2     ; 0.795       ; 92         ; 0.066 ; 0.729 ;
;    Cell                ;       ; 2     ; 0.071       ; 8          ; 0.000 ; 0.071 ;
+------------------------+-------+-------+-------------+------------+-------+-------+
Note: Negative delays are omitted from totals when calculating percentages

+---------------------------------------------------------------------------------------------------------------------+
; Data Arrival Path                                                                                                   ;
+---------+---------+----+------+--------+----------------------+--------------------+--------------------------------+
; Total   ; Incr    ; RF ; Type ; Fanout ; Location             ; Element Type       ; Element                        ;
+---------+---------+----+------+--------+----------------------+--------------------+--------------------------------+
; 0.000   ; 0.000   ;    ;      ;        ;                      ;                    ; launch edge time               ;
; 0.783   ; 0.783   ;    ;      ;        ;                      ;                    ; clock path                     ;
;   0.000 ;   0.000 ;    ;      ;        ;                      ;                    ; source latency                 ;
;   0.000 ;   0.000 ;    ;      ; 1      ; MLABCELL_X61_Y98_N15 ; Combinational cell ; iClk                           ;
;   0.052 ;   0.052 ; RR ; IC   ; 1      ; MLABCELL_X61_Y98_N24 ; Combinational cell ; iClk~FITTER_INSERTED_0|datae   ;
;   0.115 ;   0.063 ; RR ; CELL ; 1851   ; MLABCELL_X61_Y98_N24 ; Combinational cell ; iClk~FITTER_INSERTED_0|combout ;
;   0.783 ;   0.668 ; RR ; IC   ; 1      ; FF_X99_Y105_N28      ; ALM Register       ; u_dut|data_shift[41][14]|clk   ;
;   0.783 ;   0.000 ; RR ; CELL ; 1      ; FF_X99_Y105_N28      ; ALM Register       ; u_dut|data_shift[41][14]       ;
; 0.968   ; 0.185   ;    ;      ;        ;                      ;                    ; data path                      ;
;   0.920 ;   0.137 ; RR ; uTco ; 2      ; FF_X99_Y105_N28      ; ALM Register       ; u_dut|data_shift[41][14]|q     ;
;   0.968 ;   0.048 ; RR ; IC   ; 1      ; FF_X99_Y105_N26      ; ALM Register       ; u_dut|data_shift[42][14]|d     ;
;   0.968 ;   0.000 ; RR ; CELL ; 1      ; FF_X99_Y105_N26      ; ALM Register       ; u_dut|data_shift[42][14]       ;
+---------+---------+----+------+--------+----------------------+--------------------+--------------------------------+

+----------------------------------------------------------------------------------------------------------------------+
; Data Required Path                                                                                                   ;
+---------+----------+----+------+--------+----------------------+--------------------+--------------------------------+
; Total   ; Incr     ; RF ; Type ; Fanout ; Location             ; Element Type       ; Element                        ;
+---------+----------+----+------+--------+----------------------+--------------------+--------------------------------+
; 0.000   ; 0.000    ;    ;      ;        ;                      ;                    ; latch edge time                ;
; 0.783   ; 0.783    ;    ;      ;        ;                      ;                    ; clock path                     ;
;   0.000 ;   0.000  ;    ;      ;        ;                      ;                    ; source latency                 ;
;   0.000 ;   0.000  ;    ;      ; 1      ; MLABCELL_X61_Y98_N15 ; Combinational cell ; iClk                           ;
;   0.066 ;   0.066  ; RR ; IC   ; 1      ; MLABCELL_X61_Y98_N24 ; Combinational cell ; iClk~FITTER_INSERTED_0|datae   ;
;   0.137 ;   0.071  ; RR ; CELL ; 1851   ; MLABCELL_X61_Y98_N24 ; Combinational cell ; iClk~FITTER_INSERTED_0|combout ;
;   0.866 ;   0.729  ; RR ; IC   ; 1      ; FF_X99_Y105_N26      ; ALM Register       ; u_dut|data_shift[42][14]|clk   ;
;   0.866 ;   0.000  ; RR ; CELL ; 1      ; FF_X99_Y105_N26      ; ALM Register       ; u_dut|data_shift[42][14]       ;
;   0.783 ;   -0.083 ;    ;      ;        ;                      ;                    ; clock pessimism removed        ;
; 0.853   ; 0.070    ;    ; uTh  ; 1      ; FF_X99_Y105_N26      ; ALM Register       ; u_dut|data_shift[42][14]       ;
+---------+----------+----+------+--------+----------------------+--------------------+--------------------------------+



Path #4: Hold slack is 0.115 
===============================================================================
+------------------------------------------------------------+
; Path Summary                                               ;
+---------------------------------+--------------------------+
; Property                        ; Value                    ;
+---------------------------------+--------------------------+
; From Node                       ; u_dut|data_shift[79][3]  ;
; To Node                         ; u_dut|data_shift[80][3]  ;
; Launch Clock                    ; iClk                     ;
; Latch Clock                     ; iClk                     ;
; SDC Exception                   ; No SDC Exception on Path ;
; Data Arrival Time               ; 1.020                    ;
; Data Required Time              ; 0.905                    ;
; Slack                           ; 0.115                    ;
; Worst-Case Operating Conditions ; Fast fix6 0C Model       ;
+---------------------------------+--------------------------+

+-----------------------------------------------------------------------------------+
; Statistics                                                                        ;
+------------------------+-------+-------+-------------+------------+-------+-------+
; Property               ; Value ; Count ; Total Delay ; % of Total ; Min   ; Max   ;
+------------------------+-------+-------+-------------+------------+-------+-------+
; Hold Relationship      ; 0.000 ;       ;             ;            ;       ;       ;
; Clock Skew             ; 0.059 ;       ;             ;            ;       ;       ;
; Data Delay             ; 0.234 ;       ;             ;            ;       ;       ;
; Number of Logic Levels ;       ; 0     ;             ;            ;       ;       ;
; Physical Delays        ;       ;       ;             ;            ;       ;       ;
;  Arrival Path          ;       ;       ;             ;            ;       ;       ;
;   Clock                ;       ;       ;             ;            ;       ;       ;
;    IC                  ;       ; 2     ; 0.723       ; 92         ; 0.052 ; 0.671 ;
;    Cell                ;       ; 2     ; 0.063       ; 8          ; 0.000 ; 0.063 ;
;   Data                 ;       ;       ;             ;            ;       ;       ;
;    IC                  ;       ; 1     ; 0.098       ; 42         ; 0.098 ; 0.098 ;
;    Cell                ;       ; 1     ; 0.000       ; 0          ; 0.000 ; 0.000 ;
;    uTco                ;       ; 1     ; 0.136       ; 58         ; 0.136 ; 0.136 ;
;  Required Path         ;       ;       ;             ;            ;       ;       ;
;   Clock                ;       ;       ;             ;            ;       ;       ;
;    IC                  ;       ; 2     ; 0.802       ; 92         ; 0.066 ; 0.736 ;
;    Cell                ;       ; 2     ; 0.071       ; 8          ; 0.000 ; 0.071 ;
+------------------------+-------+-------+-------------+------------+-------+-------+
Note: Negative delays are omitted from totals when calculating percentages

+---------------------------------------------------------------------------------------------------------------------+
; Data Arrival Path                                                                                                   ;
+---------+---------+----+------+--------+----------------------+--------------------+--------------------------------+
; Total   ; Incr    ; RF ; Type ; Fanout ; Location             ; Element Type       ; Element                        ;
+---------+---------+----+------+--------+----------------------+--------------------+--------------------------------+
; 0.000   ; 0.000   ;    ;      ;        ;                      ;                    ; launch edge time               ;
; 0.786   ; 0.786   ;    ;      ;        ;                      ;                    ; clock path                     ;
;   0.000 ;   0.000 ;    ;      ;        ;                      ;                    ; source latency                 ;
;   0.000 ;   0.000 ;    ;      ; 1      ; MLABCELL_X61_Y98_N15 ; Combinational cell ; iClk                           ;
;   0.052 ;   0.052 ; RR ; IC   ; 1      ; MLABCELL_X61_Y98_N24 ; Combinational cell ; iClk~FITTER_INSERTED_0|datae   ;
;   0.115 ;   0.063 ; RR ; CELL ; 1851   ; MLABCELL_X61_Y98_N24 ; Combinational cell ; iClk~FITTER_INSERTED_0|combout ;
;   0.786 ;   0.671 ; RR ; IC   ; 1      ; FF_X101_Y98_N1       ; ALM Register       ; u_dut|data_shift[79][3]|clk    ;
;   0.786 ;   0.000 ; RR ; CELL ; 1      ; FF_X101_Y98_N1       ; ALM Register       ; u_dut|data_shift[79][3]        ;
; 1.020   ; 0.234   ;    ;      ;        ;                      ;                    ; data path                      ;
;   0.922 ;   0.136 ; FF ; uTco ; 2      ; FF_X101_Y98_N1       ; ALM Register       ; u_dut|data_shift[79][3]|q      ;
;   1.020 ;   0.098 ; FF ; IC   ; 1      ; FF_X101_Y99_N47      ; ALM Register       ; u_dut|data_shift[80][3]|d      ;
;   1.020 ;   0.000 ; FF ; CELL ; 1      ; FF_X101_Y99_N47      ; ALM Register       ; u_dut|data_shift[80][3]        ;
+---------+---------+----+------+--------+----------------------+--------------------+--------------------------------+

+----------------------------------------------------------------------------------------------------------------------+
; Data Required Path                                                                                                   ;
+---------+----------+----+------+--------+----------------------+--------------------+--------------------------------+
; Total   ; Incr     ; RF ; Type ; Fanout ; Location             ; Element Type       ; Element                        ;
+---------+----------+----+------+--------+----------------------+--------------------+--------------------------------+
; 0.000   ; 0.000    ;    ;      ;        ;                      ;                    ; latch edge time                ;
; 0.845   ; 0.845    ;    ;      ;        ;                      ;                    ; clock path                     ;
;   0.000 ;   0.000  ;    ;      ;        ;                      ;                    ; source latency                 ;
;   0.000 ;   0.000  ;    ;      ; 1      ; MLABCELL_X61_Y98_N15 ; Combinational cell ; iClk                           ;
;   0.066 ;   0.066  ; RR ; IC   ; 1      ; MLABCELL_X61_Y98_N24 ; Combinational cell ; iClk~FITTER_INSERTED_0|datae   ;
;   0.137 ;   0.071  ; RR ; CELL ; 1851   ; MLABCELL_X61_Y98_N24 ; Combinational cell ; iClk~FITTER_INSERTED_0|combout ;
;   0.873 ;   0.736  ; RR ; IC   ; 1      ; FF_X101_Y99_N47      ; ALM Register       ; u_dut|data_shift[80][3]|clk    ;
;   0.873 ;   0.000  ; RR ; CELL ; 1      ; FF_X101_Y99_N47      ; ALM Register       ; u_dut|data_shift[80][3]        ;
;   0.835 ;   -0.038 ;    ;      ;        ;                      ;                    ; clock pessimism removed        ;
;   0.845 ;   0.010  ;    ;      ;        ;                      ;                    ; advanced clock effects         ;
; 0.905   ; 0.060    ;    ; uTh  ; 1      ; FF_X101_Y99_N47      ; ALM Register       ; u_dut|data_shift[80][3]        ;
+---------+----------+----+------+--------+----------------------+--------------------+--------------------------------+



Path #5: Hold slack is 0.116 
===============================================================================
+----------------------------------------------------------------------+
; Path Summary                                                         ;
+---------------------------------+------------------------------------+
; Property                        ; Value                              ;
+---------------------------------+------------------------------------+
; From Node                       ; u_dut|data_shift[76][15]~DUPLICATE ;
; To Node                         ; u_dut|data_shift[77][15]           ;
; Launch Clock                    ; iClk                               ;
; Latch Clock                     ; iClk                               ;
; SDC Exception                   ; No SDC Exception on Path           ;
; Data Arrival Time               ; 0.956                              ;
; Data Required Time              ; 0.840                              ;
; Slack                           ; 0.116                              ;
; Worst-Case Operating Conditions ; Fast fix6 0C Model                 ;
+---------------------------------+------------------------------------+

+-----------------------------------------------------------------------------------+
; Statistics                                                                        ;
+------------------------+-------+-------+-------------+------------+-------+-------+
; Property               ; Value ; Count ; Total Delay ; % of Total ; Min   ; Max   ;
+------------------------+-------+-------+-------------+------------+-------+-------+
; Hold Relationship      ; 0.000 ;       ;             ;            ;       ;       ;
; Clock Skew             ; 0.001 ;       ;             ;            ;       ;       ;
; Data Delay             ; 0.183 ;       ;             ;            ;       ;       ;
; Number of Logic Levels ;       ; 0     ;             ;            ;       ;       ;
; Physical Delays        ;       ;       ;             ;            ;       ;       ;
;  Arrival Path          ;       ;       ;             ;            ;       ;       ;
;   Clock                ;       ;       ;             ;            ;       ;       ;
;    IC                  ;       ; 2     ; 0.710       ; 92         ; 0.052 ; 0.658 ;
;    Cell                ;       ; 2     ; 0.063       ; 8          ; 0.000 ; 0.063 ;
;   Data                 ;       ;       ;             ;            ;       ;       ;
;    IC                  ;       ; 1     ; 0.047       ; 26         ; 0.047 ; 0.047 ;
;    Cell                ;       ; 1     ; 0.000       ; 0          ; 0.000 ; 0.000 ;
;    uTco                ;       ; 1     ; 0.136       ; 74         ; 0.136 ; 0.136 ;
;  Required Path         ;       ;       ;             ;            ;       ;       ;
;   Clock                ;       ;       ;             ;            ;       ;       ;
;    IC                  ;       ; 2     ; 0.785       ; 92         ; 0.066 ; 0.719 ;
;    Cell                ;       ; 2     ; 0.071       ; 8          ; 0.000 ; 0.071 ;
+------------------------+-------+-------+-------------+------------+-------+-------+
Note: Negative delays are omitted from totals when calculating percentages

+-----------------------------------------------------------------------------------------------------------------------------+
; Data Arrival Path                                                                                                           ;
+---------+---------+----+------+--------+----------------------+--------------------+----------------------------------------+
; Total   ; Incr    ; RF ; Type ; Fanout ; Location             ; Element Type       ; Element                                ;
+---------+---------+----+------+--------+----------------------+--------------------+----------------------------------------+
; 0.000   ; 0.000   ;    ;      ;        ;                      ;                    ; launch edge time                       ;
; 0.773   ; 0.773   ;    ;      ;        ;                      ;                    ; clock path                             ;
;   0.000 ;   0.000 ;    ;      ;        ;                      ;                    ; source latency                         ;
;   0.000 ;   0.000 ;    ;      ; 1      ; MLABCELL_X61_Y98_N15 ; Combinational cell ; iClk                                   ;
;   0.052 ;   0.052 ; RR ; IC   ; 1      ; MLABCELL_X61_Y98_N24 ; Combinational cell ; iClk~FITTER_INSERTED_0|datae           ;
;   0.115 ;   0.063 ; RR ; CELL ; 1851   ; MLABCELL_X61_Y98_N24 ; Combinational cell ; iClk~FITTER_INSERTED_0|combout         ;
;   0.773 ;   0.658 ; RR ; IC   ; 1      ; FF_X96_Y105_N25      ; ALM Register       ; u_dut|data_shift[76][15]~DUPLICATE|clk ;
;   0.773 ;   0.000 ; RR ; CELL ; 1      ; FF_X96_Y105_N25      ; ALM Register       ; u_dut|data_shift[76][15]~DUPLICATE     ;
; 0.956   ; 0.183   ;    ;      ;        ;                      ;                    ; data path                              ;
;   0.909 ;   0.136 ; RR ; uTco ; 1      ; FF_X96_Y105_N25      ; ALM Register       ; u_dut|data_shift[76][15]~DUPLICATE|q   ;
;   0.956 ;   0.047 ; RR ; IC   ; 1      ; FF_X96_Y105_N29      ; ALM Register       ; u_dut|data_shift[77][15]|d             ;
;   0.956 ;   0.000 ; RR ; CELL ; 1      ; FF_X96_Y105_N29      ; ALM Register       ; u_dut|data_shift[77][15]               ;
+---------+---------+----+------+--------+----------------------+--------------------+----------------------------------------+

+----------------------------------------------------------------------------------------------------------------------+
; Data Required Path                                                                                                   ;
+---------+----------+----+------+--------+----------------------+--------------------+--------------------------------+
; Total   ; Incr     ; RF ; Type ; Fanout ; Location             ; Element Type       ; Element                        ;
+---------+----------+----+------+--------+----------------------+--------------------+--------------------------------+
; 0.000   ; 0.000    ;    ;      ;        ;                      ;                    ; latch edge time                ;
; 0.774   ; 0.774    ;    ;      ;        ;                      ;                    ; clock path                     ;
;   0.000 ;   0.000  ;    ;      ;        ;                      ;                    ; source latency                 ;
;   0.000 ;   0.000  ;    ;      ; 1      ; MLABCELL_X61_Y98_N15 ; Combinational cell ; iClk                           ;
;   0.066 ;   0.066  ; RR ; IC   ; 1      ; MLABCELL_X61_Y98_N24 ; Combinational cell ; iClk~FITTER_INSERTED_0|datae   ;
;   0.137 ;   0.071  ; RR ; CELL ; 1851   ; MLABCELL_X61_Y98_N24 ; Combinational cell ; iClk~FITTER_INSERTED_0|combout ;
;   0.856 ;   0.719  ; RR ; IC   ; 1      ; FF_X96_Y105_N29      ; ALM Register       ; u_dut|data_shift[77][15]|clk   ;
;   0.856 ;   0.000  ; RR ; CELL ; 1      ; FF_X96_Y105_N29      ; ALM Register       ; u_dut|data_shift[77][15]       ;
;   0.774 ;   -0.082 ;    ;      ;        ;                      ;                    ; clock pessimism removed        ;
; 0.840   ; 0.066    ;    ; uTh  ; 1      ; FF_X96_Y105_N29      ; ALM Register       ; u_dut|data_shift[77][15]       ;
+---------+----------+----+------+--------+----------------------+--------------------+--------------------------------+



Path #6: Hold slack is 0.116 
===============================================================================
+------------------------------------------------------------+
; Path Summary                                               ;
+---------------------------------+--------------------------+
; Property                        ; Value                    ;
+---------------------------------+--------------------------+
; From Node                       ; u_dut|data_shift[8][14]  ;
; To Node                         ; u_dut|data_shift[9][14]  ;
; Launch Clock                    ; iClk                     ;
; Latch Clock                     ; iClk                     ;
; SDC Exception                   ; No SDC Exception on Path ;
; Data Arrival Time               ; 0.972                    ;
; Data Required Time              ; 0.856                    ;
; Slack                           ; 0.116                    ;
; Worst-Case Operating Conditions ; Fast fix6 0C Model       ;
+---------------------------------+--------------------------+

+-----------------------------------------------------------------------------------+
; Statistics                                                                        ;
+------------------------+-------+-------+-------------+------------+-------+-------+
; Property               ; Value ; Count ; Total Delay ; % of Total ; Min   ; Max   ;
+------------------------+-------+-------+-------------+------------+-------+-------+
; Hold Relationship      ; 0.000 ;       ;             ;            ;       ;       ;
; Clock Skew             ; 0.000 ;       ;             ;            ;       ;       ;
; Data Delay             ; 0.186 ;       ;             ;            ;       ;       ;
; Number of Logic Levels ;       ; 0     ;             ;            ;       ;       ;
; Physical Delays        ;       ;       ;             ;            ;       ;       ;
;  Arrival Path          ;       ;       ;             ;            ;       ;       ;
;   Clock                ;       ;       ;             ;            ;       ;       ;
;    IC                  ;       ; 2     ; 0.723       ; 92         ; 0.052 ; 0.671 ;
;    Cell                ;       ; 2     ; 0.063       ; 8          ; 0.000 ; 0.063 ;
;   Data                 ;       ;       ;             ;            ;       ;       ;
;    IC                  ;       ; 1     ; 0.049       ; 26         ; 0.049 ; 0.049 ;
;    Cell                ;       ; 1     ; 0.000       ; 0          ; 0.000 ; 0.000 ;
;    uTco                ;       ; 1     ; 0.137       ; 74         ; 0.137 ; 0.137 ;
;  Required Path         ;       ;       ;             ;            ;       ;       ;
;   Clock                ;       ;       ;             ;            ;       ;       ;
;    IC                  ;       ; 2     ; 0.798       ; 92         ; 0.066 ; 0.732 ;
;    Cell                ;       ; 2     ; 0.071       ; 8          ; 0.000 ; 0.071 ;
+------------------------+-------+-------+-------------+------------+-------+-------+
Note: Negative delays are omitted from totals when calculating percentages

+---------------------------------------------------------------------------------------------------------------------+
; Data Arrival Path                                                                                                   ;
+---------+---------+----+------+--------+----------------------+--------------------+--------------------------------+
; Total   ; Incr    ; RF ; Type ; Fanout ; Location             ; Element Type       ; Element                        ;
+---------+---------+----+------+--------+----------------------+--------------------+--------------------------------+
; 0.000   ; 0.000   ;    ;      ;        ;                      ;                    ; launch edge time               ;
; 0.786   ; 0.786   ;    ;      ;        ;                      ;                    ; clock path                     ;
;   0.000 ;   0.000 ;    ;      ;        ;                      ;                    ; source latency                 ;
;   0.000 ;   0.000 ;    ;      ; 1      ; MLABCELL_X61_Y98_N15 ; Combinational cell ; iClk                           ;
;   0.052 ;   0.052 ; RR ; IC   ; 1      ; MLABCELL_X61_Y98_N24 ; Combinational cell ; iClk~FITTER_INSERTED_0|datae   ;
;   0.115 ;   0.063 ; RR ; CELL ; 1851   ; MLABCELL_X61_Y98_N24 ; Combinational cell ; iClk~FITTER_INSERTED_0|combout ;
;   0.786 ;   0.671 ; RR ; IC   ; 1      ; FF_X101_Y105_N25     ; ALM Register       ; u_dut|data_shift[8][14]|clk    ;
;   0.786 ;   0.000 ; RR ; CELL ; 1      ; FF_X101_Y105_N25     ; ALM Register       ; u_dut|data_shift[8][14]        ;
; 0.972   ; 0.186   ;    ;      ;        ;                      ;                    ; data path                      ;
;   0.923 ;   0.137 ; RR ; uTco ; 2      ; FF_X101_Y105_N25     ; ALM Register       ; u_dut|data_shift[8][14]|q      ;
;   0.972 ;   0.049 ; RR ; IC   ; 1      ; FF_X101_Y105_N20     ; ALM Register       ; u_dut|data_shift[9][14]|d      ;
;   0.972 ;   0.000 ; RR ; CELL ; 1      ; FF_X101_Y105_N20     ; ALM Register       ; u_dut|data_shift[9][14]        ;
+---------+---------+----+------+--------+----------------------+--------------------+--------------------------------+

+----------------------------------------------------------------------------------------------------------------------+
; Data Required Path                                                                                                   ;
+---------+----------+----+------+--------+----------------------+--------------------+--------------------------------+
; Total   ; Incr     ; RF ; Type ; Fanout ; Location             ; Element Type       ; Element                        ;
+---------+----------+----+------+--------+----------------------+--------------------+--------------------------------+
; 0.000   ; 0.000    ;    ;      ;        ;                      ;                    ; latch edge time                ;
; 0.786   ; 0.786    ;    ;      ;        ;                      ;                    ; clock path                     ;
;   0.000 ;   0.000  ;    ;      ;        ;                      ;                    ; source latency                 ;
;   0.000 ;   0.000  ;    ;      ; 1      ; MLABCELL_X61_Y98_N15 ; Combinational cell ; iClk                           ;
;   0.066 ;   0.066  ; RR ; IC   ; 1      ; MLABCELL_X61_Y98_N24 ; Combinational cell ; iClk~FITTER_INSERTED_0|datae   ;
;   0.137 ;   0.071  ; RR ; CELL ; 1851   ; MLABCELL_X61_Y98_N24 ; Combinational cell ; iClk~FITTER_INSERTED_0|combout ;
;   0.869 ;   0.732  ; RR ; IC   ; 1      ; FF_X101_Y105_N20     ; ALM Register       ; u_dut|data_shift[9][14]|clk    ;
;   0.869 ;   0.000  ; RR ; CELL ; 1      ; FF_X101_Y105_N20     ; ALM Register       ; u_dut|data_shift[9][14]        ;
;   0.786 ;   -0.083 ;    ;      ;        ;                      ;                    ; clock pessimism removed        ;
; 0.856   ; 0.070    ;    ; uTh  ; 1      ; FF_X101_Y105_N20     ; ALM Register       ; u_dut|data_shift[9][14]        ;
+---------+----------+----+------+--------+----------------------+--------------------+--------------------------------+



Path #7: Hold slack is 0.116 
===============================================================================
+------------------------------------------------------------+
; Path Summary                                               ;
+---------------------------------+--------------------------+
; Property                        ; Value                    ;
+---------------------------------+--------------------------+
; From Node                       ; u_dut|data_shift[60][13] ;
; To Node                         ; u_dut|data_shift[61][13] ;
; Launch Clock                    ; iClk                     ;
; Latch Clock                     ; iClk                     ;
; SDC Exception                   ; No SDC Exception on Path ;
; Data Arrival Time               ; 0.974                    ;
; Data Required Time              ; 0.858                    ;
; Slack                           ; 0.116                    ;
; Worst-Case Operating Conditions ; Fast fix6 0C Model       ;
+---------------------------------+--------------------------+

+-----------------------------------------------------------------------------------+
; Statistics                                                                        ;
+------------------------+-------+-------+-------------+------------+-------+-------+
; Property               ; Value ; Count ; Total Delay ; % of Total ; Min   ; Max   ;
+------------------------+-------+-------+-------------+------------+-------+-------+
; Hold Relationship      ; 0.000 ;       ;             ;            ;       ;       ;
; Clock Skew             ; 0.000 ;       ;             ;            ;       ;       ;
; Data Delay             ; 0.186 ;       ;             ;            ;       ;       ;
; Number of Logic Levels ;       ; 0     ;             ;            ;       ;       ;
; Physical Delays        ;       ;       ;             ;            ;       ;       ;
;  Arrival Path          ;       ;       ;             ;            ;       ;       ;
;   Clock                ;       ;       ;             ;            ;       ;       ;
;    IC                  ;       ; 2     ; 0.725       ; 92         ; 0.052 ; 0.673 ;
;    Cell                ;       ; 2     ; 0.063       ; 8          ; 0.000 ; 0.063 ;
;   Data                 ;       ;       ;             ;            ;       ;       ;
;    IC                  ;       ; 1     ; 0.049       ; 26         ; 0.049 ; 0.049 ;
;    Cell                ;       ; 1     ; 0.000       ; 0          ; 0.000 ; 0.000 ;
;    uTco                ;       ; 1     ; 0.137       ; 74         ; 0.137 ; 0.137 ;
;  Required Path         ;       ;       ;             ;            ;       ;       ;
;   Clock                ;       ;       ;             ;            ;       ;       ;
;    IC                  ;       ; 2     ; 0.799       ; 92         ; 0.066 ; 0.733 ;
;    Cell                ;       ; 2     ; 0.071       ; 8          ; 0.000 ; 0.071 ;
+------------------------+-------+-------+-------------+------------+-------+-------+
Note: Negative delays are omitted from totals when calculating percentages

+---------------------------------------------------------------------------------------------------------------------+
; Data Arrival Path                                                                                                   ;
+---------+---------+----+------+--------+----------------------+--------------------+--------------------------------+
; Total   ; Incr    ; RF ; Type ; Fanout ; Location             ; Element Type       ; Element                        ;
+---------+---------+----+------+--------+----------------------+--------------------+--------------------------------+
; 0.000   ; 0.000   ;    ;      ;        ;                      ;                    ; launch edge time               ;
; 0.788   ; 0.788   ;    ;      ;        ;                      ;                    ; clock path                     ;
;   0.000 ;   0.000 ;    ;      ;        ;                      ;                    ; source latency                 ;
;   0.000 ;   0.000 ;    ;      ; 1      ; MLABCELL_X61_Y98_N15 ; Combinational cell ; iClk                           ;
;   0.052 ;   0.052 ; RR ; IC   ; 1      ; MLABCELL_X61_Y98_N24 ; Combinational cell ; iClk~FITTER_INSERTED_0|datae   ;
;   0.115 ;   0.063 ; RR ; CELL ; 1851   ; MLABCELL_X61_Y98_N24 ; Combinational cell ; iClk~FITTER_INSERTED_0|combout ;
;   0.788 ;   0.673 ; RR ; IC   ; 1      ; FF_X99_Y99_N25       ; ALM Register       ; u_dut|data_shift[60][13]|clk   ;
;   0.788 ;   0.000 ; RR ; CELL ; 1      ; FF_X99_Y99_N25       ; ALM Register       ; u_dut|data_shift[60][13]       ;
; 0.974   ; 0.186   ;    ;      ;        ;                      ;                    ; data path                      ;
;   0.925 ;   0.137 ; RR ; uTco ; 2      ; FF_X99_Y99_N25       ; ALM Register       ; u_dut|data_shift[60][13]|q     ;
;   0.974 ;   0.049 ; RR ; IC   ; 1      ; FF_X99_Y99_N20       ; ALM Register       ; u_dut|data_shift[61][13]|d     ;
;   0.974 ;   0.000 ; RR ; CELL ; 1      ; FF_X99_Y99_N20       ; ALM Register       ; u_dut|data_shift[61][13]       ;
+---------+---------+----+------+--------+----------------------+--------------------+--------------------------------+

+----------------------------------------------------------------------------------------------------------------------+
; Data Required Path                                                                                                   ;
+---------+----------+----+------+--------+----------------------+--------------------+--------------------------------+
; Total   ; Incr     ; RF ; Type ; Fanout ; Location             ; Element Type       ; Element                        ;
+---------+----------+----+------+--------+----------------------+--------------------+--------------------------------+
; 0.000   ; 0.000    ;    ;      ;        ;                      ;                    ; latch edge time                ;
; 0.788   ; 0.788    ;    ;      ;        ;                      ;                    ; clock path                     ;
;   0.000 ;   0.000  ;    ;      ;        ;                      ;                    ; source latency                 ;
;   0.000 ;   0.000  ;    ;      ; 1      ; MLABCELL_X61_Y98_N15 ; Combinational cell ; iClk                           ;
;   0.066 ;   0.066  ; RR ; IC   ; 1      ; MLABCELL_X61_Y98_N24 ; Combinational cell ; iClk~FITTER_INSERTED_0|datae   ;
;   0.137 ;   0.071  ; RR ; CELL ; 1851   ; MLABCELL_X61_Y98_N24 ; Combinational cell ; iClk~FITTER_INSERTED_0|combout ;
;   0.870 ;   0.733  ; RR ; IC   ; 1      ; FF_X99_Y99_N20       ; ALM Register       ; u_dut|data_shift[61][13]|clk   ;
;   0.870 ;   0.000  ; RR ; CELL ; 1      ; FF_X99_Y99_N20       ; ALM Register       ; u_dut|data_shift[61][13]       ;
;   0.788 ;   -0.082 ;    ;      ;        ;                      ;                    ; clock pessimism removed        ;
; 0.858   ; 0.070    ;    ; uTh  ; 1      ; FF_X99_Y99_N20       ; ALM Register       ; u_dut|data_shift[61][13]       ;
+---------+----------+----+------+--------+----------------------+--------------------+--------------------------------+



Path #8: Hold slack is 0.116 
===============================================================================
+------------------------------------------------------------+
; Path Summary                                               ;
+---------------------------------+--------------------------+
; Property                        ; Value                    ;
+---------------------------------+--------------------------+
; From Node                       ; u_dut|data_shift[59][13] ;
; To Node                         ; u_dut|data_shift[60][13] ;
; Launch Clock                    ; iClk                     ;
; Latch Clock                     ; iClk                     ;
; SDC Exception                   ; No SDC Exception on Path ;
; Data Arrival Time               ; 0.973                    ;
; Data Required Time              ; 0.857                    ;
; Slack                           ; 0.116                    ;
; Worst-Case Operating Conditions ; Fast fix6 0C Model       ;
+---------------------------------+--------------------------+

+-----------------------------------------------------------------------------------+
; Statistics                                                                        ;
+------------------------+-------+-------+-------------+------------+-------+-------+
; Property               ; Value ; Count ; Total Delay ; % of Total ; Min   ; Max   ;
+------------------------+-------+-------+-------------+------------+-------+-------+
; Hold Relationship      ; 0.000 ;       ;             ;            ;       ;       ;
; Clock Skew             ; 0.000 ;       ;             ;            ;       ;       ;
; Data Delay             ; 0.185 ;       ;             ;            ;       ;       ;
; Number of Logic Levels ;       ; 0     ;             ;            ;       ;       ;
; Physical Delays        ;       ;       ;             ;            ;       ;       ;
;  Arrival Path          ;       ;       ;             ;            ;       ;       ;
;   Clock                ;       ;       ;             ;            ;       ;       ;
;    IC                  ;       ; 2     ; 0.725       ; 92         ; 0.052 ; 0.673 ;
;    Cell                ;       ; 2     ; 0.063       ; 8          ; 0.000 ; 0.063 ;
;   Data                 ;       ;       ;             ;            ;       ;       ;
;    IC                  ;       ; 1     ; 0.048       ; 26         ; 0.048 ; 0.048 ;
;    Cell                ;       ; 1     ; 0.000       ; 0          ; 0.000 ; 0.000 ;
;    uTco                ;       ; 1     ; 0.137       ; 74         ; 0.137 ; 0.137 ;
;  Required Path         ;       ;       ;             ;            ;       ;       ;
;   Clock                ;       ;       ;             ;            ;       ;       ;
;    IC                  ;       ; 2     ; 0.799       ; 92         ; 0.066 ; 0.733 ;
;    Cell                ;       ; 2     ; 0.071       ; 8          ; 0.000 ; 0.071 ;
+------------------------+-------+-------+-------------+------------+-------+-------+
Note: Negative delays are omitted from totals when calculating percentages

+---------------------------------------------------------------------------------------------------------------------+
; Data Arrival Path                                                                                                   ;
+---------+---------+----+------+--------+----------------------+--------------------+--------------------------------+
; Total   ; Incr    ; RF ; Type ; Fanout ; Location             ; Element Type       ; Element                        ;
+---------+---------+----+------+--------+----------------------+--------------------+--------------------------------+
; 0.000   ; 0.000   ;    ;      ;        ;                      ;                    ; launch edge time               ;
; 0.788   ; 0.788   ;    ;      ;        ;                      ;                    ; clock path                     ;
;   0.000 ;   0.000 ;    ;      ;        ;                      ;                    ; source latency                 ;
;   0.000 ;   0.000 ;    ;      ; 1      ; MLABCELL_X61_Y98_N15 ; Combinational cell ; iClk                           ;
;   0.052 ;   0.052 ; RR ; IC   ; 1      ; MLABCELL_X61_Y98_N24 ; Combinational cell ; iClk~FITTER_INSERTED_0|datae   ;
;   0.115 ;   0.063 ; RR ; CELL ; 1851   ; MLABCELL_X61_Y98_N24 ; Combinational cell ; iClk~FITTER_INSERTED_0|combout ;
;   0.788 ;   0.673 ; RR ; IC   ; 1      ; FF_X99_Y99_N28       ; ALM Register       ; u_dut|data_shift[59][13]|clk   ;
;   0.788 ;   0.000 ; RR ; CELL ; 1      ; FF_X99_Y99_N28       ; ALM Register       ; u_dut|data_shift[59][13]       ;
; 0.973   ; 0.185   ;    ;      ;        ;                      ;                    ; data path                      ;
;   0.925 ;   0.137 ; RR ; uTco ; 2      ; FF_X99_Y99_N28       ; ALM Register       ; u_dut|data_shift[59][13]|q     ;
;   0.973 ;   0.048 ; RR ; IC   ; 1      ; FF_X99_Y99_N25       ; ALM Register       ; u_dut|data_shift[60][13]|d     ;
;   0.973 ;   0.000 ; RR ; CELL ; 1      ; FF_X99_Y99_N25       ; ALM Register       ; u_dut|data_shift[60][13]       ;
+---------+---------+----+------+--------+----------------------+--------------------+--------------------------------+

+----------------------------------------------------------------------------------------------------------------------+
; Data Required Path                                                                                                   ;
+---------+----------+----+------+--------+----------------------+--------------------+--------------------------------+
; Total   ; Incr     ; RF ; Type ; Fanout ; Location             ; Element Type       ; Element                        ;
+---------+----------+----+------+--------+----------------------+--------------------+--------------------------------+
; 0.000   ; 0.000    ;    ;      ;        ;                      ;                    ; latch edge time                ;
; 0.788   ; 0.788    ;    ;      ;        ;                      ;                    ; clock path                     ;
;   0.000 ;   0.000  ;    ;      ;        ;                      ;                    ; source latency                 ;
;   0.000 ;   0.000  ;    ;      ; 1      ; MLABCELL_X61_Y98_N15 ; Combinational cell ; iClk                           ;
;   0.066 ;   0.066  ; RR ; IC   ; 1      ; MLABCELL_X61_Y98_N24 ; Combinational cell ; iClk~FITTER_INSERTED_0|datae   ;
;   0.137 ;   0.071  ; RR ; CELL ; 1851   ; MLABCELL_X61_Y98_N24 ; Combinational cell ; iClk~FITTER_INSERTED_0|combout ;
;   0.870 ;   0.733  ; RR ; IC   ; 1      ; FF_X99_Y99_N25       ; ALM Register       ; u_dut|data_shift[60][13]|clk   ;
;   0.870 ;   0.000  ; RR ; CELL ; 1      ; FF_X99_Y99_N25       ; ALM Register       ; u_dut|data_shift[60][13]       ;
;   0.788 ;   -0.082 ;    ;      ;        ;                      ;                    ; clock pessimism removed        ;
; 0.857   ; 0.069    ;    ; uTh  ; 1      ; FF_X99_Y99_N25       ; ALM Register       ; u_dut|data_shift[60][13]       ;
+---------+----------+----+------+--------+----------------------+--------------------+--------------------------------+



Path #9: Hold slack is 0.116 
===============================================================================
+------------------------------------------------------------+
; Path Summary                                               ;
+---------------------------------+--------------------------+
; Property                        ; Value                    ;
+---------------------------------+--------------------------+
; From Node                       ; u_dut|data_shift[45][9]  ;
; To Node                         ; u_dut|data_shift[46][9]  ;
; Launch Clock                    ; iClk                     ;
; Latch Clock                     ; iClk                     ;
; SDC Exception                   ; No SDC Exception on Path ;
; Data Arrival Time               ; 0.976                    ;
; Data Required Time              ; 0.860                    ;
; Slack                           ; 0.116                    ;
; Worst-Case Operating Conditions ; Fast fix6 0C Model       ;
+---------------------------------+--------------------------+

+-----------------------------------------------------------------------------------+
; Statistics                                                                        ;
+------------------------+-------+-------+-------------+------------+-------+-------+
; Property               ; Value ; Count ; Total Delay ; % of Total ; Min   ; Max   ;
+------------------------+-------+-------+-------------+------------+-------+-------+
; Hold Relationship      ; 0.000 ;       ;             ;            ;       ;       ;
; Clock Skew             ; 0.000 ;       ;             ;            ;       ;       ;
; Data Delay             ; 0.186 ;       ;             ;            ;       ;       ;
; Number of Logic Levels ;       ; 0     ;             ;            ;       ;       ;
; Physical Delays        ;       ;       ;             ;            ;       ;       ;
;  Arrival Path          ;       ;       ;             ;            ;       ;       ;
;   Clock                ;       ;       ;             ;            ;       ;       ;
;    IC                  ;       ; 2     ; 0.727       ; 92         ; 0.052 ; 0.675 ;
;    Cell                ;       ; 2     ; 0.063       ; 8          ; 0.000 ; 0.063 ;
;   Data                 ;       ;       ;             ;            ;       ;       ;
;    IC                  ;       ; 1     ; 0.048       ; 26         ; 0.048 ; 0.048 ;
;    Cell                ;       ; 1     ; 0.000       ; 0          ; 0.000 ; 0.000 ;
;    uTco                ;       ; 1     ; 0.138       ; 74         ; 0.138 ; 0.138 ;
;  Required Path         ;       ;       ;             ;            ;       ;       ;
;   Clock                ;       ;       ;             ;            ;       ;       ;
;    IC                  ;       ; 2     ; 0.802       ; 92         ; 0.066 ; 0.736 ;
;    Cell                ;       ; 2     ; 0.071       ; 8          ; 0.000 ; 0.071 ;
+------------------------+-------+-------+-------------+------------+-------+-------+
Note: Negative delays are omitted from totals when calculating percentages

+---------------------------------------------------------------------------------------------------------------------+
; Data Arrival Path                                                                                                   ;
+---------+---------+----+------+--------+----------------------+--------------------+--------------------------------+
; Total   ; Incr    ; RF ; Type ; Fanout ; Location             ; Element Type       ; Element                        ;
+---------+---------+----+------+--------+----------------------+--------------------+--------------------------------+
; 0.000   ; 0.000   ;    ;      ;        ;                      ;                    ; launch edge time               ;
; 0.790   ; 0.790   ;    ;      ;        ;                      ;                    ; clock path                     ;
;   0.000 ;   0.000 ;    ;      ;        ;                      ;                    ; source latency                 ;
;   0.000 ;   0.000 ;    ;      ; 1      ; MLABCELL_X61_Y98_N15 ; Combinational cell ; iClk                           ;
;   0.052 ;   0.052 ; RR ; IC   ; 1      ; MLABCELL_X61_Y98_N24 ; Combinational cell ; iClk~FITTER_INSERTED_0|datae   ;
;   0.115 ;   0.063 ; RR ; CELL ; 1851   ; MLABCELL_X61_Y98_N24 ; Combinational cell ; iClk~FITTER_INSERTED_0|combout ;
;   0.790 ;   0.675 ; RR ; IC   ; 1      ; FF_X103_Y105_N7      ; ALM Register       ; u_dut|data_shift[45][9]|clk    ;
;   0.790 ;   0.000 ; RR ; CELL ; 1      ; FF_X103_Y105_N7      ; ALM Register       ; u_dut|data_shift[45][9]        ;
; 0.976   ; 0.186   ;    ;      ;        ;                      ;                    ; data path                      ;
;   0.928 ;   0.138 ; RR ; uTco ; 2      ; FF_X103_Y105_N7      ; ALM Register       ; u_dut|data_shift[45][9]|q      ;
;   0.976 ;   0.048 ; RR ; IC   ; 1      ; FF_X103_Y105_N8      ; ALM Register       ; u_dut|data_shift[46][9]|d      ;
;   0.976 ;   0.000 ; RR ; CELL ; 1      ; FF_X103_Y105_N8      ; ALM Register       ; u_dut|data_shift[46][9]        ;
+---------+---------+----+------+--------+----------------------+--------------------+--------------------------------+

+----------------------------------------------------------------------------------------------------------------------+
; Data Required Path                                                                                                   ;
+---------+----------+----+------+--------+----------------------+--------------------+--------------------------------+
; Total   ; Incr     ; RF ; Type ; Fanout ; Location             ; Element Type       ; Element                        ;
+---------+----------+----+------+--------+----------------------+--------------------+--------------------------------+
; 0.000   ; 0.000    ;    ;      ;        ;                      ;                    ; latch edge time                ;
; 0.790   ; 0.790    ;    ;      ;        ;                      ;                    ; clock path                     ;
;   0.000 ;   0.000  ;    ;      ;        ;                      ;                    ; source latency                 ;
;   0.000 ;   0.000  ;    ;      ; 1      ; MLABCELL_X61_Y98_N15 ; Combinational cell ; iClk                           ;
;   0.066 ;   0.066  ; RR ; IC   ; 1      ; MLABCELL_X61_Y98_N24 ; Combinational cell ; iClk~FITTER_INSERTED_0|datae   ;
;   0.137 ;   0.071  ; RR ; CELL ; 1851   ; MLABCELL_X61_Y98_N24 ; Combinational cell ; iClk~FITTER_INSERTED_0|combout ;
;   0.873 ;   0.736  ; RR ; IC   ; 1      ; FF_X103_Y105_N8      ; ALM Register       ; u_dut|data_shift[46][9]|clk    ;
;   0.873 ;   0.000  ; RR ; CELL ; 1      ; FF_X103_Y105_N8      ; ALM Register       ; u_dut|data_shift[46][9]        ;
;   0.790 ;   -0.083 ;    ;      ;        ;                      ;                    ; clock pessimism removed        ;
; 0.860   ; 0.070    ;    ; uTh  ; 1      ; FF_X103_Y105_N8      ; ALM Register       ; u_dut|data_shift[46][9]        ;
+---------+----------+----+------+--------+----------------------+--------------------+--------------------------------+



Path #10: Hold slack is 0.116 
===============================================================================
+------------------------------------------------------------+
; Path Summary                                               ;
+---------------------------------+--------------------------+
; Property                        ; Value                    ;
+---------------------------------+--------------------------+
; From Node                       ; u_dut|data_shift[52][7]  ;
; To Node                         ; u_dut|data_shift[53][7]  ;
; Launch Clock                    ; iClk                     ;
; Latch Clock                     ; iClk                     ;
; SDC Exception                   ; No SDC Exception on Path ;
; Data Arrival Time               ; 0.962                    ;
; Data Required Time              ; 0.846                    ;
; Slack                           ; 0.116                    ;
; Worst-Case Operating Conditions ; Fast fix6 0C Model       ;
+---------------------------------+--------------------------+

+-----------------------------------------------------------------------------------+
; Statistics                                                                        ;
+------------------------+-------+-------+-------------+------------+-------+-------+
; Property               ; Value ; Count ; Total Delay ; % of Total ; Min   ; Max   ;
+------------------------+-------+-------+-------------+------------+-------+-------+
; Hold Relationship      ; 0.000 ;       ;             ;            ;       ;       ;
; Clock Skew             ; 0.001 ;       ;             ;            ;       ;       ;
; Data Delay             ; 0.188 ;       ;             ;            ;       ;       ;
; Number of Logic Levels ;       ; 0     ;             ;            ;       ;       ;
; Physical Delays        ;       ;       ;             ;            ;       ;       ;
;  Arrival Path          ;       ;       ;             ;            ;       ;       ;
;   Clock                ;       ;       ;             ;            ;       ;       ;
;    IC                  ;       ; 2     ; 0.711       ; 92         ; 0.052 ; 0.659 ;
;    Cell                ;       ; 2     ; 0.063       ; 8          ; 0.000 ; 0.063 ;
;   Data                 ;       ;       ;             ;            ;       ;       ;
;    IC                  ;       ; 1     ; 0.049       ; 26         ; 0.049 ; 0.049 ;
;    Cell                ;       ; 1     ; 0.000       ; 0          ; 0.000 ; 0.000 ;
;    uTco                ;       ; 1     ; 0.139       ; 74         ; 0.139 ; 0.139 ;
;  Required Path         ;       ;       ;             ;            ;       ;       ;
;   Clock                ;       ;       ;             ;            ;       ;       ;
;    IC                  ;       ; 2     ; 0.785       ; 92         ; 0.066 ; 0.719 ;
;    Cell                ;       ; 2     ; 0.071       ; 8          ; 0.000 ; 0.071 ;
+------------------------+-------+-------+-------------+------------+-------+-------+
Note: Negative delays are omitted from totals when calculating percentages

+---------------------------------------------------------------------------------------------------------------------+
; Data Arrival Path                                                                                                   ;
+---------+---------+----+------+--------+----------------------+--------------------+--------------------------------+
; Total   ; Incr    ; RF ; Type ; Fanout ; Location             ; Element Type       ; Element                        ;
+---------+---------+----+------+--------+----------------------+--------------------+--------------------------------+
; 0.000   ; 0.000   ;    ;      ;        ;                      ;                    ; launch edge time               ;
; 0.774   ; 0.774   ;    ;      ;        ;                      ;                    ; clock path                     ;
;   0.000 ;   0.000 ;    ;      ;        ;                      ;                    ; source latency                 ;
;   0.000 ;   0.000 ;    ;      ; 1      ; MLABCELL_X61_Y98_N15 ; Combinational cell ; iClk                           ;
;   0.052 ;   0.052 ; RR ; IC   ; 1      ; MLABCELL_X61_Y98_N24 ; Combinational cell ; iClk~FITTER_INSERTED_0|datae   ;
;   0.115 ;   0.063 ; RR ; CELL ; 1851   ; MLABCELL_X61_Y98_N24 ; Combinational cell ; iClk~FITTER_INSERTED_0|combout ;
;   0.774 ;   0.659 ; RR ; IC   ; 1      ; FF_X93_Y100_N28      ; ALM Register       ; u_dut|data_shift[52][7]|clk    ;
;   0.774 ;   0.000 ; RR ; CELL ; 1      ; FF_X93_Y100_N28      ; ALM Register       ; u_dut|data_shift[52][7]        ;
; 0.962   ; 0.188   ;    ;      ;        ;                      ;                    ; data path                      ;
;   0.913 ;   0.139 ; RR ; uTco ; 2      ; FF_X93_Y100_N28      ; ALM Register       ; u_dut|data_shift[52][7]|q      ;
;   0.962 ;   0.049 ; RR ; IC   ; 1      ; FF_X93_Y100_N26      ; ALM Register       ; u_dut|data_shift[53][7]|d      ;
;   0.962 ;   0.000 ; RR ; CELL ; 1      ; FF_X93_Y100_N26      ; ALM Register       ; u_dut|data_shift[53][7]        ;
+---------+---------+----+------+--------+----------------------+--------------------+--------------------------------+

+----------------------------------------------------------------------------------------------------------------------+
; Data Required Path                                                                                                   ;
+---------+----------+----+------+--------+----------------------+--------------------+--------------------------------+
; Total   ; Incr     ; RF ; Type ; Fanout ; Location             ; Element Type       ; Element                        ;
+---------+----------+----+------+--------+----------------------+--------------------+--------------------------------+
; 0.000   ; 0.000    ;    ;      ;        ;                      ;                    ; latch edge time                ;
; 0.775   ; 0.775    ;    ;      ;        ;                      ;                    ; clock path                     ;
;   0.000 ;   0.000  ;    ;      ;        ;                      ;                    ; source latency                 ;
;   0.000 ;   0.000  ;    ;      ; 1      ; MLABCELL_X61_Y98_N15 ; Combinational cell ; iClk                           ;
;   0.066 ;   0.066  ; RR ; IC   ; 1      ; MLABCELL_X61_Y98_N24 ; Combinational cell ; iClk~FITTER_INSERTED_0|datae   ;
;   0.137 ;   0.071  ; RR ; CELL ; 1851   ; MLABCELL_X61_Y98_N24 ; Combinational cell ; iClk~FITTER_INSERTED_0|combout ;
;   0.856 ;   0.719  ; RR ; IC   ; 1      ; FF_X93_Y100_N26      ; ALM Register       ; u_dut|data_shift[53][7]|clk    ;
;   0.856 ;   0.000  ; RR ; CELL ; 1      ; FF_X93_Y100_N26      ; ALM Register       ; u_dut|data_shift[53][7]        ;
;   0.775 ;   -0.081 ;    ;      ;        ;                      ;                    ; clock pessimism removed        ;
; 0.846   ; 0.071    ;    ; uTh  ; 1      ; FF_X93_Y100_N26      ; ALM Register       ; u_dut|data_shift[53][7]        ;
+---------+----------+----+------+--------+----------------------+--------------------+--------------------------------+



+--------------------------+
; Timing Analyzer Messages ;
+--------------------------+
Info (20030): Parallel compilation is enabled and will use 12 of the 12 processors detected
Info: *******************************************************************
Info: Running Quartus Prime Timing Analyzer
    Info: Version 24.3.1 Build 102 01/14/2025 SC Pro Edition
    Info: Processing started: Wed Jul 29 23:58:54 2026
    Info: System process ID: 47436
Info: Command: quartus_sta shift_depth100 -c shift_depth100 --mode=finalize
Info: qsta_default_script.tcl version: #1
Info (16677): Loading final database.
Info (16734): Loading "final" snapshot for partition "root_partition".
Info (16678): Successfully loaded final database: elapsed time is 00:00:14.
Info (21076): High junction temperature operating condition is not set. Assuming a default value of '100'.
Info (21076): Low junction temperature operating condition is not set. Assuming a default value of '0'.
Info (19539): Reading the HDL-embedded SDC files elapsed 00:00:00.
Info (332104): Reading SDC File: '../../constraints/clock_100mhz.sdc'
Info (332151): Clock uncertainty is not calculated until you update the timing netlist.
Info (19449): Reading SDC files elapsed 00:00:00.
Warning (332158): Clock uncertainty characteristics of the Agilex 5 device family are preliminary
Info (332154): The derive_clock_uncertainty command did not apply clock uncertainty to any clock-to-clock transfers.
Info: Found TIMING_ANALYZER_REPORT_SCRIPT_INCLUDE_DEFAULT_ANALYSIS = ON
Info (332146): Worst-case setup slack is 8.800
    Info (332119):     Slack       End Point TNS Failing End Points      Clock Worst-Case Operating Conditions 
    Info (332119): ========= =================== ========= ========== ===================== 
    Info (332119):     8.800               0.000         0       iClk    Slow fix6 0C Model 
Info (332146): Worst-case hold slack is 0.112
    Info (332119):     Slack       End Point TNS Failing End Points      Clock Worst-Case Operating Conditions 
    Info (332119): ========= =================== ========= ========== ===================== 
    Info (332119):     0.112               0.000         0       iClk    Fast fix6 0C Model 
Info (332140): No Recovery paths to report
Info (332140): No Removal paths to report
Info (332140): No Setup paths to report
Info (332140): No Recovery paths to report
Info (332146): Worst-case minimum pulse width slack is 4.587
    Info (332119):     Slack       End Point TNS Failing End Points      Clock Worst-Case Operating Conditions 
    Info (332119): ========= =================== ========= ========== ===================== 
    Info (332119):     4.587               0.000         0       iClk    Slow fix6 0C Model 
Info (332102): Design is not fully constrained for setup requirements
Info (332102): Design is not fully constrained for hold requirements
Info (21615): Running Design Assistant Rules for snapshot 'final'
Info: No waiver waived any violations
Info (22360): Design Assistant Results: 85 of 85 enabled rules passed, and 10 rules was disabled, in snapshot 'final'
Info (21661): Design Assistant Results: 0 of 34 High severity rules issued violations in snapshot 'final'
Info (21621): Design Assistant Results: 0 of 36 Medium severity rules issued violations in snapshot 'final'
Info (21622): Design Assistant Results: 0 of 15 Low severity rules issued violations in snapshot 'final'
Info (24095): Timing requirements were met
Info: Quartus Prime Timing Analyzer was successful. 0 errors, 1 warning
    Info: Peak virtual memory: 1023 megabytes
    Info: Processing ended: Wed Jul 29 23:59:40 2026
    Info: Elapsed time: 00:00:46
    Info: System process ID: 47436


+------------------------------------------------------------------+
; Unconstrained Paths Summary                                      ;
+---------------------------------------------------+-------+------+
; Property                                          ; Setup ; Hold ;
+---------------------------------------------------+-------+------+
; Illegal Clocks                                    ; 0     ; 0    ;
; Unconstrained Clocks                              ; 0     ; 0    ;
; Unconstrained Input Ports                         ; 25    ; 25   ;
; Paths from Unconstrained Input Ports (Pairs-Only) ; 2020  ; 2020 ;
; Unconstrained Output Ports                        ; 17    ; 17   ;
; Paths to Unconstrained Output Ports (Pairs-Only)  ; 3436  ; 3436 ;
+---------------------------------------------------+-------+------+


+-------------------------------------+
; Clock Status Summary                ;
+--------+-------+------+-------------+
; Target ; Clock ; Type ; Status      ;
+--------+-------+------+-------------+
; iClk   ; iClk  ; Base ; Constrained ;
+--------+-------+------+-------------+


+---------------------------------------------------------------------------------------------------+
; Unconstrained Input Ports                                                                         ;
+------------+--------------------------------------------------------------------------------------+
; Input Port ; Comment                                                                              ;
+------------+--------------------------------------------------------------------------------------+
; iRsn       ; No input delay, min/max delays, false-path exceptions, or max skew assignments found ;
; iDelay[6]  ; No input delay, min/max delays, false-path exceptions, or max skew assignments found ;
; iDelay[5]  ; No input delay, min/max delays, false-path exceptions, or max skew assignments found ;
; iDelay[4]  ; No input delay, min/max delays, false-path exceptions, or max skew assignments found ;
; iDelay[1]  ; No input delay, min/max delays, false-path exceptions, or max skew assignments found ;
; iDelay[2]  ; No input delay, min/max delays, false-path exceptions, or max skew assignments found ;
; iDelay[3]  ; No input delay, min/max delays, false-path exceptions, or max skew assignments found ;
; iDelay[0]  ; No input delay, min/max delays, false-path exceptions, or max skew assignments found ;
; iDataEn    ; No input delay, min/max delays, false-path exceptions, or max skew assignments found ;
; iData[0]   ; No input delay, min/max delays, false-path exceptions, or max skew assignments found ;
; iData[1]   ; No input delay, min/max delays, false-path exceptions, or max skew assignments found ;
; iData[2]   ; No input delay, min/max delays, false-path exceptions, or max skew assignments found ;
; iData[3]   ; No input delay, min/max delays, false-path exceptions, or max skew assignments found ;
; iData[4]   ; No input delay, min/max delays, false-path exceptions, or max skew assignments found ;
; iData[5]   ; No input delay, min/max delays, false-path exceptions, or max skew assignments found ;
; iData[6]   ; No input delay, min/max delays, false-path exceptions, or max skew assignments found ;
; iData[7]   ; No input delay, min/max delays, false-path exceptions, or max skew assignments found ;
; iData[8]   ; No input delay, min/max delays, false-path exceptions, or max skew assignments found ;
; iData[9]   ; No input delay, min/max delays, false-path exceptions, or max skew assignments found ;
; iData[10]  ; No input delay, min/max delays, false-path exceptions, or max skew assignments found ;
; iData[11]  ; No input delay, min/max delays, false-path exceptions, or max skew assignments found ;
; iData[12]  ; No input delay, min/max delays, false-path exceptions, or max skew assignments found ;
; iData[13]  ; No input delay, min/max delays, false-path exceptions, or max skew assignments found ;
; iData[14]  ; No input delay, min/max delays, false-path exceptions, or max skew assignments found ;
; iData[15]  ; No input delay, min/max delays, false-path exceptions, or max skew assignments found ;
+------------+--------------------------------------------------------------------------------------+


+-----------------------------------------------------------------------------------------------------+
; Unconstrained Output Ports                                                                          ;
+-------------+---------------------------------------------------------------------------------------+
; Output Port ; Comment                                                                               ;
+-------------+---------------------------------------------------------------------------------------+
; oDataEn     ; No output delay, min/max delays, false-path exceptions, or max skew assignments found ;
; oData[0]    ; No output delay, min/max delays, false-path exceptions, or max skew assignments found ;
; oData[1]    ; No output delay, min/max delays, false-path exceptions, or max skew assignments found ;
; oData[2]    ; No output delay, min/max delays, false-path exceptions, or max skew assignments found ;
; oData[3]    ; No output delay, min/max delays, false-path exceptions, or max skew assignments found ;
; oData[4]    ; No output delay, min/max delays, false-path exceptions, or max skew assignments found ;
; oData[5]    ; No output delay, min/max delays, false-path exceptions, or max skew assignments found ;
; oData[6]    ; No output delay, min/max delays, false-path exceptions, or max skew assignments found ;
; oData[7]    ; No output delay, min/max delays, false-path exceptions, or max skew assignments found ;
; oData[8]    ; No output delay, min/max delays, false-path exceptions, or max skew assignments found ;
; oData[9]    ; No output delay, min/max delays, false-path exceptions, or max skew assignments found ;
; oData[10]   ; No output delay, min/max delays, false-path exceptions, or max skew assignments found ;
; oData[11]   ; No output delay, min/max delays, false-path exceptions, or max skew assignments found ;
; oData[12]   ; No output delay, min/max delays, false-path exceptions, or max skew assignments found ;
; oData[13]   ; No output delay, min/max delays, false-path exceptions, or max skew assignments found ;
; oData[14]   ; No output delay, min/max delays, false-path exceptions, or max skew assignments found ;
; oData[15]   ; No output delay, min/max delays, false-path exceptions, or max skew assignments found ;
+-------------+---------------------------------------------------------------------------------------+


+---------------------------------------------------------------------------------------------------+
; Unconstrained Input Ports                                                                         ;
+------------+--------------------------------------------------------------------------------------+
; Input Port ; Comment                                                                              ;
+------------+--------------------------------------------------------------------------------------+
; iRsn       ; No input delay, min/max delays, false-path exceptions, or max skew assignments found ;
; iDelay[6]  ; No input delay, min/max delays, false-path exceptions, or max skew assignments found ;
; iDelay[5]  ; No input delay, min/max delays, false-path exceptions, or max skew assignments found ;
; iDelay[4]  ; No input delay, min/max delays, false-path exceptions, or max skew assignments found ;
; iDelay[1]  ; No input delay, min/max delays, false-path exceptions, or max skew assignments found ;
; iDelay[2]  ; No input delay, min/max delays, false-path exceptions, or max skew assignments found ;
; iDelay[3]  ; No input delay, min/max delays, false-path exceptions, or max skew assignments found ;
; iDelay[0]  ; No input delay, min/max delays, false-path exceptions, or max skew assignments found ;
; iDataEn    ; No input delay, min/max delays, false-path exceptions, or max skew assignments found ;
; iData[0]   ; No input delay, min/max delays, false-path exceptions, or max skew assignments found ;
; iData[1]   ; No input delay, min/max delays, false-path exceptions, or max skew assignments found ;
; iData[2]   ; No input delay, min/max delays, false-path exceptions, or max skew assignments found ;
; iData[3]   ; No input delay, min/max delays, false-path exceptions, or max skew assignments found ;
; iData[4]   ; No input delay, min/max delays, false-path exceptions, or max skew assignments found ;
; iData[5]   ; No input delay, min/max delays, false-path exceptions, or max skew assignments found ;
; iData[6]   ; No input delay, min/max delays, false-path exceptions, or max skew assignments found ;
; iData[7]   ; No input delay, min/max delays, false-path exceptions, or max skew assignments found ;
; iData[8]   ; No input delay, min/max delays, false-path exceptions, or max skew assignments found ;
; iData[9]   ; No input delay, min/max delays, false-path exceptions, or max skew assignments found ;
; iData[10]  ; No input delay, min/max delays, false-path exceptions, or max skew assignments found ;
; iData[11]  ; No input delay, min/max delays, false-path exceptions, or max skew assignments found ;
; iData[12]  ; No input delay, min/max delays, false-path exceptions, or max skew assignments found ;
; iData[13]  ; No input delay, min/max delays, false-path exceptions, or max skew assignments found ;
; iData[14]  ; No input delay, min/max delays, false-path exceptions, or max skew assignments found ;
; iData[15]  ; No input delay, min/max delays, false-path exceptions, or max skew assignments found ;
+------------+--------------------------------------------------------------------------------------+


+-----------------------------------------------------------------------------------------------------+
; Unconstrained Output Ports                                                                          ;
+-------------+---------------------------------------------------------------------------------------+
; Output Port ; Comment                                                                               ;
+-------------+---------------------------------------------------------------------------------------+
; oDataEn     ; No output delay, min/max delays, false-path exceptions, or max skew assignments found ;
; oData[0]    ; No output delay, min/max delays, false-path exceptions, or max skew assignments found ;
; oData[1]    ; No output delay, min/max delays, false-path exceptions, or max skew assignments found ;
; oData[2]    ; No output delay, min/max delays, false-path exceptions, or max skew assignments found ;
; oData[3]    ; No output delay, min/max delays, false-path exceptions, or max skew assignments found ;
; oData[4]    ; No output delay, min/max delays, false-path exceptions, or max skew assignments found ;
; oData[5]    ; No output delay, min/max delays, false-path exceptions, or max skew assignments found ;
; oData[6]    ; No output delay, min/max delays, false-path exceptions, or max skew assignments found ;
; oData[7]    ; No output delay, min/max delays, false-path exceptions, or max skew assignments found ;
; oData[8]    ; No output delay, min/max delays, false-path exceptions, or max skew assignments found ;
; oData[9]    ; No output delay, min/max delays, false-path exceptions, or max skew assignments found ;
; oData[10]   ; No output delay, min/max delays, false-path exceptions, or max skew assignments found ;
; oData[11]   ; No output delay, min/max delays, false-path exceptions, or max skew assignments found ;
; oData[12]   ; No output delay, min/max delays, false-path exceptions, or max skew assignments found ;
; oData[13]   ; No output delay, min/max delays, false-path exceptions, or max skew assignments found ;
; oData[14]   ; No output delay, min/max delays, false-path exceptions, or max skew assignments found ;
; oData[15]   ; No output delay, min/max delays, false-path exceptions, or max skew assignments found ;
+-------------+---------------------------------------------------------------------------------------+


-------------
; INI Usage ;
-------------
Nothing to report.


+-----------------------------------------------------------------------------+
; Multicorner Timing Analysis Summary                                         ;
+------------------+-------+-------+----------+---------+---------------------+
; Clock            ; Setup ; Hold  ; Recovery ; Removal ; Minimum Pulse Width ;
+------------------+-------+-------+----------+---------+---------------------+
; Worst-case Slack ; 8.800 ; 0.112 ; N/A      ; N/A     ; 4.587               ;
;  iClk            ; 8.800 ; 0.112 ; N/A      ; N/A     ; 4.587               ;
; Design-wide TNS  ; 0.0   ; 0.0   ; 0.0      ; 0.0     ; 0.0                 ;
;  iClk            ; 0.000 ; 0.000 ; N/A      ; N/A     ; 0.000               ;
+------------------+-------+-------+----------+---------+---------------------+


+----------------------------------------------------------------------------------------------------------------------------------------------------------------------------------------------+
; Design Assistant (Signoff) Results - 0 of 85 Rules Failed                                                                                                                                    ;
+------------------------------------------------------------------------------------------------------------+----------+------------+--------+------------------------------------------------+
; Rule                                                                                                       ; Severity ; Violations ; Waived ; Tags                                           ;
+------------------------------------------------------------------------------------------------------------+----------+------------+--------+------------------------------------------------+
; CDC-50001 - 1-Bit Asynchronous Transfer Not Synchronized                                                   ; High     ; 0          ; 0      ; synchronizer                                   ;
; CDC-50002 - 1-Bit Asynchronous Transfer with Insufficient Constraints                                      ; High     ; 0          ; 0      ; synchronizer                                   ;
; CDC-50003 - CE-Type CDC Transfer with Insufficient Constraints                                             ; High     ; 0          ; 0      ; cdc-bus                                        ;
; CDC-50004 - MUX-type CDC Transfer with Insufficient Constraints                                            ; High     ; 0          ; 0      ; cdc-bus                                        ;
; CDC-50005 - CDC Bus Constructed with Multi-bit Synchronizer Chains of Different Lengths                    ; High     ; 0          ; 0      ; synchronizer, cdc-bus                          ;
; CDC-50006 - CDC Bus Constructed with Unsynchronized Registers                                              ; High     ; 0          ; 0      ; synchronizer, cdc-bus                          ;
; CDC-50007 - CDC Bus Constructed with Multi-bit Synchronizer Chains with Insufficient Constraints           ; High     ; 0          ; 0      ; synchronizer, cdc-bus                          ;
; CDC-50011 - Combinational Logic Before Synchronizer Chain                                                  ; High     ; 0          ; 0      ; synchronizer                                   ;
; CDC-50012 - Multiple Clock Domains Driving a Synchronizer Chain                                            ; High     ; 0          ; 0      ; synchronizer                                   ;
; CLK-30026 - Missing Clock Assignment                                                                       ; High     ; 0          ; 0      ; sdc                                            ;
; CLK-30027 - Multiple Clock Assignments Found                                                               ; High     ; 0          ; 0      ; sdc                                            ;
; CLK-30028 - Invalid Generated Clock                                                                        ; High     ; 0          ; 0      ; sdc                                            ;
; CLK-30029 - Invalid Clock Assignments                                                                      ; High     ; 0          ; 0      ; sdc                                            ;
; CLK-30030 - PLL Setting Violation                                                                          ; High     ; 0          ; 0      ; sdc                                            ;
; CLK-30033 - Invalid Clock Group Assignment                                                                 ; High     ; 0          ; 0      ; sdc                                            ;
; CLK-30034 - Clock Pairs Missing Logically Exclusive Clock Group Assignment                                 ; High     ; 0          ; 0      ; sdc                                            ;
; CLK-30035 - Clock Pairs Missing Physically Exclusive Clock Group Assignment                                ; High     ; 0          ; 0      ; sdc                                            ;
; CLK-30042 - Incorrect Clock Group Type                                                                     ; High     ; 0          ; 0      ; sdc                                            ;
; RES-50001 - Asynchronous Reset Is Not Synchronized                                                         ; High     ; 0          ; 0      ; synchronizer                                   ;
; RES-50002 - Asynchronous Reset is Insufficiently Synchronized                                              ; High     ; 0          ; 0      ; synchronizer                                   ;
; RES-50003 - Asynchronous Reset with Insufficient Constraints                                               ; High     ; 0          ; 0      ; synchronizer                                   ;
; RES-50004 - Multiple Asynchronous Resets within Reset Synchronizer Chain                                   ; High     ; 0          ; 0      ; synchronizer                                   ;
; TMC-20011 - Missing Input Delay Constraint                                                                 ; High     ; 0          ; 0      ; sdc, system                                    ;
; TMC-20012 - Missing Output Delay Constraint                                                                ; High     ; 0          ; 0      ; sdc, system                                    ;
; TMC-20013 - Partial Input Delay                                                                            ; High     ; 0          ; 0      ; sdc, system                                    ;
; TMC-20014 - Partial Output Delay                                                                           ; High     ; 0          ; 0      ; sdc, system                                    ;
; TMC-20015 - Inconsistent Min-Max Delay                                                                     ; High     ; 0          ; 0      ; sdc                                            ;
; TMC-20016 - Invalid Reference Pin                                                                          ; High     ; 0          ; 0      ; sdc, system                                    ;
; TMC-20017 - Loops Detected                                                                                 ; High     ; 0          ; 0      ; sdc                                            ;
; TMC-20019 - Partial Multicycle Assignment                                                                  ; High     ; 0          ; 0      ; sdc                                            ;
; TMC-20022 - I/O Delay Assignment Missing Parameters                                                        ; High     ; 0          ; 0      ; sdc, system                                    ;
; TMC-20023 - Invalid Set Net Delay Assignment                                                               ; High     ; 0          ; 0      ; sdc                                            ;
; TMC-20027 - Collection Filter Matching Multiple Types                                                      ; High     ; 0          ; 0      ; sdc                                            ;
; TMC-30041 - Constraint with Invalid Clock Reference                                                        ; High     ; 0          ; 0      ; sdc                                            ;
; CDC-50103 - Unsynchronized Intra-Clock Forced Synchronizer                                                 ; Medium   ; 0          ; 0      ; synchronizer                                   ;
; CLK-30031 - Input Delay Assigned to Clock                                                                  ; Medium   ; 0          ; 0      ; sdc, system                                    ;
; CLK-30032 - Improper Clock Targets                                                                         ; Medium   ; 0          ; 0      ; sdc                                            ;
; FLP-10000 - Physical RAM with Utilization Below Threshold                                                  ; Medium   ; 0          ; 0      ; ram, resource-usage                            ;
; FLP-10501 - Top-Level Ports Without Pin Location Assignment                                                ; Medium   ; 0          ; 0      ; system                                         ;
; LNT-30023 - Reset Nets with Polarity Conflict                                                              ; Medium   ; 0          ; 0      ; reset-usage                                    ;
; RDC-50003 - Multiple Asynchronous Reset Synchronizers in the Same Clock Domain                             ; Medium   ; 0          ; 0      ; reset-usage, reset-reachability                ;
; TMC-20018 - Unsupported Latches Detected                                                                   ; Medium   ; 0          ; 0      ; latch                                          ;
; TMC-20021 - Partial Min-Max Delay Assignment                                                               ; Medium   ; 0          ; 0      ; sdc                                            ;
; TMC-20024 - Synchronous Data Delay Assignment                                                              ; Medium   ; 0          ; 0      ; sdc                                            ;
; TMC-20025 - Ignored or Overridden Constraints                                                              ; Medium   ; 0          ; 0      ; sdc                                            ;
; TMC-20026 - Empty Collection Due To Unmatched Filter                                                       ; Medium   ; 0          ; 0      ; sdc                                            ;
; TMC-20200 - Paths Failing Setup Analysis with Impossible Requirements                                      ; Medium   ; 0          ; 0      ; intrinsic-margin, impossible-requirements, sdc ;
; TMC-20201 - Paths Failing Setup Analysis with High Clock Skew                                              ; Medium   ; 0          ; 0      ; intrinsic-margin                               ;
; TMC-20204 - Endpoints of Paths Failing Setup Analysis with Retiming Restrictions                           ; Medium   ; 0          ; 0      ; retime                                         ;
; TMC-20205 - Endpoints of Paths Failing Setup Analysis with Explicit Power-Up States that Restrict Retiming ; Medium   ; 0          ; 0      ; retime                                         ;
; TMC-20206 - DSP Blocks with Unregistered Outputs that are the Source of Paths Failing Setup Analysis       ; Medium   ; 0          ; 0      ; dsp                                            ;
; TMC-20207 - DSP Blocks with Unregistered Inputs that are the Destination of Paths Failing Setup Analysis   ; Medium   ; 0          ; 0      ; dsp                                            ;
; TMC-20208 - RAM Blocks with Unregistered Outputs that are the Source of Paths Failing Setup Analysis       ; Medium   ; 0          ; 0      ; ram                                            ;
; TMC-20209 - Paths Failing Setup Analysis with High Routing Delay due to Congestion                         ; Medium   ; 0          ; 0      ; route                                          ;
; TMC-20210 - Paths Failing Setup Analysis with High Routing Delay Added for Hold                            ; Medium   ; 0          ; 0      ; route                                          ;
; TMC-20212 - Paths Failing Setup Analysis with Global Routing in Data Path                                  ; Medium   ; 0          ; 0      ; global-signal, route                           ;
; TMC-20213 - Paths Failing Setup Analysis with Locally Routed Clock                                         ; Medium   ; 0          ; 0      ; global-signal, clock-skew                      ;
; TMC-20214 - Buses with Incoming Paths Failing Setup Analysis with Multiple Sequential Adder Chains         ; Medium   ; 0          ; 0      ; logic-levels                                   ;
; TMC-20215 - Buses with Incoming Paths Failing Setup Analysis with Multipliers Implemented in Logic         ; Medium   ; 0          ; 0      ; logic-levels, dsp                              ;
; TMC-20216 - Paths Failing Setup Analysis with Inferred-RAM Shift Register Endpoints                        ; Medium   ; 0          ; 0      ; ram                                            ;
; TMC-20217 - Paths Failing Setup Analysis with Clock-As-Data                                                ; Medium   ; 0          ; 0      ; nonstandard-timing                             ;
; TMC-20219 - DSP Blocks with Restricted Fmax below Required Fmax                                            ; Medium   ; 0          ; 0      ; dsp, minimum-pulse-width                       ;
; TMC-20220 - RAM Blocks with Restricted Fmax below Required Fmax                                            ; Medium   ; 0          ; 0      ; ram, minimum-pulse-width                       ;
; TMC-20221 - Nodes Failing Minimum Pulse Width Due to Clock Pulse Collapse                                  ; Medium   ; 0          ; 0      ; minimum-pulse-width                            ;
; TMC-20312 - Paths Failing Hold Analysis with Global Routing in Data Path                                   ; Medium   ; 0          ; 0      ; global-signal, route                           ;
; TMC-20313 - Paths Failing Hold Analysis with Locally Routed Clock                                          ; Medium   ; 0          ; 0      ; global-signal, clock-skew                      ;
; TMC-20712 - Paths Failing Recovery Analysis with Global Routing in Data Path                               ; Medium   ; 0          ; 0      ; global-signal, route                           ;
; TMC-20713 - Paths Failing Recovery Analysis with Locally Routed Clock                                      ; Medium   ; 0          ; 0      ; global-signal, clock-skew                      ;
; TMC-20812 - Paths Failing Removal Analysis with Global Routing in Data Path                                ; Medium   ; 0          ; 0      ; global-signal, route                           ;
; TMC-20813 - Paths Failing Removal Analysis with Locally Routed Clock                                       ; Medium   ; 0          ; 0      ; global-signal, clock-skew                      ;
; CDC-50008 - CDC Bus Constructed with Multi-bit Synchronizer Chains                                         ; Low      ; 0          ; 0      ; synchronizer, cdc-bus                          ;
; CDC-50101 - Intra-Clock False Path Synchronizer                                                            ; Low      ; 0          ; 0      ; synchronizer, false-positive-synchronizer      ;
; CDC-50102 - Synchronizer after CDC Topology with Control Signal                                            ; Low      ; 0          ; 0      ; synchronizer, false-positive-synchronizer      ;
; FLP-40006 - Pipelining Registers That Might Be Recoverable                                                 ; Low      ; 0          ; 0      ; resource-usage                                 ;
; LNT-30010 - Nets Driving both Reset and Clock Enable Signals                                               ; Low      ; 0          ; 0      ; reset-usage                                    ;
; RES-50010 - Reset Synchronizer Chains with Constant Output                                                 ; Low      ; 0          ; 0      ; synchronizer                                   ;
; RES-50101 - Intra-Clock False Path Reset Synchronizer                                                      ; Low      ; 0          ; 0      ; synchronizer, false-positive-synchronizer      ;
; TMC-20020 - Invalid Multicycle Assignment                                                                  ; Low      ; 0          ; 0      ; sdc                                            ;
; TMC-20550 - Automatically Selected Duplication Candidate Rejected for Placement Constraint                 ; Low      ; 0          ; 0      ; register-duplication, place                    ;
; TMC-20551 - Automatically Selected Duplication Candidate Likely Requires More Duplication                  ; Low      ; 0          ; 0      ; register-duplication, place                    ;
; TMC-20552 - User Selected Duplication Candidate was Rejected                                               ; Low      ; 0          ; 0      ; register-duplication, place                    ;
; TMC-20601 - Registers with High Immediate Fan-Out Tension                                                  ; Low      ; 0          ; 0      ; register-duplication, register-spread, place   ;
; TMC-20602 - Registers with High Timing Path Endpoint Tension                                               ; Low      ; 0          ; 0      ; register-duplication, register-spread, place   ;
; TMC-20603 - Registers with High Immediate Fan-Out Span                                                     ; Low      ; 0          ; 0      ; register-duplication, register-spread, place   ;
; TMC-20604 - Registers with High Timing Path Endpoint Span                                                  ; Low      ; 0          ; 0      ; register-duplication, register-spread, place   ;
+------------------------------------------------------------------------------------------------------------+----------+------------+--------+------------------------------------------------+


Status:		PASS
Severity:		High
Number of violations: 	0
Rule Parameters:      	max_violations = 500
+----------------------------------------------------------+
; CDC-50001 - 1-Bit Asynchronous Transfer Not Synchronized ;
+----------------------------------------------------------+


Status:		PASS
Severity:		High
Number of violations: 	0
Rule Parameters:      	max_violations = 500
+-----------------------------------------------------------------------+
; CDC-50002 - 1-Bit Asynchronous Transfer with Insufficient Constraints ;
+-----------------------------------------------------------------------+


Status:		PASS
Severity:		High
Number of violations: 	0
Rule Parameters:      	max_violations = 500
+----------------------------------------------------------------+
; CDC-50003 - CE-Type CDC Transfer with Insufficient Constraints ;
+----------------------------------------------------------------+


Status:		PASS
Severity:		High
Number of violations: 	0
Rule Parameters:      	max_violations = 500
+-----------------------------------------------------------------+
; CDC-50004 - MUX-type CDC Transfer with Insufficient Constraints ;
+-----------------------------------------------------------------+


Status:		PASS
Severity:		High
Number of violations: 	0
Rule Parameters:      	max_violations = 500
+-----------------------------------------------------------------------------------------+
; CDC-50005 - CDC Bus Constructed with Multi-bit Synchronizer Chains of Different Lengths ;
+-----------------------------------------------------------------------------------------+


Status:		PASS
Severity:		High
Number of violations: 	0
Rule Parameters:      	max_violations = 500
+---------------------------------------------------------------+
; CDC-50006 - CDC Bus Constructed with Unsynchronized Registers ;
+---------------------------------------------------------------+


Status:		PASS
Severity:		High
Number of violations: 	0
Rule Parameters:      	max_violations = 500
+--------------------------------------------------------------------------------------------------+
; CDC-50007 - CDC Bus Constructed with Multi-bit Synchronizer Chains with Insufficient Constraints ;
+--------------------------------------------------------------------------------------------------+


Status:		PASS
Severity:		High
Number of violations: 	0
Rule Parameters:      	max_violations = 500
+-----------------------------------------------------------+
; CDC-50011 - Combinational Logic Before Synchronizer Chain ;
+-----------------------------------------------------------+


Status:		PASS
Severity:		High
Number of violations: 	0
Rule Parameters:      	max_violations = 500
+-----------------------------------------------------------------+
; CDC-50012 - Multiple Clock Domains Driving a Synchronizer Chain ;
+-----------------------------------------------------------------+


Status:		PASS
Severity:		High
Number of violations: 	0
Rule Parameters:      	max_violations = 5000
+--------------------------------------+
; CLK-30026 - Missing Clock Assignment ;
+--------------------------------------+


Status:		PASS
Severity:		High
Number of violations: 	0
Rule Parameters:      	max_violations = 5000
+----------------------------------------------+
; CLK-30027 - Multiple Clock Assignments Found ;
+----------------------------------------------+


Status:		PASS
Severity:		High
Number of violations: 	0
Rule Parameters:      	max_violations = 5000
+-------------------------------------+
; CLK-30028 - Invalid Generated Clock ;
+-------------------------------------+


Status:		PASS
Severity:		High
Number of violations: 	0
Rule Parameters:      	max_violations = 5000
+---------------------------------------+
; CLK-30029 - Invalid Clock Assignments ;
+---------------------------------------+


Status:		PASS
Severity:		High
Number of violations: 	0
Rule Parameters:      	max_violations = 5000
+-----------------------------------+
; CLK-30030 - PLL Setting Violation ;
+-----------------------------------+


Status:		PASS
Severity:		High
Number of violations: 	0
Rule Parameters:      	max_violations = 5000
+--------------------------------------------+
; CLK-30033 - Invalid Clock Group Assignment ;
+--------------------------------------------+


Status:		PASS
Severity:		High
Number of violations: 	0
Rule Parameters:      	max_violations = 5000
+----------------------------------------------------------------------------+
; CLK-30034 - Clock Pairs Missing Logically Exclusive Clock Group Assignment ;
+----------------------------------------------------------------------------+


Status:		PASS
Severity:		High
Number of violations: 	0
Rule Parameters:      	max_violations = 5000
+-----------------------------------------------------------------------------+
; CLK-30035 - Clock Pairs Missing Physically Exclusive Clock Group Assignment ;
+-----------------------------------------------------------------------------+


Status:		PASS
Severity:		High
Number of violations: 	0
Rule Parameters:      	max_violations = 5000
+----------------------------------------+
; CLK-30042 - Incorrect Clock Group Type ;
+----------------------------------------+


Status:		PASS
Severity:		High
Number of violations: 	0
Rule Parameters:      	max_violations = 500
+----------------------------------------------------+
; RES-50001 - Asynchronous Reset Is Not Synchronized ;
+----------------------------------------------------+


Status:		PASS
Severity:		High
Number of violations: 	0
Rule Parameters:      	max_violations = 500
+---------------------------------------------------------------+
; RES-50002 - Asynchronous Reset is Insufficiently Synchronized ;
+---------------------------------------------------------------+


Status:		PASS
Severity:		High
Number of violations: 	0
Rule Parameters:      	max_violations = 500
+--------------------------------------------------------------+
; RES-50003 - Asynchronous Reset with Insufficient Constraints ;
+--------------------------------------------------------------+


Status:		PASS
Severity:		High
Number of violations: 	0
Rule Parameters:      	max_violations = 500
+--------------------------------------------------------------------------+
; RES-50004 - Multiple Asynchronous Resets within Reset Synchronizer Chain ;
+--------------------------------------------------------------------------+


Status:		PASS
Severity:		High
Number of violations: 	0
Rule Parameters:      	max_violations = 5000
+--------------------------------------------+
; TMC-20011 - Missing Input Delay Constraint ;
+--------------------------------------------+


Status:		PASS
Severity:		High
Number of violations: 	0
Rule Parameters:      	max_violations = 5000
+---------------------------------------------+
; TMC-20012 - Missing Output Delay Constraint ;
+---------------------------------------------+


Status:		PASS
Severity:		High
Number of violations: 	0
Rule Parameters:      	max_violations = 5000
+---------------------------------+
; TMC-20013 - Partial Input Delay ;
+---------------------------------+


Status:		PASS
Severity:		High
Number of violations: 	0
Rule Parameters:      	max_violations = 5000
+----------------------------------+
; TMC-20014 - Partial Output Delay ;
+----------------------------------+


Status:		PASS
Severity:		High
Number of violations: 	0
Rule Parameters:      	max_violations = 5000
+----------------------------------------+
; TMC-20015 - Inconsistent Min-Max Delay ;
+----------------------------------------+


Status:		PASS
Severity:		High
Number of violations: 	0
Rule Parameters:      	max_violations = 5000
+-----------------------------------+
; TMC-20016 - Invalid Reference Pin ;
+-----------------------------------+


Status:		PASS
Severity:		High
Number of violations: 	0
Rule Parameters:      	max_violations = 5000
+----------------------------+
; TMC-20017 - Loops Detected ;
+----------------------------+


Status:		PASS
Severity:		High
Number of violations: 	0
Rule Parameters:      	max_violations = 5000
+-------------------------------------------+
; TMC-20019 - Partial Multicycle Assignment ;
+-------------------------------------------+


Status:		PASS
Severity:		High
Number of violations: 	0
Rule Parameters:      	max_violations = 5000
+-----------------------------------------------------+
; TMC-20022 - I/O Delay Assignment Missing Parameters ;
+-----------------------------------------------------+


Status:		PASS
Severity:		High
Number of violations: 	0
Rule Parameters:      	max_violations = 5000
+----------------------------------------------+
; TMC-20023 - Invalid Set Net Delay Assignment ;
+----------------------------------------------+


Status:		PASS
Severity:		High
Number of violations: 	0
Rule Parameters:      	max_violations = 5000
+-------------------------------------------------------+
; TMC-20027 - Collection Filter Matching Multiple Types ;
+-------------------------------------------------------+


Status:		PASS
Severity:		High
Number of violations: 	0
Rule Parameters:      	max_violations = 5000
+-----------------------------------------------------+
; TMC-30041 - Constraint with Invalid Clock Reference ;
+-----------------------------------------------------+


Status:		PASS
Severity:		Medium
Number of violations: 	0
Rule Parameters:      	max_violations = 5000
+------------------------------------------------------------+
; CDC-50103 - Unsynchronized Intra-Clock Forced Synchronizer ;
+------------------------------------------------------------+


Status:		PASS
Severity:		Medium
Number of violations: 	0
Rule Parameters:      	max_violations = 5000
+-------------------------------------------+
; CLK-30031 - Input Delay Assigned to Clock ;
+-------------------------------------------+


Status:		PASS
Severity:		Medium
Number of violations: 	0
Rule Parameters:      	max_violations = 5000
+------------------------------------+
; CLK-30032 - Improper Clock Targets ;
+------------------------------------+


Status:		PASS
Severity:		Medium
Number of violations: 	0
Rule Parameters:      	
		max_violations = 5000
		device_ram_occupation = 80
		low_utilization = 10
+-----------------------------------------------------------+
; FLP-10000 - Physical RAM with Utilization Below Threshold ;
+-----------------------------------------------------------+


Status:		PASS
Severity:		Medium
Number of violations: 	0
Rule Parameters:      	max_violations = 5000
+-------------------------------------------------------------+
; FLP-10501 - Top-Level Ports Without Pin Location Assignment ;
+-------------------------------------------------------------+


Status:		PASS
Severity:		Medium
Number of violations: 	0
Rule Parameters:      	max_violations = 5000
+-----------------------------------------------+
; LNT-30023 - Reset Nets with Polarity Conflict ;
+-----------------------------------------------+


Status:		PASS
Severity:		Medium
Number of violations: 	0
Rule Parameters:      	max_violations = 5000
+--------------------------------------------------------------------------------+
; RDC-50003 - Multiple Asynchronous Reset Synchronizers in the Same Clock Domain ;
+--------------------------------------------------------------------------------+


Status:		PASS
Severity:		Medium
Number of violations: 	0
Rule Parameters:      	max_violations = 5000
+------------------------------------------+
; TMC-20018 - Unsupported Latches Detected ;
+------------------------------------------+


Status:		PASS
Severity:		Medium
Number of violations: 	0
Rule Parameters:      	max_violations = 5000
+----------------------------------------------+
; TMC-20021 - Partial Min-Max Delay Assignment ;
+----------------------------------------------+


Status:		PASS
Severity:		Medium
Number of violations: 	0
Rule Parameters:      	max_violations = 5000
+-----------------------------------------------+
; TMC-20024 - Synchronous Data Delay Assignment ;
+-----------------------------------------------+


Status:		PASS
Severity:		Medium
Number of violations: 	0
Rule Parameters:      	max_violations = 5000
+-----------------------------------------------+
; TMC-20025 - Ignored or Overridden Constraints ;
+-----------------------------------------------+


Status:		PASS
Severity:		Medium
Number of violations: 	0
Rule Parameters:      	max_violations = 5000
+------------------------------------------------------+
; TMC-20026 - Empty Collection Due To Unmatched Filter ;
+------------------------------------------------------+


Status:		PASS
Severity:		Medium
Number of violations: 	0
Rule Parameters:      	
		max_violations = 5000
		maximum_setup_slack = 0
		to_clock_filter = "*"
+-----------------------------------------------------------------------+
; TMC-20200 - Paths Failing Setup Analysis with Impossible Requirements ;
+-----------------------------------------------------------------------+


Status:		PASS
Severity:		Medium
Number of violations: 	0
Rule Parameters:      	
		max_violations = 5000
		maximum_setup_slack = 0
		to_clock_filter = "*"
+---------------------------------------------------------------+
; TMC-20201 - Paths Failing Setup Analysis with High Clock Skew ;
+---------------------------------------------------------------+


Status:		PASS
Severity:		Medium
Number of violations: 	0
Rule Parameters:      	
		max_violations = 5000
		maximum_setup_slack = 0
		to_clock_filter = "*"
+----------------------------------------------------------------------------------+
; TMC-20204 - Endpoints of Paths Failing Setup Analysis with Retiming Restrictions ;
+----------------------------------------------------------------------------------+


Status:		PASS
Severity:		Medium
Number of violations: 	0
Rule Parameters:      	
		max_violations = 5000
		maximum_setup_slack = 0
		to_clock_filter = "*"
+------------------------------------------------------------------------------------------------------------+
; TMC-20205 - Endpoints of Paths Failing Setup Analysis with Explicit Power-Up States that Restrict Retiming ;
+------------------------------------------------------------------------------------------------------------+


Status:		PASS
Severity:		Medium
Number of violations: 	0
Rule Parameters:      	
		max_violations = 5000
		maximum_setup_slack = 0
		to_clock_filter = "*"
+------------------------------------------------------------------------------------------------------+
; TMC-20206 - DSP Blocks with Unregistered Outputs that are the Source of Paths Failing Setup Analysis ;
+------------------------------------------------------------------------------------------------------+


Status:		PASS
Severity:		Medium
Number of violations: 	0
Rule Parameters:      	
		max_violations = 5000
		maximum_setup_slack = 0
		to_clock_filter = "*"
+----------------------------------------------------------------------------------------------------------+
; TMC-20207 - DSP Blocks with Unregistered Inputs that are the Destination of Paths Failing Setup Analysis ;
+----------------------------------------------------------------------------------------------------------+


Status:		PASS
Severity:		Medium
Number of violations: 	0
Rule Parameters:      	
		max_violations = 5000
		maximum_setup_slack = 0
		to_clock_filter = "*"
+------------------------------------------------------------------------------------------------------+
; TMC-20208 - RAM Blocks with Unregistered Outputs that are the Source of Paths Failing Setup Analysis ;
+------------------------------------------------------------------------------------------------------+


Status:		PASS
Severity:		Medium
Number of violations: 	0
Rule Parameters:      	
		max_violations = 5000
		maximum_setup_slack = 0
		to_clock_filter = "*"
+------------------------------------------------------------------------------------+
; TMC-20209 - Paths Failing Setup Analysis with High Routing Delay due to Congestion ;
+------------------------------------------------------------------------------------+


Status:		PASS
Severity:		Medium
Number of violations: 	0
Rule Parameters:      	
		max_violations = 5000
		maximum_setup_slack = 0
		to_clock_filter = "*"
+---------------------------------------------------------------------------------+
; TMC-20210 - Paths Failing Setup Analysis with High Routing Delay Added for Hold ;
+---------------------------------------------------------------------------------+


Status:		PASS
Severity:		Medium
Number of violations: 	0
Rule Parameters:      	
		max_violations = 5000
		maximum_setup_slack = 0
		to_clock_filter = "*"
+---------------------------------------------------------------------------+
; TMC-20212 - Paths Failing Setup Analysis with Global Routing in Data Path ;
+---------------------------------------------------------------------------+


Status:		PASS
Severity:		Medium
Number of violations: 	0
Rule Parameters:      	
		max_violations = 5000
		maximum_setup_slack = 0
		to_clock_filter = "*"
+--------------------------------------------------------------------+
; TMC-20213 - Paths Failing Setup Analysis with Locally Routed Clock ;
+--------------------------------------------------------------------+


Status:		PASS
Severity:		Medium
Number of violations: 	0
Rule Parameters:      	
		max_violations = 5000
		maximum_setup_slack = 0
		to_clock_filter = "*"
		minimum_number_of_adders = 3
+----------------------------------------------------------------------------------------------------+
; TMC-20214 - Buses with Incoming Paths Failing Setup Analysis with Multiple Sequential Adder Chains ;
+----------------------------------------------------------------------------------------------------+


Status:		PASS
Severity:		Medium
Number of violations: 	0
Rule Parameters:      	
		max_violations = 5000
		maximum_setup_slack = 0
		to_clock_filter = "*"
		minimum_number_of_soft_mult_chains = 2
+----------------------------------------------------------------------------------------------------+
; TMC-20215 - Buses with Incoming Paths Failing Setup Analysis with Multipliers Implemented in Logic ;
+----------------------------------------------------------------------------------------------------+


Status:		PASS
Severity:		Medium
Number of violations: 	0
Rule Parameters:      	
		max_violations = 5000
		maximum_setup_slack = 0
		to_clock_filter = "*"
+-------------------------------------------------------------------------------------+
; TMC-20216 - Paths Failing Setup Analysis with Inferred-RAM Shift Register Endpoints ;
+-------------------------------------------------------------------------------------+


Status:		PASS
Severity:		Medium
Number of violations: 	0
Rule Parameters:      	
		max_violations = 5000
		maximum_setup_slack = 0
		to_clock_filter = "*"
+-------------------------------------------------------------+
; TMC-20217 - Paths Failing Setup Analysis with Clock-As-Data ;
+-------------------------------------------------------------+


Status:		PASS
Severity:		Medium
Number of violations: 	0
Rule Parameters:      	
		max_violations = 5000
		maximum_pulse_width_slack = 0
+-----------------------------------------------------------------+
; TMC-20219 - DSP Blocks with Restricted Fmax below Required Fmax ;
+-----------------------------------------------------------------+


Status:		PASS
Severity:		Medium
Number of violations: 	0
Rule Parameters:      	
		max_violations = 5000
		maximum_pulse_width_slack = 0
+-----------------------------------------------------------------+
; TMC-20220 - RAM Blocks with Restricted Fmax below Required Fmax ;
+-----------------------------------------------------------------+


Status:		PASS
Severity:		Medium
Number of violations: 	0
Rule Parameters:      	
		max_violations = 5000
		maximum_pulse_width_slack = 0
+---------------------------------------------------------------------------+
; TMC-20221 - Nodes Failing Minimum Pulse Width Due to Clock Pulse Collapse ;
+---------------------------------------------------------------------------+


Status:		PASS
Severity:		Medium
Number of violations: 	0
Rule Parameters:      	
		max_violations = 5000
		maximum_hold_slack = 0
		to_clock_filter = "*"
+--------------------------------------------------------------------------+
; TMC-20312 - Paths Failing Hold Analysis with Global Routing in Data Path ;
+--------------------------------------------------------------------------+


Status:		PASS
Severity:		Medium
Number of violations: 	0
Rule Parameters:      	
		max_violations = 5000
		maximum_hold_slack = 0
		to_clock_filter = "*"
+-------------------------------------------------------------------+
; TMC-20313 - Paths Failing Hold Analysis with Locally Routed Clock ;
+-------------------------------------------------------------------+


Status:		PASS
Severity:		Medium
Number of violations: 	0
Rule Parameters:      	
		max_violations = 5000
		maximum_recovery_slack = 0
		to_clock_filter = "*"
+------------------------------------------------------------------------------+
; TMC-20712 - Paths Failing Recovery Analysis with Global Routing in Data Path ;
+------------------------------------------------------------------------------+


Status:		PASS
Severity:		Medium
Number of violations: 	0
Rule Parameters:      	
		max_violations = 5000
		maximum_recovery_slack = 0
		to_clock_filter = "*"
+-----------------------------------------------------------------------+
; TMC-20713 - Paths Failing Recovery Analysis with Locally Routed Clock ;
+-----------------------------------------------------------------------+


Status:		PASS
Severity:		Medium
Number of violations: 	0
Rule Parameters:      	
		max_violations = 5000
		maximum_removal_slack = 0
		to_clock_filter = "*"
+-----------------------------------------------------------------------------+
; TMC-20812 - Paths Failing Removal Analysis with Global Routing in Data Path ;
+-----------------------------------------------------------------------------+


Status:		PASS
Severity:		Medium
Number of violations: 	0
Rule Parameters:      	
		max_violations = 5000
		maximum_removal_slack = 0
		to_clock_filter = "*"
+----------------------------------------------------------------------+
; TMC-20813 - Paths Failing Removal Analysis with Locally Routed Clock ;
+----------------------------------------------------------------------+


Status:		PASS
Severity:		Low
Number of violations: 	0
Rule Parameters:      	max_violations = 500
+--------------------------------------------------------------------+
; CDC-50008 - CDC Bus Constructed with Multi-bit Synchronizer Chains ;
+--------------------------------------------------------------------+


Status:		PASS
Severity:		Low
Number of violations: 	0
Rule Parameters:      	max_violations = 500
+-------------------------------------------------+
; CDC-50101 - Intra-Clock False Path Synchronizer ;
+-------------------------------------------------+


Status:		PASS
Severity:		Low
Number of violations: 	0
Rule Parameters:      	max_violations = 500
+-----------------------------------------------------------------+
; CDC-50102 - Synchronizer after CDC Topology with Control Signal ;
+-----------------------------------------------------------------+


Status:		PASS
Severity:		Low
Number of violations: 	0
Rule Parameters:      	
		max_violations = 5000
		max_stage_adjustment = -1
		min_width = 16
		min_depth = 3
+------------------------------------------------------------+
; FLP-40006 - Pipelining Registers That Might Be Recoverable ;
+------------------------------------------------------------+


Status:		PASS
Severity:		Low
Number of violations: 	0
Rule Parameters:      	max_violations = 5000
+--------------------------------------------------------------+
; LNT-30010 - Nets Driving both Reset and Clock Enable Signals ;
+--------------------------------------------------------------+


Status:		PASS
Severity:		Low
Number of violations: 	0
Rule Parameters:      	max_violations = 500
+------------------------------------------------------------+
; RES-50010 - Reset Synchronizer Chains with Constant Output ;
+------------------------------------------------------------+


Status:		PASS
Severity:		Low
Number of violations: 	0
Rule Parameters:      	max_violations = 500
+-------------------------------------------------------+
; RES-50101 - Intra-Clock False Path Reset Synchronizer ;
+-------------------------------------------------------+


Status:		PASS
Severity:		Low
Number of violations: 	0
Rule Parameters:      	max_violations = 5000
+-------------------------------------------+
; TMC-20020 - Invalid Multicycle Assignment ;
+-------------------------------------------+


Status:		PASS
Severity:		Low
Number of violations: 	0
Rule Parameters:      	max_violations = 5000
+--------------------------------------------------------------------------------------------+
; TMC-20550 - Automatically Selected Duplication Candidate Rejected for Placement Constraint ;
+--------------------------------------------------------------------------------------------+


Status:		PASS
Severity:		Low
Number of violations: 	0
Rule Parameters:      	
		max_violations = 5000
		avg_dup_fanout = 1000
+-------------------------------------------------------------------------------------------+
; TMC-20551 - Automatically Selected Duplication Candidate Likely Requires More Duplication ;
+-------------------------------------------------------------------------------------------+


Status:		PASS
Severity:		Low
Number of violations: 	0
Rule Parameters:      	max_violations = 5000
+--------------------------------------------------------------+
; TMC-20552 - User Selected Duplication Candidate was Rejected ;
+--------------------------------------------------------------+


Status:		PASS
Severity:		Low
Number of violations: 	0
Rule Parameters:      	
		max_violations = 5000
		minimum_tension = 100000
		minimum_sinks = 2
+-----------------------------------------------------------+
; TMC-20601 - Registers with High Immediate Fan-Out Tension ;
+-----------------------------------------------------------+


Status:		PASS
Severity:		Low
Number of violations: 	0
Rule Parameters:      	
		max_violations = 5000
		minimum_tension = 100000
		ignore_high_fanout_tension = False
		minimum_sinks = 2
+--------------------------------------------------------------+
; TMC-20602 - Registers with High Timing Path Endpoint Tension ;
+--------------------------------------------------------------+


Status:		PASS
Severity:		Low
Number of violations: 	0
Rule Parameters:      	
		max_violations = 5000
		minimum_span = 250
		minimum_sinks = 2
+--------------------------------------------------------+
; TMC-20603 - Registers with High Immediate Fan-Out Span ;
+--------------------------------------------------------+


Status:		PASS
Severity:		Low
Number of violations: 	0
Rule Parameters:      	
		max_violations = 5000
		minimum_span = 250
		ignore_high_fanout_span = False
		minimum_sinks = 2
+-----------------------------------------------------------+
; TMC-20604 - Registers with High Timing Path Endpoint Span ;
+-----------------------------------------------------------+


