Fitter report for circular_depth10
Wed Jul 29 23:11:40 2026
Quartus Prime Version 24.3.1 Build 102 01/14/2025 SC Pro Edition


---------------------
; Table of Contents ;
---------------------
  1. Legal Notice
  2. Fitter Summary
  3. Fitter Settings
  4. Parallel Compilation
  5. Fitter Partition Summary
---- Plan Stage Reports ----
       6. Fitter Device Options
       7. Operating Settings and Conditions
       8. I/O Bank Usage
       9. Detailed I/O Block Info
      10. All Package Pins
      11. Output Pin Default Load For Reported TCO
      12. Control Signals
---- Place Stage Reports ----
      13. Global & Other Fast Signals Summary
      14. Global Signal Visualization
      15. Global & Other Fast Signals Details
      16. Fitter Resource Usage Summary
      17. Fitter Resource Utilization by Entity
 18. Fitter Netlist Optimizations
---- Route Stage Reports ----
      19. Routing Usage Summary
      20. Global Router Wire Utilization Map
      21. Peak Wire Demand Summary
      22. Peak Wire Demand Details
      23. Peak Total Grid Crossings
      24. Global Router Congestion Hotspot Summary
---- Retime Stage Reports ----
      25. Hyper-Retimer Settings
      26. Reset Sequence Requirement
      27. Retiming Limit Summary
      28. Clock Domain iClk (Meets timing requirements: No further analysis performed.)
---- Finalize Stage Reports ----
      29. Routing Usage Summary
 30. Fitter Messages



----------------
; Legal Notice ;
----------------
Copyright (C) 2025  Intel Corporation. All rights reserved.
Your use of Intel Corporation's design tools, logic functions 
and other software and tools, and any partner logic 
functions, and any output files from any of the foregoing 
(including device programming or simulation files), and any 
associated documentation or information are expressly subject 
to the terms and conditions of the Intel Program License 
Subscription Agreement, the Intel Quartus Prime License Agreement,
the Intel FPGA IP License Agreement, or other applicable license
agreement, including, without limitation, that your use is for
the sole purpose of programming logic devices manufactured by
Intel and sold by Intel or its authorized distributors.  Please
refer to the Intel FPGA Software License Subscription Agreements 
on the Quartus Prime software download page.



+------------------------------------------------------------------------------+
; Fitter Summary                                                               ;
+---------------------------------+--------------------------------------------+
; Fitter Status                   ; Successful - Wed Jul 29 23:11:38 2026      ;
; Quartus Prime Version           ; 24.3.1 Build 102 01/14/2025 SC Pro Edition ;
; Revision Name                   ; circular_depth10                           ;
; Top-level Entity Name           ; circular_depth10                           ;
; Family                          ; Agilex 5                                   ;
; Device                          ; A5ED065BB32AE6SR0                          ;
; Timing Models                   ; Preliminary                                ;
; Power Models                    ; Preliminary                                ;
; Device Status                   ; Preliminary                                ;
; Logic utilization (in ALMs)     ; 162 / 222,400 ( < 1 % )                    ;
; Total dedicated logic registers ; 178                                        ;
; Total pins                      ; 0 / 624 ( 0 % )                            ;
; Total block memory bits         ; 0 / 32,993,280 ( 0 % )                     ;
; Total RAM Blocks                ; 0 / 1,611 ( 0 % )                          ;
; Total DSP Blocks                ; 0 / 846 ( 0 % )                            ;
; Total GTS Transceiver Channels  ; 0 / 24 ( 0 % )                             ;
; Total HSSI Ethernet Channels    ; 0 / 6 ( 0 % )                              ;
; Total HSSI PCIEs                ; 0 / 6 ( 0 % )                              ;
; Total HSSI HPS                  ; 0 / 1 ( 0 % )                              ;
; Total PLLs                      ; 0 / 15 ( 0 % )                             ;
+---------------------------------+--------------------------------------------+


+--------------------------------------------------------------------------------------------------------------------------------------------------------------+
; Fitter Settings                                                                                                                                              ;
+------------------------------------------------------------------------------+---------------------------------------+---------------------------------------+
; Option                                                                       ; Setting                               ; Default Value                         ;
+------------------------------------------------------------------------------+---------------------------------------+---------------------------------------+
; Device                                                                       ; A5ED065BB32AE6SR0                     ;                                       ;
; Maximum processors allowed for parallel compilation                          ; All                                   ;                                       ;
; Enable parallel Assembler and Timing Analyzer during compilation             ; On                                    ; On                                    ;
; Enable compact report table                                                  ; Off                                   ; Off                                   ;
; Enable Design Assistant in the compilation flow                              ; On                                    ; On                                    ;
; Design Assistant include IP blocks                                           ; Off                                   ; Off                                   ;
; High fanout net threshold for RAM inference                                  ; 15                                    ; 15                                    ;
; Design Assistant limit on reported violations per rule                       ; 5000                                  ; 5000                                  ;
; Perform Simultaneous Multicorner Analysis                                    ; On                                    ; On                                    ;
; Optimization Mode                                                            ; Balanced                              ; Balanced                              ;
; Allow Register Retiming                                                      ; On                                    ; On                                    ;
; Allow RAM Retiming                                                           ; Off                                   ; Off                                   ;
; Allow DSP Retiming                                                           ; Off                                   ; Off                                   ;
; Router Timing Optimization Level                                             ; Normal                                ; Normal                                ;
; Placement Effort Multiplier                                                  ; 1.0                                   ; 1.0                                   ;
; Advanced Physical Synthesis                                                  ; On                                    ; On                                    ;
; VID Operation mode                                                           ; PMBus Master                          ; PMBus Master                          ;
; USE CONF_DONE output                                                         ; Off                                   ; Off                                   ;
; USE PWRMGT_SCL output                                                        ; Off                                   ; Off                                   ;
; USE PWRMGT_SDA output                                                        ; Off                                   ; Off                                   ;
; USE PWRMGT_ALERT output                                                      ; Off                                   ; Off                                   ;
; USE INIT_DONE output                                                         ; Off                                   ; Off                                   ;
; USE CVP_CONFDONE output                                                      ; Off                                   ; Off                                   ;
; USE SEU_ERROR output                                                         ; Off                                   ; Off                                   ;
; USE HPS_COLD_nRESET                                                          ; Off                                   ; Off                                   ;
; USE HPS warm nreset                                                          ; Off                                   ; Off                                   ;
; HPS warm reset pin mode                                                      ; BIDIRECTIONAL                         ; BIDIRECTIONAL                         ;
; HPS cold reset pin mode                                                      ; BIDIRECTIONAL                         ; BIDIRECTIONAL                         ;
; USE CATTRIP output                                                           ; Off                                   ; Off                                   ;
; USE nCATTRIP output                                                          ; Off                                   ; Off                                   ;
; USE ANTI Tampering output                                                    ; Off                                   ; Off                                   ;
; USE TAMPERDETECTION output                                                   ; Off                                   ; Off                                   ;
; USE TAMPERRESPONSESTATUS output                                              ; Off                                   ; Off                                   ;
; PCIE Calib start                                                             ; Off                                   ; Off                                   ;
; Direct to Factory Image                                                      ; Off                                   ; Off                                   ;
; USE DATA UNLOCK output                                                       ; Off                                   ; Off                                   ;
; Enable unused RX clock workaround                                            ; Off                                   ; Off                                   ;
; Preserve unused RX/TX channels                                               ; On                                    ; On                                    ;
; Ignore the power supply of HSSI column when preserving unused RX/TX channels ; On                                    ; On                                    ;
; Configuration clock source                                                   ; INIT_INTOSC                           ; INIT_INTOSC                           ;
; Optimize Hold Timing                                                         ; All Paths                             ; All Paths                             ;
; Optimize Multi-Corner Timing                                                 ; On                                    ; On                                    ;
; Auto RAM to MLAB Conversion                                                  ; On                                    ; On                                    ;
; Report Packed DSP Register Names                                             ; On                                    ; On                                    ;
; Equivalent RAM and MLAB Power Up                                             ; Auto                                  ; Auto                                  ;
; Equivalent RAM and MLAB Paused Read Capabilities                             ; Care                                  ; Care                                  ;
; Power Optimization During Fitting                                            ; Normal compilation                    ; Normal compilation                    ;
; Optimize Timing                                                              ; Normal compilation                    ; Normal compilation                    ;
; Optimize IOC Register Placement for Timing                                   ; Normal                                ; Normal                                ;
; Final Placement Optimizations                                                ; Automatically                         ; Automatically                         ;
; Fitter Aggressive Routability Optimizations                                  ; Automatically                         ; Automatically                         ;
; Fitter Density Packing Effort                                                ; Normal                                ; Normal                                ;
; Fitter Initial Placement Seed                                                ; 1                                     ; 1                                     ;
; Weak Pull-Up Resistor                                                        ; Off                                   ; Off                                   ;
; Weak Pull-Down Resistor                                                      ; Off                                   ; Off                                   ;
; Enable Bus-Hold Circuitry                                                    ; Off                                   ; Off                                   ;
; Auto Packed Registers                                                        ; Auto                                  ; Auto                                  ;
; Auto Delay Chains                                                            ; On                                    ; On                                    ;
; Auto Delay Chains for High Fanout Input Pins                                 ; Off                                   ; Off                                   ;
; Treat Bidirectional Pin as Output Pin                                        ; Off                                   ; Off                                   ;
; Auto Global Clock                                                            ; On                                    ; On                                    ;
; Auto Global Register Control Signals                                         ; On                                    ; On                                    ;
; Reserve all unused pins                                                      ; As input tri-stated with weak pull-up ; As input tri-stated with weak pull-up ;
; Synchronizer Identification                                                  ; Auto                                  ; Auto                                  ;
; Optimize Design for Metastability                                            ; On                                    ; On                                    ;
; Analyze Auto-Detected Synchronizers for Metastability                        ; Off                                   ; Off                                   ;
; Active Serial clock source                                                   ; AS_FREQ_100MHZ                        ; AS_FREQ_100MHZ                        ;
; Physical Placement Effort                                                    ; Normal                                ; Normal                                ;
; Number of Example Nodes Reported in Fitter Messages                          ; 50                                    ; 50                                    ;
; Generate Security Masked Settings files (.smsf) for security verification    ; Off                                   ; Off                                   ;
; Enable Intermediate Fitter Snapshots                                         ; Off                                   ; Off                                   ;
; Schmitt Trigger                                                              ; On                                    ; On                                    ;
; The Maximum physical M20Ks reported in the physical RAM report               ; 500                                   ; 500                                   ;
; Wirelut Removal Setup Guard Band                                             ; 100                                   ; 100                                   ;
; Wirelut Removal Hold Guard Band                                              ; 100                                   ; 100                                   ;
; USE Additional QSPI Flash                                                    ; Off                                   ; Off                                   ;
; NOC Common Address Range Security Check                                      ; Off                                   ; Off                                   ;
+------------------------------------------------------------------------------+---------------------------------------+---------------------------------------+


+-------------------------------------+
; Parallel Compilation                ;
+----------------------------+--------+
; Processors                 ; Number ;
+----------------------------+--------+
; Number detected on machine ; 12     ;
; Maximum allowed            ; 12     ;
+----------------------------+--------+


+--------------------------------------------------------------------------------------------+
; Fitter Partition Summary                                                                   ;
+----------------+----------------+---------+--------------+-------+-------------------------+
; Partition Name ; Hierarchy Path ; Type    ; Preservation ; Empty ; Partition Database File ;
+----------------+----------------+---------+--------------+-------+-------------------------+
; root_partition ; |              ; Default ;              ;       ;                         ;
+----------------+----------------+---------+--------------+-------+-------------------------+


+-------------------------------------------------------------------------+
; Fitter Device Options                                                   ;
+-----------------------------+-------------------------------------------+
; Option                      ; Setting                                   ;
+-----------------------------+-------------------------------------------+
; Configuration scheme        ; Active Serial x4                          ;
; Enable internal scrubbing   ; Off                                       ;
; Active Serial clock source  ; 115 MHz maximum using Internal Oscillator ;
; Configuration clock source  ; Internal Oscillator                       ;
; Configuration via Protocol  ; Off                                       ;
; Configuration Voltage Level ; Auto                                      ;
+-----------------------------+-------------------------------------------+


+------------------------------------+
; Operating Settings and Conditions  ;
+---------------------------+--------+
; Setting                   ; Value  ;
+---------------------------+--------+
; Nominal Core Voltage      ; 0.94 V ;
; Low Junction Temperature  ; 0 °C   ;
; High Junction Temperature ; 100 °C ;
+---------------------------+--------+


+------------------------------------------------------------+
; I/O Bank Usage                                             ;
+----------+------------------+---------------+--------------+
; I/O Bank ; Usage            ; VCCIO Voltage ; VREF Voltage ;
+----------+------------------+---------------+--------------+
; SDM      ; 10 / 33 ( 30 % ) ; --            ; --           ;
; HPS      ; 0 / 48 ( 0 % )   ; --            ; --           ;
; 2A_T     ; 0 / 48 ( 0 % )   ; 1.2V          ; --           ;
; 2A_B     ; 0 / 48 ( 0 % )   ; 1.2V          ; --           ;
; 2B_T     ; 0 / 48 ( 0 % )   ; 1.2V          ; --           ;
; 2B_B     ; 0 / 48 ( 0 % )   ; 1.2V          ; --           ;
; 3A_T     ; 0 / 48 ( 0 % )   ; 1.2V          ; --           ;
; 3A_B     ; 0 / 48 ( 0 % )   ; 1.2V          ; --           ;
; 3B_T     ; 0 / 48 ( 0 % )   ; 1.2V          ; --           ;
; 3B_B     ; 0 / 48 ( 0 % )   ; 1.2V          ; --           ;
; 5A       ; 0 / 20 ( 0 % )   ; 3.3V          ; --           ;
; 5B       ; 0 / 20 ( 0 % )   ; 3.3V          ; --           ;
; 6A       ; 0 / 20 ( 0 % )   ; 3.3V          ; --           ;
; 6B       ; 0 / 20 ( 0 % )   ; 3.3V          ; --           ;
; 6C       ; 0 / 20 ( 0 % )   ; 3.3V          ; --           ;
; 6D       ; 0 / 20 ( 0 % )   ; 3.3V          ; --           ;
; 1A       ; 0 / 20 ( 0 % )   ; --            ; --           ;
; 1B       ; 0 / 20 ( 0 % )   ; --            ; --           ;
; 1C       ; 0 / 20 ( 0 % )   ; --            ; --           ;
; 4A       ; 0 / 20 ( 0 % )   ; --            ; --           ;
; 4B       ; 0 / 20 ( 0 % )   ; --            ; --           ;
; 4C       ; 0 / 20 ( 0 % )   ; --            ; --           ;
+----------+------------------+---------------+--------------+


+-------------------------------------------------------------------+
; Detailed I/O Block Info                                           ;
+----------+------------+-------+------------+----------------------+
; I/O Bank ; Pin Index  ; Pin # ; Assignment ; Location assigned by ;
+----------+------------+-------+------------+----------------------+
; 2A_B     ;            ;       ;            ;                      ;
;     --   ; 47         ; BK78  ;            ;                      ;
;     --   ; 46         ; BM78  ;            ;                      ;
;     --   ; 45         ; BH78  ;            ;                      ;
;     --   ; 44         ; BH81  ;            ;                      ;
;     --   ; 43         ; BP81  ;            ;                      ;
;     --   ; 42         ; BM81  ;            ;                      ;
;     --   ; 41         ; BM89  ;            ;                      ;
;     --   ; 40         ; BK89  ;            ;                      ;
;     --   ; 39         ; BH92  ;            ;                      ;
;     --   ; 38         ; BH89  ;            ;                      ;
;     --   ; 37         ; BM92  ;            ;                      ;
;     --   ; 36         ; BP92  ;            ;                      ;
;     --   ; 35         ; CA78  ;            ;                      ;
;     --   ; 34         ; BW78  ;            ;                      ;
;     --   ; 33         ; BU78  ;            ;                      ;
;     --   ; 32         ; BR78  ;            ;                      ;
;     --   ; 31         ; BU81  ;            ;                      ;
;     --   ; 30         ; BR81  ;            ;                      ;
;     --   ; 29         ; CA89  ;            ;                      ;
;     --   ; 28         ; BW89  ;            ;                      ;
;     --   ; 27         ; BU92  ;            ;                      ;
;     --   ; 26         ; BR92  ;            ;                      ;
;     --   ; 25         ; BU89  ;            ;                      ;
;     --   ; 24         ; BR89  ;            ;                      ;
;     --   ; 23         ; CF78  ;            ;                      ;
;     --   ; 22         ; CH78  ;            ;                      ;
;     --   ; 21         ; CC81  ;            ;                      ;
;     --   ; 20         ; CA81  ;            ;                      ;
;     --   ; 19         ; CH81  ;            ;                      ;
;     --   ; 18         ; CF81  ;            ;                      ;
;     --   ; 17         ; CF89  ;            ;                      ;
;     --   ; 16         ; CH89  ;            ;                      ;
;     --   ; 15         ; CH92  ;            ;                      ;
;     --   ; 14         ; CF92  ;            ;                      ;
;     --   ; 13         ; CA92  ;            ;                      ;
;     --   ; 12         ; CC92  ;            ;                      ;
;     --   ; 11         ; CL76  ;            ;                      ;
;     --   ; 10         ; CK76  ;            ;                      ;
;     --   ; 9          ; CL82  ;            ;                      ;
;     --   ; 8          ; CK80  ;            ;                      ;
;     --   ; 7          ; CL85  ;            ;                      ;
;     --   ; 6          ; CK85  ;            ;                      ;
;     --   ; 5          ; CK88  ;            ;                      ;
;     --   ; 4          ; CL88  ;            ;                      ;
;     --   ; 3          ; CL97  ;            ;                      ;
;     --   ; 2          ; CK97  ;            ;                      ;
;     --   ; 1          ; CK94  ;            ;                      ;
;     --   ; 0          ; CL91  ;            ;                      ;
; 2A_T     ;            ;       ;            ;                      ;
;     --   ; 95         ; CH59  ;            ;                      ;
;     --   ; 94         ; CF59  ;            ;                      ;
;     --   ; 93         ; CH62  ;            ;                      ;
;     --   ; 92         ; CF62  ;            ;                      ;
;     --   ; 91         ; CC62  ;            ;                      ;
;     --   ; 90         ; CA62  ;            ;                      ;
;     --   ; 89         ; CF69  ;            ;                      ;
;     --   ; 88         ; CH69  ;            ;                      ;
;     --   ; 87         ; CA71  ;            ;                      ;
;     --   ; 86         ; CC71  ;            ;                      ;
;     --   ; 85         ; CH71  ;            ;                      ;
;     --   ; 84         ; CF71  ;            ;                      ;
;     --   ; 83         ; CA59  ;            ;                      ;
;     --   ; 82         ; BW59  ;            ;                      ;
;     --   ; 81         ; BR59  ;            ;                      ;
;     --   ; 80         ; BU59  ;            ;                      ;
;     --   ; 79         ; BR62  ;            ;                      ;
;     --   ; 78         ; BU62  ;            ;                      ;
;     --   ; 77         ; CA69  ;            ;                      ;
;     --   ; 76         ; BW69  ;            ;                      ;
;     --   ; 75         ; BU71  ;            ;                      ;
;     --   ; 74         ; BR71  ;            ;                      ;
;     --   ; 73         ; BU69  ;            ;                      ;
;     --   ; 72         ; BR69  ;            ;                      ;
;     --   ; 71         ; BK59  ;            ;                      ;
;     --   ; 70         ; BM59  ;            ;                      ;
;     --   ; 69         ; BH59  ;            ;                      ;
;     --   ; 68         ; BH62  ;            ;                      ;
;     --   ; 67         ; BP62  ;            ;                      ;
;     --   ; 66         ; BM62  ;            ;                      ;
;     --   ; 65         ; BK69  ;            ;                      ;
;     --   ; 64         ; BM69  ;            ;                      ;
;     --   ; 63         ; BH71  ;            ;                      ;
;     --   ; 62         ; BH69  ;            ;                      ;
;     --   ; 61         ; BP71  ;            ;                      ;
;     --   ; 60         ; BM71  ;            ;                      ;
;     --   ; 59         ; BF72  ;            ;                      ;
;     --   ; 58         ; BF75  ;            ;                      ;
;     --   ; 57         ; BE75  ;            ;                      ;
;     --   ; 56         ; BE79  ;            ;                      ;
;     --   ; 55         ; BF83  ;            ;                      ;
;     --   ; 54         ; BE83  ;            ;                      ;
;     --   ; 53         ; BE86  ;            ;                      ;
;     --   ; 52         ; BF86  ;            ;                      ;
;     --   ; 51         ; BF90  ;            ;                      ;
;     --   ; 50         ; BF93  ;            ;                      ;
;     --   ; 49         ; BE93  ;            ;                      ;
;     --   ; 48         ; BE96  ;            ;                      ;
; 2B_B     ;            ;       ;            ;                      ;
;     --   ; 47         ; BW38  ;            ;                      ;
;     --   ; 46         ; CA38  ;            ;                      ;
;     --   ; 45         ; BU38  ;            ;                      ;
;     --   ; 44         ; BR38  ;            ;                      ;
;     --   ; 43         ; BU41  ;            ;                      ;
;     --   ; 42         ; BR41  ;            ;                      ;
;     --   ; 41         ; CA49  ;            ;                      ;
;     --   ; 40         ; BW49  ;            ;                      ;
;     --   ; 39         ; BU52  ;            ;                      ;
;     --   ; 38         ; BR52  ;            ;                      ;
;     --   ; 37         ; BU49  ;            ;                      ;
;     --   ; 36         ; BR49  ;            ;                      ;
;     --   ; 35         ; CF38  ;            ;                      ;
;     --   ; 34         ; CH38  ;            ;                      ;
;     --   ; 33         ; CA41  ;            ;                      ;
;     --   ; 32         ; CC41  ;            ;                      ;
;     --   ; 31         ; CF41  ;            ;                      ;
;     --   ; 30         ; CH41  ;            ;                      ;
;     --   ; 29         ; CH49  ;            ;                      ;
;     --   ; 28         ; CF49  ;            ;                      ;
;     --   ; 27         ; CA52  ;            ;                      ;
;     --   ; 26         ; CC52  ;            ;                      ;
;     --   ; 25         ; CH52  ;            ;                      ;
;     --   ; 24         ; CF52  ;            ;                      ;
;     --   ; 23         ; CL26  ;            ;                      ;
;     --   ; 22         ; CK30  ;            ;                      ;
;     --   ; 21         ; CL30  ;            ;                      ;
;     --   ; 20         ; CK33  ;            ;                      ;
;     --   ; 19         ; CL35  ;            ;                      ;
;     --   ; 18         ; CK35  ;            ;                      ;
;     --   ; 17         ; CL39  ;            ;                      ;
;     --   ; 16         ; CK39  ;            ;                      ;
;     --   ; 15         ; CL45  ;            ;                      ;
;     --   ; 14         ; CK48  ;            ;                      ;
;     --   ; 13         ; CK45  ;            ;                      ;
;     --   ; 12         ; CL42  ;            ;                      ;
;     --   ; 11         ; CK54  ;            ;                      ;
;     --   ; 10         ; CL51  ;            ;                      ;
;     --   ; 9          ; CL54  ;            ;                      ;
;     --   ; 8          ; CK56  ;            ;                      ;
;     --   ; 7          ; CL60  ;            ;                      ;
;     --   ; 6          ; CL56  ;            ;                      ;
;     --   ; 5          ; CL66  ;            ;                      ;
;     --   ; 4          ; CK63  ;            ;                      ;
;     --   ; 3          ; CL73  ;            ;                      ;
;     --   ; 2          ; CK73  ;            ;                      ;
;     --   ; 1          ; CL70  ;            ;                      ;
;     --   ; 0          ; CK66  ;            ;                      ;
; 2B_T     ;            ;       ;            ;                      ;
;     --   ; 95         ; CC19  ;            ;                      ;
;     --   ; 94         ; CF19  ;            ;                      ;
;     --   ; 93         ; CH22  ;            ;                      ;
;     --   ; 92         ; CF22  ;            ;                      ;
;     --   ; 91         ; CA22  ;            ;                      ;
;     --   ; 90         ; CC22  ;            ;                      ;
;     --   ; 89         ; CC28  ;            ;                      ;
;     --   ; 88         ; CF28  ;            ;                      ;
;     --   ; 87         ; CC31  ;            ;                      ;
;     --   ; 86         ; CA31  ;            ;                      ;
;     --   ; 85         ; CF31  ;            ;                      ;
;     --   ; 84         ; CH31  ;            ;                      ;
;     --   ; 83         ; CL6   ;            ;                      ;
;     --   ; 82         ; CK8   ;            ;                      ;
;     --   ; 81         ; CL8   ;            ;                      ;
;     --   ; 80         ; CK11  ;            ;                      ;
;     --   ; 79         ; CL11  ;            ;                      ;
;     --   ; 78         ; CL14  ;            ;                      ;
;     --   ; 77         ; CL17  ;            ;                      ;
;     --   ; 76         ; CK17  ;            ;                      ;
;     --   ; 75         ; CK20  ;            ;                      ;
;     --   ; 74         ; CL20  ;            ;                      ;
;     --   ; 73         ; CK26  ;            ;                      ;
;     --   ; 72         ; CL23  ;            ;                      ;
;     --   ; 71         ; BF46  ;            ;                      ;
;     --   ; 70         ; BE46  ;            ;                      ;
;     --   ; 69         ; BE50  ;            ;                      ;
;     --   ; 68         ; BF50  ;            ;                      ;
;     --   ; 67         ; BF53  ;            ;                      ;
;     --   ; 66         ; BF57  ;            ;                      ;
;     --   ; 65         ; BE57  ;            ;                      ;
;     --   ; 64         ; BE61  ;            ;                      ;
;     --   ; 63         ; BF64  ;            ;                      ;
;     --   ; 62         ; BE64  ;            ;                      ;
;     --   ; 61         ; BE68  ;            ;                      ;
;     --   ; 60         ; BF68  ;            ;                      ;
;     --   ; 59         ; BM38  ;            ;                      ;
;     --   ; 58         ; BK38  ;            ;                      ;
;     --   ; 57         ; BH41  ;            ;                      ;
;     --   ; 56         ; BH38  ;            ;                      ;
;     --   ; 55         ; BM41  ;            ;                      ;
;     --   ; 54         ; BP41  ;            ;                      ;
;     --   ; 53         ; BM49  ;            ;                      ;
;     --   ; 52         ; BK49  ;            ;                      ;
;     --   ; 51         ; BH52  ;            ;                      ;
;     --   ; 50         ; BH49  ;            ;                      ;
;     --   ; 49         ; BP52  ;            ;                      ;
;     --   ; 48         ; BM52  ;            ;                      ;
; 3A_B     ;            ;       ;            ;                      ;
;     --   ; 47         ; AB105 ;            ;                      ;
;     --   ; 46         ; Y105  ;            ;                      ;
;     --   ; 45         ; AB108 ;            ;                      ;
;     --   ; 44         ; Y108  ;            ;                      ;
;     --   ; 43         ; AK104 ;            ;                      ;
;     --   ; 42         ; AK107 ;            ;                      ;
;     --   ; 41         ; AB114 ;            ;                      ;
;     --   ; 40         ; Y114  ;            ;                      ;
;     --   ; 39         ; AG111 ;            ;                      ;
;     --   ; 38         ; AK111 ;            ;                      ;
;     --   ; 37         ; Y117  ;            ;                      ;
;     --   ; 36         ; AB117 ;            ;                      ;
;     --   ; 35         ; K105  ;            ;                      ;
;     --   ; 34         ; M105  ;            ;                      ;
;     --   ; 33         ; P105  ;            ;                      ;
;     --   ; 32         ; T105  ;            ;                      ;
;     --   ; 31         ; T108  ;            ;                      ;
;     --   ; 30         ; V108  ;            ;                      ;
;     --   ; 29         ; K114  ;            ;                      ;
;     --   ; 28         ; M114  ;            ;                      ;
;     --   ; 27         ; T117  ;            ;                      ;
;     --   ; 26         ; V117  ;            ;                      ;
;     --   ; 25         ; P114  ;            ;                      ;
;     --   ; 24         ; T114  ;            ;                      ;
;     --   ; 23         ; K108  ;            ;                      ;
;     --   ; 22         ; M108  ;            ;                      ;
;     --   ; 21         ; F108  ;            ;                      ;
;     --   ; 20         ; H108  ;            ;                      ;
;     --   ; 19         ; D105  ;            ;                      ;
;     --   ; 18         ; F105  ;            ;                      ;
;     --   ; 17         ; D114  ;            ;                      ;
;     --   ; 16         ; F114  ;            ;                      ;
;     --   ; 15         ; M117  ;            ;                      ;
;     --   ; 14         ; K117  ;            ;                      ;
;     --   ; 13         ; H117  ;            ;                      ;
;     --   ; 12         ; F117  ;            ;                      ;
;     --   ; 11         ; A113  ;            ;                      ;
;     --   ; 10         ; B113  ;            ;                      ;
;     --   ; 9          ; A116  ;            ;                      ;
;     --   ; 8          ; B116  ;            ;                      ;
;     --   ; 7          ; A122  ;            ;                      ;
;     --   ; 6          ; B119  ;            ;                      ;
;     --   ; 5          ; A125  ;            ;                      ;
;     --   ; 4          ; B122  ;            ;                      ;
;     --   ; 3          ; A130  ;            ;                      ;
;     --   ; 2          ; B130  ;            ;                      ;
;     --   ; 1          ; A128  ;            ;                      ;
;     --   ; 0          ; B128  ;            ;                      ;
; 3A_T     ;            ;       ;            ;                      ;
;     --   ; 95         ; A91   ;            ;                      ;
;     --   ; 94         ; B88   ;            ;                      ;
;     --   ; 93         ; A94   ;            ;                      ;
;     --   ; 92         ; B91   ;            ;                      ;
;     --   ; 91         ; A97   ;            ;                      ;
;     --   ; 90         ; B97   ;            ;                      ;
;     --   ; 89         ; B101  ;            ;                      ;
;     --   ; 88         ; A101  ;            ;                      ;
;     --   ; 87         ; A110  ;            ;                      ;
;     --   ; 86         ; B106  ;            ;                      ;
;     --   ; 85         ; B103  ;            ;                      ;
;     --   ; 84         ; A106  ;            ;                      ;
;     --   ; 83         ; D84   ;            ;                      ;
;     --   ; 82         ; F84   ;            ;                      ;
;     --   ; 81         ; M87   ;            ;                      ;
;     --   ; 80         ; K87   ;            ;                      ;
;     --   ; 79         ; F87   ;            ;                      ;
;     --   ; 78         ; H87   ;            ;                      ;
;     --   ; 77         ; D95   ;            ;                      ;
;     --   ; 76         ; F95   ;            ;                      ;
;     --   ; 75         ; K98   ;            ;                      ;
;     --   ; 74         ; M98   ;            ;                      ;
;     --   ; 73         ; F98   ;            ;                      ;
;     --   ; 72         ; H98   ;            ;                      ;
;     --   ; 71         ; P84   ;            ;                      ;
;     --   ; 70         ; T84   ;            ;                      ;
;     --   ; 69         ; M84   ;            ;                      ;
;     --   ; 68         ; K84   ;            ;                      ;
;     --   ; 67         ; T87   ;            ;                      ;
;     --   ; 66         ; V87   ;            ;                      ;
;     --   ; 65         ; M95   ;            ;                      ;
;     --   ; 64         ; K95   ;            ;                      ;
;     --   ; 63         ; T95   ;            ;                      ;
;     --   ; 62         ; P95   ;            ;                      ;
;     --   ; 61         ; T98   ;            ;                      ;
;     --   ; 60         ; V98   ;            ;                      ;
;     --   ; 59         ; Y84   ;            ;                      ;
;     --   ; 58         ; Y87   ;            ;                      ;
;     --   ; 57         ; Y95   ;            ;                      ;
;     --   ; 56         ; Y98   ;            ;                      ;
;     --   ; 55         ; AC86  ;            ;                      ;
;     --   ; 54         ; AC90  ;            ;                      ;
;     --   ; 53         ; AG93  ;            ;                      ;
;     --   ; 52         ; AG90  ;            ;                      ;
;     --   ; 51         ; AC96  ;            ;                      ;
;     --   ; 50         ; AC100 ;            ;                      ;
;     --   ; 49         ; AG104 ;            ;                      ;
;     --   ; 48         ; AG100 ;            ;                      ;
; 3B_B     ;            ;       ;            ;                      ;
;     --   ; 47         ; Y65   ;            ;                      ;
;     --   ; 46         ; Y67   ;            ;                      ;
;     --   ; 45         ; Y74   ;            ;                      ;
;     --   ; 44         ; Y77   ;            ;                      ;
;     --   ; 43         ; AC83  ;            ;                      ;
;     --   ; 42         ; AG83  ;            ;                      ;
;     --   ; 41         ; AG75  ;            ;                      ;
;     --   ; 40         ; AG72  ;            ;                      ;
;     --   ; 39         ; AG79  ;            ;                      ;
;     --   ; 38         ; AC79  ;            ;                      ;
;     --   ; 37         ; AC72  ;            ;                      ;
;     --   ; 36         ; AC68  ;            ;                      ;
;     --   ; 35         ; P65   ;            ;                      ;
;     --   ; 34         ; T65   ;            ;                      ;
;     --   ; 33         ; K65   ;            ;                      ;
;     --   ; 32         ; M65   ;            ;                      ;
;     --   ; 31         ; T67   ;            ;                      ;
;     --   ; 30         ; V67   ;            ;                      ;
;     --   ; 29         ; K74   ;            ;                      ;
;     --   ; 28         ; M74   ;            ;                      ;
;     --   ; 27         ; T77   ;            ;                      ;
;     --   ; 26         ; V77   ;            ;                      ;
;     --   ; 25         ; T74   ;            ;                      ;
;     --   ; 24         ; P74   ;            ;                      ;
;     --   ; 23         ; D65   ;            ;                      ;
;     --   ; 22         ; F65   ;            ;                      ;
;     --   ; 21         ; F67   ;            ;                      ;
;     --   ; 20         ; H67   ;            ;                      ;
;     --   ; 19         ; K67   ;            ;                      ;
;     --   ; 18         ; M67   ;            ;                      ;
;     --   ; 17         ; F74   ;            ;                      ;
;     --   ; 16         ; D74   ;            ;                      ;
;     --   ; 15         ; H77   ;            ;                      ;
;     --   ; 14         ; F77   ;            ;                      ;
;     --   ; 13         ; M77   ;            ;                      ;
;     --   ; 12         ; K77   ;            ;                      ;
;     --   ; 11         ; A66   ;            ;                      ;
;     --   ; 10         ; B66   ;            ;                      ;
;     --   ; 9          ; A70   ;            ;                      ;
;     --   ; 8          ; B70   ;            ;                      ;
;     --   ; 7          ; A76   ;            ;                      ;
;     --   ; 6          ; B73   ;            ;                      ;
;     --   ; 5          ; B76   ;            ;                      ;
;     --   ; 4          ; A80   ;            ;                      ;
;     --   ; 3          ; A85   ;            ;                      ;
;     --   ; 2          ; B85   ;            ;                      ;
;     --   ; 1          ; B82   ;            ;                      ;
;     --   ; 0          ; A82   ;            ;                      ;
; 3B_T     ;            ;       ;            ;                      ;
;     --   ; 95         ; B42   ;            ;                      ;
;     --   ; 94         ; A45   ;            ;                      ;
;     --   ; 93         ; A48   ;            ;                      ;
;     --   ; 92         ; B45   ;            ;                      ;
;     --   ; 91         ; A51   ;            ;                      ;
;     --   ; 90         ; B51   ;            ;                      ;
;     --   ; 89         ; B54   ;            ;                      ;
;     --   ; 88         ; A54   ;            ;                      ;
;     --   ; 87         ; B60   ;            ;                      ;
;     --   ; 86         ; A63   ;            ;                      ;
;     --   ; 85         ; A60   ;            ;                      ;
;     --   ; 84         ; B56   ;            ;                      ;
;     --   ; 83         ; F44   ;            ;                      ;
;     --   ; 82         ; D44   ;            ;                      ;
;     --   ; 81         ; H47   ;            ;                      ;
;     --   ; 80         ; F47   ;            ;                      ;
;     --   ; 79         ; K47   ;            ;                      ;
;     --   ; 78         ; M47   ;            ;                      ;
;     --   ; 77         ; D55   ;            ;                      ;
;     --   ; 76         ; F55   ;            ;                      ;
;     --   ; 75         ; K58   ;            ;                      ;
;     --   ; 74         ; M58   ;            ;                      ;
;     --   ; 73         ; F58   ;            ;                      ;
;     --   ; 72         ; H58   ;            ;                      ;
;     --   ; 71         ; M44   ;            ;                      ;
;     --   ; 70         ; K44   ;            ;                      ;
;     --   ; 69         ; T44   ;            ;                      ;
;     --   ; 68         ; P44   ;            ;                      ;
;     --   ; 67         ; T47   ;            ;                      ;
;     --   ; 66         ; V47   ;            ;                      ;
;     --   ; 65         ; M55   ;            ;                      ;
;     --   ; 64         ; K55   ;            ;                      ;
;     --   ; 63         ; T58   ;            ;                      ;
;     --   ; 62         ; V58   ;            ;                      ;
;     --   ; 61         ; T55   ;            ;                      ;
;     --   ; 60         ; P55   ;            ;                      ;
;     --   ; 59         ; Y47   ;            ;                      ;
;     --   ; 58         ; Y44   ;            ;                      ;
;     --   ; 57         ; Y55   ;            ;                      ;
;     --   ; 56         ; Y58   ;            ;                      ;
;     --   ; 55         ; AC50  ;            ;                      ;
;     --   ; 54         ; AC53  ;            ;                      ;
;     --   ; 53         ; AG53  ;            ;                      ;
;     --   ; 52         ; AG57  ;            ;                      ;
;     --   ; 51         ; AC61  ;            ;                      ;
;     --   ; 50         ; AG61  ;            ;                      ;
;     --   ; 49         ; AG64  ;            ;                      ;
;     --   ; 48         ; AC64  ;            ;                      ;
; 5A       ;            ;       ;            ;                      ;
;     --   ; 0          ; CD134 ;            ;                      ;
;     --   ; 0          ; CD135 ;            ;                      ;
;     --   ; 0          ; CG134 ;            ;                      ;
;     --   ; 0          ; CG135 ;            ;                      ;
;     --   ; 0          ; CH132 ;            ;                      ;
;     --   ; 0          ; CF132 ;            ;                      ;
;     --   ; 0          ; CF128 ;            ;                      ;
;     --   ; 0          ; CK134 ;            ;                      ;
;     --   ; 0          ; CH128 ;            ;                      ;
;     --   ; 0          ; CL125 ;            ;                      ;
;     --   ; 0          ; CF121 ;            ;                      ;
;     --   ; 0          ; CF118 ;            ;                      ;
;     --   ; 0          ; BU118 ;            ;                      ;
;     --   ; 0          ; BR118 ;            ;                      ;
;     --   ; 0          ; CA118 ;            ;                      ;
;     --   ; 0          ; BW118 ;            ;                      ;
;     --   ; 0          ; CL128 ;            ;                      ;
;     --   ; 0          ; CL130 ;            ;                      ;
;     --   ; 0          ; CK125 ;            ;                      ;
;     --   ; 0          ; CK128 ;            ;                      ;
; 5B       ;            ;       ;            ;                      ;
;     --   ; 0          ; BF111 ;            ;                      ;
;     --   ; 0          ; BH109 ;            ;                      ;
;     --   ; 0          ; BE115 ;            ;                      ;
;     --   ; 0          ; BF115 ;            ;                      ;
;     --   ; 0          ; BF107 ;            ;                      ;
;     --   ; 0          ; BU109 ;            ;                      ;
;     --   ; 0          ; BF104 ;            ;                      ;
;     --   ; 0          ; BR109 ;            ;                      ;
;     --   ; 0          ; BE107 ;            ;                      ;
;     --   ; 0          ; BK109 ;            ;                      ;
;     --   ; 0          ; BE111 ;            ;                      ;
;     --   ; 0          ; BM109 ;            ;                      ;
;     --   ; 0          ; BR112 ;            ;                      ;
;     --   ; 0          ; BK118 ;            ;                      ;
;     --   ; 0          ; BM118 ;            ;                      ;
;     --   ; 0          ; BP112 ;            ;                      ;
;     --   ; 0          ; BM112 ;            ;                      ;
;     --   ; 0          ; BK112 ;            ;                      ;
;     --   ; 0          ; BH118 ;            ;                      ;
;     --   ; 0          ; BF120 ;            ;                      ;
; 6A       ;            ;       ;            ;                      ;
;     --   ; 0          ; BU28  ;            ;                      ;
;     --   ; 0          ; BP31  ;            ;                      ;
;     --   ; 0          ; BR28  ;            ;                      ;
;     --   ; 0          ; BR31  ;            ;                      ;
;     --   ; 0          ; BU31  ;            ;                      ;
;     --   ; 0          ; BM28  ;            ;                      ;
;     --   ; 0          ; BW28  ;            ;                      ;
;     --   ; 0          ; BM31  ;            ;                      ;
;     --   ; 0          ; BK31  ;            ;                      ;
;     --   ; 0          ; BP22  ;            ;                      ;
;     --   ; 0          ; BK28  ;            ;                      ;
;     --   ; 0          ; BR22  ;            ;                      ;
;     --   ; 0          ; CH12  ;            ;                      ;
;     --   ; 0          ; BU22  ;            ;                      ;
;     --   ; 0          ; BW19  ;            ;                      ;
;     --   ; 0          ; BH28  ;            ;                      ;
;     --   ; 0          ; BM22  ;            ;                      ;
;     --   ; 0          ; CF12  ;            ;                      ;
;     --   ; 0          ; BK19  ;            ;                      ;
;     --   ; 0          ; CF9   ;            ;                      ;
; 6B       ;            ;       ;            ;                      ;
;     --   ; 0          ; BF21  ;            ;                      ;
;     --   ; 0          ; BE21  ;            ;                      ;
;     --   ; 0          ; BE43  ;            ;                      ;
;     --   ; 0          ; BF40  ;            ;                      ;
;     --   ; 0          ; BE29  ;            ;                      ;
;     --   ; 0          ; BE25  ;            ;                      ;
;     --   ; 0          ; BF32  ;            ;                      ;
;     --   ; 0          ; BF36  ;            ;                      ;
;     --   ; 0          ; BF29  ;            ;                      ;
;     --   ; 0          ; BF25  ;            ;                      ;
;     --   ; 0          ; BF16  ;            ;                      ;
;     --   ; 0          ; BH19  ;            ;                      ;
;     --   ; 0          ; BK22  ;            ;                      ;
;     --   ; 0          ; BM19  ;            ;                      ;
;     --   ; 0          ; BU19  ;            ;                      ;
;     --   ; 0          ; BR19  ;            ;                      ;
;     --   ; 0          ; CK2   ;            ;                      ;
;     --   ; 0          ; CJ2   ;            ;                      ;
;     --   ; 0          ; CK4   ;            ;                      ;
;     --   ; 0          ; CH4   ;            ;                      ;
; 6C       ;            ;       ;            ;                      ;
;     --   ; 0          ; F27   ;            ;                      ;
;     --   ; 0          ; F24   ;            ;                      ;
;     --   ; 0          ; H27   ;            ;                      ;
;     --   ; 0          ; D24   ;            ;                      ;
;     --   ; 0          ; H18   ;            ;                      ;
;     --   ; 0          ; D15   ;            ;                      ;
;     --   ; 0          ; F18   ;            ;                      ;
;     --   ; 0          ; F15   ;            ;                      ;
;     --   ; 0          ; D8    ;            ;                      ;
;     --   ; 0          ; K8    ;            ;                      ;
;     --   ; 0          ; F8    ;            ;                      ;
;     --   ; 0          ; H8    ;            ;                      ;
;     --   ; 0          ; C2    ;            ;                      ;
;     --   ; 0          ; D4    ;            ;                      ;
;     --   ; 0          ; F4    ;            ;                      ;
;     --   ; 0          ; K4    ;            ;                      ;
;     --   ; 0          ; G2    ;            ;                      ;
;     --   ; 0          ; J2    ;            ;                      ;
;     --   ; 0          ; J1    ;            ;                      ;
;     --   ; 0          ; G1    ;            ;                      ;
; 6D       ;            ;       ;            ;                      ;
;     --   ; 0          ; A8    ;            ;                      ;
;     --   ; 0          ; B4    ;            ;                      ;
;     --   ; 0          ; A11   ;            ;                      ;
;     --   ; 0          ; B11   ;            ;                      ;
;     --   ; 0          ; B14   ;            ;                      ;
;     --   ; 0          ; A14   ;            ;                      ;
;     --   ; 0          ; A20   ;            ;                      ;
;     --   ; 0          ; A17   ;            ;                      ;
;     --   ; 0          ; A23   ;            ;                      ;
;     --   ; 0          ; B20   ;            ;                      ;
;     --   ; 0          ; B23   ;            ;                      ;
;     --   ; 0          ; B26   ;            ;                      ;
;     --   ; 0          ; B30   ;            ;                      ;
;     --   ; 0          ; A30   ;            ;                      ;
;     --   ; 0          ; A35   ;            ;                      ;
;     --   ; 0          ; A33   ;            ;                      ;
;     --   ; 0          ; A39   ;            ;                      ;
;     --   ; 0          ; B35   ;            ;                      ;
;     --   ; 0          ; D34   ;            ;                      ;
;     --   ; 0          ; B39   ;            ;                      ;
+----------+------------+-------+------------+----------------------+


+------------------------------------------------------------------------------------------------------------------------------------------------------------------------------------------------------------------------------------------------------------------------------------------+
; All Package Pins                                                                                                                                                                                                                                                                         ;
+----------+------------+----------+---------------------------------------------------------------------------------------------------------------------------------------+---------------+--------------+---------+----------+-----------------+----------+--------------+---------------+
; Location ; Pad Number ; I/O Bank ; Pin Name/Usage                                                                                                                        ; Dir.          ; I/O Standard ; Voltage ; I/O Type ; User Assignment ; Bus Hold ; Weak Pull Up ; Package Delay ;
+----------+------------+----------+---------------------------------------------------------------------------------------------------------------------------------------+---------------+--------------+---------+----------+-----------------+----------+--------------+---------------+
; A4       ;            ;          ; GND                                                                                                                                   ; gnd           ;              ;         ; --       ;                 ; --       ; --           ; --            ;
; A6       ;            ;          ; GND                                                                                                                                   ; gnd           ;              ;         ; --       ;                 ; --       ; --           ; --            ;
; A8       ; 588        ; 6D       ; RESERVED_INPUT_WITH_WEAK_PULLUP                                                                                                       ;               ;              ; 3.3V    ; --       ;                 ; no       ; On           ; 124ps         ;
; A11      ; 590        ; 6D       ; RESERVED_INPUT_WITH_WEAK_PULLUP                                                                                                       ;               ;              ; 3.3V    ; --       ;                 ; no       ; On           ; 126ps         ;
; A14      ; 593        ; 6D       ; RESERVED_INPUT_WITH_WEAK_PULLUP                                                                                                       ;               ;              ; 3.3V    ; --       ;                 ; no       ; On           ; 122ps         ;
; A17      ; 595        ; 6D       ; RESERVED_INPUT_WITH_WEAK_PULLUP                                                                                                       ;               ;              ; 3.3V    ; --       ;                 ; no       ; On           ; 116ps         ;
; A20      ; 594        ; 6D       ; RESERVED_INPUT_WITH_WEAK_PULLUP                                                                                                       ;               ;              ; 3.3V    ; --       ;                 ; no       ; On           ; 118ps         ;
; A23      ; 596        ; 6D       ; RESERVED_INPUT_WITH_WEAK_PULLUP                                                                                                       ;               ;              ; 3.3V    ; --       ;                 ; no       ; On           ; 111ps         ;
; A26      ;            ;          ; GND                                                                                                                                   ; gnd           ;              ;         ; --       ;                 ; --       ; --           ; --            ;
; A30      ; 601        ; 6D       ; RESERVED_INPUT_WITH_WEAK_PULLUP                                                                                                       ;               ;              ; 3.3V    ; --       ;                 ; no       ; On           ; 108ps         ;
; A33      ; 603        ; 6D       ; RESERVED_INPUT_WITH_WEAK_PULLUP                                                                                                       ;               ;              ; 3.3V    ; --       ;                 ; no       ; On           ; 103ps         ;
; A35      ; 602        ; 6D       ; RESERVED_INPUT_WITH_WEAK_PULLUP                                                                                                       ;               ;              ; 3.3V    ; --       ;                 ; no       ; On           ; 106ps         ;
; A39      ; 604        ; 6D       ; RESERVED_INPUT_WITH_WEAK_PULLUP                                                                                                       ;               ;              ; 3.3V    ; --       ;                 ; no       ; On           ; 102ps         ;
; A42      ;            ;          ; GND                                                                                                                                   ; gnd           ;              ;         ; --       ;                 ; --       ; --           ; --            ;
; A45      ; 382        ; 3B_T     ; RESERVED_INPUT_WITH_WEAK_PULLUP                                                                                                       ;               ;              ; 1.2V    ; --       ;                 ; no       ; On           ; 101ps         ;
; A48      ; 383        ; 3B_T     ; RESERVED_INPUT_WITH_WEAK_PULLUP                                                                                                       ;               ;              ; 1.2V    ; --       ;                 ; no       ; On           ; 103ps         ;
; A51      ; 385        ; 3B_T     ; RESERVED_INPUT_WITH_WEAK_PULLUP                                                                                                       ;               ;              ; 1.2V    ; --       ;                 ; no       ; On           ; 106ps         ;
; A54      ; 388        ; 3B_T     ; RESERVED_INPUT_WITH_WEAK_PULLUP                                                                                                       ;               ;              ; 1.2V    ; --       ;                 ; no       ; On           ; 107ps         ;
; A56      ;            ;          ; GND                                                                                                                                   ; gnd           ;              ;         ; --       ;                 ; --       ; --           ; --            ;
; A60      ; 391        ; 3B_T     ; RESERVED_INPUT_WITH_WEAK_PULLUP                                                                                                       ;               ;              ; 1.2V    ; --       ;                 ; no       ; On           ; 114ps         ;
; A63      ; 390        ; 3B_T     ; RESERVED_INPUT_WITH_WEAK_PULLUP                                                                                                       ;               ;              ; 1.2V    ; --       ;                 ; no       ; On           ; 117ps         ;
; A66      ; 465        ; 3B_B     ; RESERVED_INPUT_WITH_WEAK_PULLUP                                                                                                       ;               ;              ; 1.2V    ; --       ;                 ; no       ; On           ; 102ps         ;
; A70      ; 467        ; 3B_B     ; RESERVED_INPUT_WITH_WEAK_PULLUP                                                                                                       ;               ;              ; 1.2V    ; --       ;                 ; no       ; On           ; 97ps          ;
; A73      ;            ;          ; GND                                                                                                                                   ; gnd           ;              ;         ; --       ;                 ; --       ; --           ; --            ;
; A76      ; 469        ; 3B_B     ; RESERVED_INPUT_WITH_WEAK_PULLUP                                                                                                       ;               ;              ; 1.2V    ; --       ;                 ; no       ; On           ; 93ps          ;
; A80      ; 472        ; 3B_B     ; RESERVED_INPUT_WITH_WEAK_PULLUP                                                                                                       ;               ;              ; 1.2V    ; --       ;                 ; no       ; On           ; 107ps         ;
; A82      ; 476        ; 3B_B     ; RESERVED_INPUT_WITH_WEAK_PULLUP                                                                                                       ;               ;              ; 1.2V    ; --       ;                 ; no       ; On           ; 108ps         ;
; A85      ; 473        ; 3B_B     ; RESERVED_INPUT_WITH_WEAK_PULLUP                                                                                                       ;               ;              ; 1.2V    ; --       ;                 ; no       ; On           ; 105ps         ;
; A88      ;            ;          ; GND                                                                                                                                   ; gnd           ;              ;         ; --       ;                 ; --       ; --           ; --            ;
; A91      ; 284        ; 3A_T     ; RESERVED_INPUT_WITH_WEAK_PULLUP                                                                                                       ;               ;              ; 1.2V    ; --       ;                 ; no       ; On           ; 107ps         ;
; A94      ; 286        ; 3A_T     ; RESERVED_INPUT_WITH_WEAK_PULLUP                                                                                                       ;               ;              ; 1.2V    ; --       ;                 ; no       ; On           ; 110ps         ;
; A97      ; 288        ; 3A_T     ; RESERVED_INPUT_WITH_WEAK_PULLUP                                                                                                       ;               ;              ; 1.2V    ; --       ;                 ; no       ; On           ; 113ps         ;
; A101     ; 291        ; 3A_T     ; RESERVED_INPUT_WITH_WEAK_PULLUP                                                                                                       ;               ;              ; 1.2V    ; --       ;                 ; no       ; On           ; 118ps         ;
; A103     ;            ;          ; GND                                                                                                                                   ; gnd           ;              ;         ; --       ;                 ; --       ; --           ; --            ;
; A106     ; 295        ; 3A_T     ; RESERVED_INPUT_WITH_WEAK_PULLUP                                                                                                       ;               ;              ; 1.2V    ; --       ;                 ; no       ; On           ; 132ps         ;
; A110     ; 292        ; 3A_T     ; RESERVED_INPUT_WITH_WEAK_PULLUP                                                                                                       ;               ;              ; 1.2V    ; --       ;                 ; no       ; On           ; 133ps         ;
; A113     ; 368        ; 3A_B     ; RESERVED_INPUT_WITH_WEAK_PULLUP                                                                                                       ;               ;              ; 1.2V    ; --       ;                 ; no       ; On           ; 137ps         ;
; A116     ; 370        ; 3A_B     ; RESERVED_INPUT_WITH_WEAK_PULLUP                                                                                                       ;               ;              ; 1.2V    ; --       ;                 ; no       ; On           ; 137ps         ;
; A119     ;            ;          ; GND                                                                                                                                   ; gnd           ;              ;         ; --       ;                 ; --       ; --           ; --            ;
; A122     ; 372        ; 3A_B     ; RESERVED_INPUT_WITH_WEAK_PULLUP                                                                                                       ;               ;              ; 1.2V    ; --       ;                 ; no       ; On           ; 142ps         ;
; A125     ; 374        ; 3A_B     ; RESERVED_INPUT_WITH_WEAK_PULLUP                                                                                                       ;               ;              ; 1.2V    ; --       ;                 ; no       ; On           ; 154ps         ;
; A128     ; 378        ; 3A_B     ; RESERVED_INPUT_WITH_WEAK_PULLUP                                                                                                       ;               ;              ; 1.2V    ; --       ;                 ; no       ; On           ; 156ps         ;
; A130     ; 376        ; 3A_B     ; RESERVED_INPUT_WITH_WEAK_PULLUP                                                                                                       ;               ;              ; 1.2V    ; --       ;                 ; no       ; On           ; 155ps         ;
; A132     ;            ;          ; GND                                                                                                                                   ; gnd           ;              ;         ; --       ;                 ; --       ; --           ; --            ;
; A134     ;            ;          ; GND                                                                                                                                   ; gnd           ;              ;         ; --       ;                 ; --       ; --           ; --            ;
; AA1      ;            ;          ; NC                                                                                                                                    ;               ;              ;         ; --       ;                 ; --       ; --           ; --            ;
; AA2      ;            ;          ; GND                                                                                                                                   ; gnd           ;              ;         ; --       ;                 ; --       ; --           ; --            ;
; AA134    ;            ;          ; GND                                                                                                                                   ; gnd           ;              ;         ; --       ;                 ; --       ; --           ; --            ;
; AA135    ; 69         ; HPS      ; HPS_IOB_6, GPIO1_IO5, SPIS1_MOSI, UART1_RTS_N, EMAC2_PPSTRIG2, NAND_ADQ2, SDMMC_DATA2, I3C1_SCL, EMAC1_TXD1, TRACE_D5                 ;               ;              ;         ; --       ;                 ; --       ; --           ; 132ps         ;
; AB4      ;            ;          ; NC                                                                                                                                    ;               ;              ;         ; --       ;                 ; --       ; --           ; --            ;
; AB8      ;            ;          ; NC                                                                                                                                    ;               ;              ;         ; --       ;                 ; --       ; --           ; --            ;
; AB15     ;            ;          ; NC                                                                                                                                    ;               ;              ;         ; --       ;                 ; --       ; --           ; --            ;
; AB18     ;            ;          ; NC                                                                                                                                    ;               ;              ;         ; --       ;                 ; --       ; --           ; --            ;
; AB24     ;            ;          ; NC                                                                                                                                    ;               ;              ;         ; --       ;                 ; --       ; --           ; --            ;
; AB27     ;            ;          ; NC                                                                                                                                    ;               ;              ;         ; --       ;                 ; --       ; --           ; --            ;
; AB105    ; 332        ; 3A_B     ; RESERVED_INPUT_WITH_WEAK_PULLUP                                                                                                       ;               ;              ; 1.2V    ; --       ;                 ; no       ; On           ; 152ps         ;
; AB108    ; 334        ; 3A_B     ; RESERVED_INPUT_WITH_WEAK_PULLUP                                                                                                       ;               ;              ; 1.2V    ; --       ;                 ; no       ; On           ; 143ps         ;
; AB114    ; 338        ; 3A_B     ; RESERVED_INPUT_WITH_WEAK_PULLUP                                                                                                       ;               ;              ; 1.2V    ; --       ;                 ; no       ; On           ; 154ps         ;
; AB117    ; 343        ; 3A_B     ; RESERVED_INPUT_WITH_WEAK_PULLUP                                                                                                       ;               ;              ; 1.2V    ; --       ;                 ; no       ; On           ; 143ps         ;
; AB124    ; 83         ; HPS      ; HPS_IOB_20, GPIO1_IO19, SPIM0_SS0_N, MDIO1_MDC, I2C_EMAC1_SCL, NAND_ADQ11, EMAC2_RXD1, TRACE_CLK                                      ;               ;              ;         ; --       ;                 ; --       ; --           ; 114ps         ;
; AB127    ; 79         ; HPS      ; HPS_IOB_16, GPIO1_IO15, UART1_RX, NAND_DQS, SDMMC_DATA_STROBE, I3C1_SCL, EMAC2_RX_CTL, TRACE_D7                                       ;               ;              ;         ; --       ;                 ; --       ; --           ; 121ps         ;
; AB132    ; 71         ; HPS      ; HPS_IOB_8, GPIO1_IO7, SPIS1_MISO, UART1_RX, I2C1_SCL, NAND_CLE, SDMMC_CMD, I3C0_SCL, EMAC1_RXD1, TRACE_D15                            ;               ;              ;         ; --       ;                 ; --       ; --           ; 124ps         ;
; AC36     ;            ;          ; NC                                                                                                                                    ;               ;              ;         ; --       ;                 ; --       ; --           ; --            ;
; AC40     ;            ;          ; GND                                                                                                                                   ; gnd           ;              ;         ; --       ;                 ; --       ; --           ; --            ;
; AC43     ;            ;          ; NC                                                                                                                                    ;               ;              ;         ; --       ;                 ; --       ; --           ; --            ;
; AC46     ;            ;          ; NC                                                                                                                                    ;               ;              ;         ; --       ;                 ; --       ; --           ; --            ;
; AC50     ; 421        ; 3B_T     ; RESERVED_INPUT_WITH_WEAK_PULLUP                                                                                                       ;               ;              ; 1.2V    ; --       ;                 ; no       ; On           ; 136ps         ;
; AC53     ; 422        ; 3B_T     ; RESERVED_INPUT_WITH_WEAK_PULLUP                                                                                                       ;               ;              ; 1.2V    ; --       ;                 ; no       ; On           ; 137ps         ;
; AC57     ;            ;          ; GND                                                                                                                                   ; gnd           ;              ;         ; --       ;                 ; --       ; --           ; --            ;
; AC61     ; 425        ; 3B_T     ; RESERVED_INPUT_WITH_WEAK_PULLUP                                                                                                       ;               ;              ; 1.2V    ; --       ;                 ; no       ; On           ; 90ps          ;
; AC64     ; 428        ; 3B_T     ; RESERVED_INPUT_WITH_WEAK_PULLUP                                                                                                       ;               ;              ; 1.2V    ; --       ;                 ; no       ; On           ; 89ps          ;
; AC68     ; 440        ; 3B_B     ; RESERVED_INPUT_WITH_WEAK_PULLUP                                                                                                       ;               ;              ; 1.2V    ; --       ;                 ; no       ; On           ; 106ps         ;
; AC72     ; 439        ; 3B_B     ; RESERVED_INPUT_WITH_WEAK_PULLUP                                                                                                       ;               ;              ; 1.2V    ; --       ;                 ; no       ; On           ; 107ps         ;
; AC75     ;            ;          ; GND                                                                                                                                   ; gnd           ;              ;         ; --       ;                 ; --       ; --           ; --            ;
; AC79     ; 438        ; 3B_B     ; RESERVED_INPUT_WITH_WEAK_PULLUP                                                                                                       ;               ;              ; 1.2V    ; --       ;                 ; no       ; On           ; 105ps         ;
; AC83     ; 433        ; 3B_B     ; RESERVED_INPUT_WITH_WEAK_PULLUP                                                                                                       ;               ;              ; 1.2V    ; --       ;                 ; no       ; On           ; 144ps         ;
; AC86     ; 324        ; 3A_T     ; RESERVED_INPUT_WITH_WEAK_PULLUP                                                                                                       ;               ;              ; 1.2V    ; --       ;                 ; no       ; On           ; 135ps         ;
; AC90     ; 325        ; 3A_T     ; RESERVED_INPUT_WITH_WEAK_PULLUP                                                                                                       ;               ;              ; 1.2V    ; --       ;                 ; no       ; On           ; 135ps         ;
; AC93     ;            ;          ; GND                                                                                                                                   ; gnd           ;              ;         ; --       ;                 ; --       ; --           ; --            ;
; AC96     ; 328        ; 3A_T     ; RESERVED_INPUT_WITH_WEAK_PULLUP                                                                                                       ;               ;              ; 1.2V    ; --       ;                 ; no       ; On           ; 108ps         ;
; AC100    ; 329        ; 3A_T     ; RESERVED_INPUT_WITH_WEAK_PULLUP                                                                                                       ;               ;              ; 1.2V    ; --       ;                 ; no       ; On           ; 110ps         ;
; AD1      ;            ;          ; NC                                                                                                                                    ;               ;              ;         ; --       ;                 ; --       ; --           ; --            ;
; AD2      ;            ;          ; NC                                                                                                                                    ;               ;              ;         ; --       ;                 ; --       ; --           ; --            ;
; AD134    ; 57         ; HPS      ; HPS_IOA_18, GPIO0_IO17, I3C1_SCL, NAND_ADQ9, USB1_NXT, EMAC0_TXD1, TRACE_D5                                                           ;               ;              ;         ; --       ;                 ; --       ; --           ; 121ps         ;
; AD135    ; 55         ; HPS      ; HPS_IOA_16, GPIO0_IO15, NAND_DQS, SDMMC_DATA_STROBE, USB1_DATA0, EMAC0_RX_CTL, TRACE_D7                                               ;               ;              ;         ; --       ;                 ; --       ; --           ; 124ps         ;
; AE4      ;            ;          ; NC                                                                                                                                    ;               ;              ;         ; --       ;                 ; --       ; --           ; --            ;
; AE8      ;            ;          ; GND                                                                                                                                   ; gnd           ;              ;         ; --       ;                 ; --       ; --           ; --            ;
; AF1      ;            ;          ; GND                                                                                                                                   ; gnd           ;              ;         ; --       ;                 ; --       ; --           ; --            ;
; AF2      ;            ;          ; NC                                                                                                                                    ;               ;              ;         ; --       ;                 ; --       ; --           ; --            ;
; AG13     ;            ;          ; NC                                                                                                                                    ;               ;              ;         ; --       ;                 ; --       ; --           ; --            ;
; AG16     ;            ;          ; GND                                                                                                                                   ; gnd           ;              ;         ; --       ;                 ; --       ; --           ; --            ;
; AG21     ;            ;          ; NC                                                                                                                                    ;               ;              ;         ; --       ;                 ; --       ; --           ; --            ;
; AG25     ;            ;          ; GND                                                                                                                                   ; gnd           ;              ;         ; --       ;                 ; --       ; --           ; --            ;
; AG29     ;            ;          ; NC                                                                                                                                    ;               ;              ;         ; --       ;                 ; --       ; --           ; --            ;
; AG32     ;            ;          ; GND                                                                                                                                   ; gnd           ;              ;         ; --       ;                 ; --       ; --           ; --            ;
; AG36     ;            ;          ; NC                                                                                                                                    ;               ;              ;         ; --       ;                 ; --       ; --           ; --            ;
; AG40     ;            ;          ; NC                                                                                                                                    ;               ;              ;         ; --       ;                 ; --       ; --           ; --            ;
; AG43     ;            ; 6D       ; VCCIO_HVIO_6D                                                                                                                         ; power         ;              ; 3.3V    ; --       ;                 ; --       ; --           ; --            ;
; AG46     ;            ; 6D       ; VCCIO_HVIO_6D                                                                                                                         ; power         ;              ; 3.3V    ; --       ;                 ; --       ; --           ; --            ;
; AG50     ;            ;          ; GND                                                                                                                                   ; gnd           ;              ;         ; --       ;                 ; --       ; --           ; --            ;
; AG53     ; 423        ; 3B_T     ; RESERVED_INPUT_WITH_WEAK_PULLUP                                                                                                       ;               ;              ; 1.2V    ; --       ;                 ; no       ; On           ; 120ps         ;
; AG57     ; 424        ; 3B_T     ; RESERVED_INPUT_WITH_WEAK_PULLUP                                                                                                       ;               ;              ; 1.2V    ; --       ;                 ; no       ; On           ; 119ps         ;
; AG61     ; 426        ; 3B_T     ; RESERVED_INPUT_WITH_WEAK_PULLUP                                                                                                       ;               ;              ; 1.2V    ; --       ;                 ; no       ; On           ; 89ps          ;
; AG64     ; 427        ; 3B_T     ; RESERVED_INPUT_WITH_WEAK_PULLUP                                                                                                       ;               ;              ; 1.2V    ; --       ;                 ; no       ; On           ; 90ps          ;
; AG68     ;            ;          ; GND                                                                                                                                   ; gnd           ;              ;         ; --       ;                 ; --       ; --           ; --            ;
; AG72     ; 436        ; 3B_B     ; RESERVED_INPUT_WITH_WEAK_PULLUP                                                                                                       ;               ;              ; 1.2V    ; --       ;                 ; no       ; On           ; 127ps         ;
; AG75     ; 435        ; 3B_B     ; RESERVED_INPUT_WITH_WEAK_PULLUP                                                                                                       ;               ;              ; 1.2V    ; --       ;                 ; no       ; On           ; 127ps         ;
; AG79     ; 437        ; 3B_B     ; RESERVED_INPUT_WITH_WEAK_PULLUP                                                                                                       ;               ;              ; 1.2V    ; --       ;                 ; no       ; On           ; 103ps         ;
; AG83     ; 434        ; 3B_B     ; RESERVED_INPUT_WITH_WEAK_PULLUP                                                                                                       ;               ;              ; 1.2V    ; --       ;                 ; no       ; On           ; 143ps         ;
; AG86     ;            ;          ; GND                                                                                                                                   ; gnd           ;              ;         ; --       ;                 ; --       ; --           ; --            ;
; AG90     ; 327        ; 3A_T     ; RESERVED_INPUT_WITH_WEAK_PULLUP                                                                                                       ;               ;              ; 1.2V    ; --       ;                 ; no       ; On           ; 121ps         ;
; AG93     ; 326        ; 3A_T     ; RESERVED_INPUT_WITH_WEAK_PULLUP                                                                                                       ;               ;              ; 1.2V    ; --       ;                 ; no       ; On           ; 119ps         ;
; AG96     ;            ;          ; GND                                                                                                                                   ; gnd           ;              ;         ; --       ;                 ; --       ; --           ; --            ;
; AG100    ; 331        ; 3A_T     ; RESERVED_INPUT_WITH_WEAK_PULLUP                                                                                                       ;               ;              ; 1.2V    ; --       ;                 ; no       ; On           ; 129ps         ;
; AG104    ; 330        ; 3A_T     ; RESERVED_INPUT_WITH_WEAK_PULLUP                                                                                                       ;               ;              ; 1.2V    ; --       ;                 ; no       ; On           ; 130ps         ;
; AG107    ;            ;          ; GND                                                                                                                                   ; gnd           ;              ;         ; --       ;                 ; --       ; --           ; --            ;
; AG111    ; 340        ; 3A_B     ; RESERVED_INPUT_WITH_WEAK_PULLUP                                                                                                       ;               ;              ; 1.2V    ; --       ;                 ; no       ; On           ; 134ps         ;
; AG115    ; 47         ; HPS      ; HPS_IOA_8, GPIO0_IO7, SPIM0_SS0_N, MDIO2_MDC, UART1_RX, I2C_EMAC2_SCL, NAND_CLE, SDMMC_CMD, USB0_DATA3, TRACE_D15                     ;               ;              ;         ; --       ;                 ; --       ; --           ; 81ps          ;
; AG120    ; 61         ; HPS      ; HPS_IOA_22, GPIO0_IO21, SPIM1_MOSI, SPIS0_MOSI, UART0_RTS_N, I2C1_SCL, NAND_ADQ13, USB1_DATA5, EMAC0_TXD3, TRACE_D1                   ;               ;              ;         ; --       ;                 ; --       ; --           ; 93ps          ;
; AG123    ; 67         ; HPS      ; HPS_IOB_4, GPIO1_IO3, SPIM1_SS0_N, UART0_RX, I2C0_SCL, NAND_RE_N, EMAC1_RX_CTL, TRACE_D7                                              ;               ;              ;         ; --       ;                 ; --       ; --           ; 104ps         ;
; AG126    ;            ;          ; GND                                                                                                                                   ; gnd           ;              ;         ; --       ;                 ; --       ; --           ; --            ;
; AG129    ; 59         ; HPS      ; HPS_IOA_20, GPIO0_IO19, SPIM1_SS1_N, I3C0_SCL, NAND_ADQ11, USB1_DATA3, EMAC0_RXD1, TRACE_CLK                                          ;               ;              ;         ; --       ;                 ; --       ; --           ; 106ps         ;
; AG131    ;            ;          ; GND                                                                                                                                   ; gnd           ;              ;         ; --       ;                 ; --       ; --           ; --            ;
; AG133    ;            ;          ; GND                                                                                                                                   ; gnd           ;              ;         ; --       ;                 ; --       ; --           ; --            ;
; AG135    ;            ;          ; GND                                                                                                                                   ; gnd           ;              ;         ; --       ;                 ; --       ; --           ; --            ;
; AH4      ;            ;          ; NC                                                                                                                                    ;               ;              ;         ; --       ;                 ; --       ; --           ; --            ;
; AH8      ;            ;          ; NC                                                                                                                                    ;               ;              ;         ; --       ;                 ; --       ; --           ; --            ;
; AJ1      ;            ;          ; NC                                                                                                                                    ;               ;              ;         ; --       ;                 ; --       ; --           ; --            ;
; AJ2      ;            ;          ; NC                                                                                                                                    ;               ;              ;         ; --       ;                 ; --       ; --           ; --            ;
; AK5      ;            ;          ; GND                                                                                                                                   ; gnd           ;              ;         ; --       ;                 ; --       ; --           ; --            ;
; AK7      ;            ;          ; GND                                                                                                                                   ; gnd           ;              ;         ; --       ;                 ; --       ; --           ; --            ;
; AK10     ;            ;          ; GND                                                                                                                                   ; gnd           ;              ;         ; --       ;                 ; --       ; --           ; --            ;
; AK13     ;            ;          ; GND                                                                                                                                   ; gnd           ;              ;         ; --       ;                 ; --       ; --           ; --            ;
; AK16     ;            ;          ; NC                                                                                                                                    ;               ;              ;         ; --       ;                 ; --       ; --           ; --            ;
; AK21     ;            ;          ; NC                                                                                                                                    ;               ;              ;         ; --       ;                 ; --       ; --           ; --            ;
; AK25     ;            ;          ; NC                                                                                                                                    ;               ;              ;         ; --       ;                 ; --       ; --           ; --            ;
; AK29     ;            ;          ; GND                                                                                                                                   ; gnd           ;              ;         ; --       ;                 ; --       ; --           ; --            ;
; AK32     ;            ;          ; NC                                                                                                                                    ;               ;              ;         ; --       ;                 ; --       ; --           ; --            ;
; AK36     ;            ;          ; GND                                                                                                                                   ; gnd           ;              ;         ; --       ;                 ; --       ; --           ; --            ;
; AK40     ;            ; 6C       ; VCCIO_HVIO_6C                                                                                                                         ; power         ;              ; 3.3V    ; --       ;                 ; --       ; --           ; --            ;
; AK43     ;            ;          ; GND                                                                                                                                   ; gnd           ;              ;         ; --       ;                 ; --       ; --           ; --            ;
; AK46     ;            ; --       ; VCCPT_HVIO                                                                                                                            ; power         ;              ; 1.8V    ; --       ;                 ; --       ; --           ; --            ;
; AK50     ;            ; 3B_T     ; VCCIO_PIO_3B_T                                                                                                                        ; power         ;              ; 1.2V    ; --       ;                 ; --       ; --           ; --            ;
; AK53     ;            ;          ; GND                                                                                                                                   ; gnd           ;              ;         ; --       ;                 ; --       ; --           ; --            ;
; AK57     ;            ; 3B_B     ; VCCIO_PIO_3B_B                                                                                                                        ; power         ;              ; 1.2V    ; --       ;                 ; --       ; --           ; --            ;
; AK61     ;            ; 3B_B     ; VCCIO_PIO_3B_B                                                                                                                        ; power         ;              ; 1.2V    ; --       ;                 ; --       ; --           ; --            ;
; AK64     ;            ;          ; GND                                                                                                                                   ; gnd           ;              ;         ; --       ;                 ; --       ; --           ; --            ;
; AK68     ;            ; 3A_T     ; VCCIO_PIO_3A_T                                                                                                                        ; power         ;              ; 1.2V    ; --       ;                 ; --       ; --           ; --            ;
; AK72     ;            ; 3A_B     ; VCCIO_PIO_3A_B                                                                                                                        ; power         ;              ; 1.2V    ; --       ;                 ; --       ; --           ; --            ;
; AK75     ;            ;          ; GND                                                                                                                                   ; gnd           ;              ;         ; --       ;                 ; --       ; --           ; --            ;
; AK79     ;            ; --       ; VCCL_HPS_CORE0_CORE1                                                                                                                  ; power         ;              ; GND     ; --       ;                 ; --       ; --           ; --            ;
; AK83     ;            ; --       ; VCCL_HPS                                                                                                                              ; power         ;              ; 0.75V   ; --       ;                 ; --       ; --           ; --            ;
; AK86     ;            ;          ; GND                                                                                                                                   ; gnd           ;              ;         ; --       ;                 ; --       ; --           ; --            ;
; AK90     ;            ; --       ; VCCIO_HPS                                                                                                                             ; power         ;              ; 1.8V    ; --       ;                 ; --       ; --           ; --            ;
; AK93     ;            ; --       ; VCCL_HPS_CORE2                                                                                                                        ; power         ;              ; GND     ; --       ;                 ; --       ; --           ; --            ;
; AK96     ;            ;          ; GND                                                                                                                                   ; gnd           ;              ;         ; --       ;                 ; --       ; --           ; --            ;
; AK100    ;            ;          ; GND                                                                                                                                   ; gnd           ;              ;         ; --       ;                 ; --       ; --           ; --            ;
; AK104    ; 336        ; 3A_B     ; RESERVED_INPUT_WITH_WEAK_PULLUP                                                                                                       ;               ;              ; 1.2V    ; --       ;                 ; no       ; On           ; 140ps         ;
; AK107    ; 337        ; 3A_B     ; RESERVED_INPUT_WITH_WEAK_PULLUP                                                                                                       ;               ;              ; 1.2V    ; --       ;                 ; no       ; On           ; 142ps         ;
; AK111    ; 341        ; 3A_B     ; RESERVED_INPUT_WITH_WEAK_PULLUP                                                                                                       ;               ;              ; 1.2V    ; --       ;                 ; no       ; On           ; 135ps         ;
; AK115    ; 43         ; HPS      ; HPS_IOA_4, GPIO0_IO3, SPIS0_MISO, UART0_RX, I2C1_SCL, NAND_RE_N, USB0_DATA0, EMAC1_PPSTRIG1, TRACE_D7                                 ;               ;              ;         ; --       ;                 ; --       ; --           ; 80ps          ;
; AK120    ; 49         ; HPS      ; HPS_IOA_10, GPIO0_IO9, SPIM1_MOSI, SPIS1_MOSI, MDIO1_MDC, I2C_EMAC1_SCL, NAND_ADQ5, SDMMC_DATA5, USB0_DATA5, I3C1_SCL, TRACE_D13      ;               ;              ;         ; --       ;                 ; --       ; --           ; 85ps          ;
; AK123    ;            ;          ; GND                                                                                                                                   ; gnd           ;              ;         ; --       ;                 ; --       ; --           ; --            ;
; AK126    ;            ;          ; GND                                                                                                                                   ; gnd           ;              ;         ; --       ;                 ; --       ; --           ; --            ;
; AK129    ;            ;          ; GND                                                                                                                                   ; gnd           ;              ;         ; --       ;                 ; --       ; --           ; --            ;
; AK131    ;            ;          ; GND                                                                                                                                   ; gnd           ;              ;         ; --       ;                 ; --       ; --           ; --            ;
; AK133    ; 706        ; 1C       ; GXB_GND*                                                                                                                              ;               ;              ;         ; --       ;                 ; --       ; --           ; 75ps          ;
; AK135    ; 705        ; 1C       ; GXB_GND*                                                                                                                              ;               ;              ;         ; --       ;                 ; --       ; --           ; 75ps          ;
; AL1      ;            ;          ; GND                                                                                                                                   ; gnd           ;              ;         ; --       ;                 ; --       ; --           ; --            ;
; AL3      ;            ;          ; GND                                                                                                                                   ; gnd           ;              ;         ; --       ;                 ; --       ; --           ; --            ;
; AL5      ;            ;          ; GND                                                                                                                                   ; gnd           ;              ;         ; --       ;                 ; --       ; --           ; --            ;
; AL7      ; 842        ; 4C       ; GXB_NC                                                                                                                                ;               ;              ;         ; --       ;                 ; --       ; --           ; 62ps          ;
; AL10     ; 843        ; 4C       ; GXB_NC                                                                                                                                ;               ;              ;         ; --       ;                 ; --       ; --           ; 62ps          ;
; AL13     ;            ;          ; GND                                                                                                                                   ; gnd           ;              ;         ; --       ;                 ; --       ; --           ; --            ;
; AL16     ;            ;          ; NC                                                                                                                                    ;               ;              ;         ; --       ;                 ; --       ; --           ; --            ;
; AL21     ;            ;          ; GND                                                                                                                                   ; gnd           ;              ;         ; --       ;                 ; --       ; --           ; --            ;
; AL25     ;            ;          ; NC                                                                                                                                    ;               ;              ;         ; --       ;                 ; --       ; --           ; --            ;
; AL29     ;            ;          ; NC                                                                                                                                    ;               ;              ;         ; --       ;                 ; --       ; --           ; --            ;
; AL32     ;            ;          ; NC                                                                                                                                    ;               ;              ;         ; --       ;                 ; --       ; --           ; --            ;
; AL36     ;            ;          ; GND                                                                                                                                   ; gnd           ;              ;         ; --       ;                 ; --       ; --           ; --            ;
; AL40     ;            ; 6C       ; VCCIO_HVIO_6C                                                                                                                         ; power         ;              ; 3.3V    ; --       ;                 ; --       ; --           ; --            ;
; AL43     ;            ;          ; DNU                                                                                                                                   ;               ;              ;         ; --       ;                 ; --       ; --           ; --            ;
; AL46     ;            ; --       ; VCCPT_HVIO                                                                                                                            ; power         ;              ; 1.8V    ; --       ;                 ; --       ; --           ; --            ;
; AL50     ;            ;          ; GND                                                                                                                                   ; gnd           ;              ;         ; --       ;                 ; --       ; --           ; --            ;
; AL53     ;            ; 3B_T     ; VCCIO_PIO_3B_T                                                                                                                        ; power         ;              ; 1.2V    ; --       ;                 ; --       ; --           ; --            ;
; AL57     ;            ;          ; DNU                                                                                                                                   ;               ;              ;         ; --       ;                 ; --       ; --           ; --            ;
; AL61     ;            ;          ; GND                                                                                                                                   ; gnd           ;              ;         ; --       ;                 ; --       ; --           ; --            ;
; AL64     ;            ; 3A_T     ; VCCIO_PIO_3A_T                                                                                                                        ; power         ;              ; 1.2V    ; --       ;                 ; --       ; --           ; --            ;
; AL68     ;            ;          ; DNU                                                                                                                                   ;               ;              ;         ; --       ;                 ; --       ; --           ; --            ;
; AL72     ;            ;          ; GND                                                                                                                                   ; gnd           ;              ;         ; --       ;                 ; --       ; --           ; --            ;
; AL75     ;            ; 3A_B     ; VCCIO_PIO_3A_B                                                                                                                        ; power         ;              ; 1.2V    ; --       ;                 ; --       ; --           ; --            ;
; AL79     ;            ; --       ; VCCL_HPS_CORE0_CORE1                                                                                                                  ; power         ;              ; GND     ; --       ;                 ; --       ; --           ; --            ;
; AL83     ;            ;          ; GND                                                                                                                                   ; gnd           ;              ;         ; --       ;                 ; --       ; --           ; --            ;
; AL86     ;            ; --       ; VCCL_HPS                                                                                                                              ; power         ;              ; 0.75V   ; --       ;                 ; --       ; --           ; --            ;
; AL90     ;            ; --       ; VCCIO_HPS                                                                                                                             ; power         ;              ; 1.8V    ; --       ;                 ; --       ; --           ; --            ;
; AL93     ;            ;          ; GND                                                                                                                                   ; gnd           ;              ;         ; --       ;                 ; --       ; --           ; --            ;
; AL96     ;            ; --       ; VCCL_HPS_CORE2                                                                                                                        ; power         ;              ; GND     ; --       ;                 ; --       ; --           ; --            ;
; AL100    ;            ; --       ; VCCL_HPS_CORE3                                                                                                                        ; power         ;              ; GND     ; --       ;                 ; --       ; --           ; --            ;
; AL104    ;            ;          ; NC                                                                                                                                    ;               ;              ;         ; --       ;                 ; --       ; --           ; --            ;
; AL107    ;            ;          ; NC                                                                                                                                    ;               ;              ;         ; --       ;                 ; --       ; --           ; --            ;
; AL111    ;            ;          ; GND                                                                                                                                   ; gnd           ;              ;         ; --       ;                 ; --       ; --           ; --            ;
; AL115    ;            ;          ; DNU                                                                                                                                   ;               ;              ;         ; --       ;                 ; --       ; --           ; --            ;
; AL120    ; 45         ; HPS      ; HPS_IOA_6, GPIO0_IO5, SPIM0_MOSI, UART1_RTS_N, I2C0_SCL, NAND_ADQ2, SDMMC_DATA2, USB0_NXT, EMAC2_PPSTRIG2, TRACE_D5                   ;               ;              ;         ; --       ;                 ; --       ; --           ; 84ps          ;
; AL123    ;            ;          ; GND                                                                                                                                   ; gnd           ;              ;         ; --       ;                 ; --       ; --           ; --            ;
; AL126    ; 714        ; 1C       ; GXB_NC                                                                                                                                ;               ;              ;         ; --       ;                 ; --       ; --           ; 62ps          ;
; AL129    ; 713        ; 1C       ; GXB_NC                                                                                                                                ;               ;              ;         ; --       ;                 ; --       ; --           ; 62ps          ;
; AL131    ;            ;          ; GND                                                                                                                                   ; gnd           ;              ;         ; --       ;                 ; --       ; --           ; --            ;
; AL133    ;            ;          ; GND                                                                                                                                   ; gnd           ;              ;         ; --       ;                 ; --       ; --           ; --            ;
; AL135    ;            ;          ; GND                                                                                                                                   ; gnd           ;              ;         ; --       ;                 ; --       ; --           ; --            ;
; AM1      ; 834        ; 4C       ; GXB_GND*                                                                                                                              ;               ;              ;         ; --       ;                 ; --       ; --           ; 73ps          ;
; AM3      ; 835        ; 4C       ; GXB_GND*                                                                                                                              ;               ;              ;         ; --       ;                 ; --       ; --           ; 73ps          ;
; AM5      ;            ;          ; GND                                                                                                                                   ; gnd           ;              ;         ; --       ;                 ; --       ; --           ; --            ;
; AM7      ;            ;          ; GND                                                                                                                                   ; gnd           ;              ;         ; --       ;                 ; --       ; --           ; --            ;
; AM10     ;            ;          ; GND                                                                                                                                   ; gnd           ;              ;         ; --       ;                 ; --       ; --           ; --            ;
; AM13     ;            ;          ; GND                                                                                                                                   ; gnd           ;              ;         ; --       ;                 ; --       ; --           ; --            ;
; AM16     ;            ;          ; NC                                                                                                                                    ;               ;              ;         ; --       ;                 ; --       ; --           ; --            ;
; AM21     ;            ;          ; GND                                                                                                                                   ; gnd           ;              ;         ; --       ;                 ; --       ; --           ; --            ;
; AM25     ;            ;          ; GND                                                                                                                                   ; gnd           ;              ;         ; --       ;                 ; --       ; --           ; --            ;
; AM29     ;            ;          ; GND                                                                                                                                   ; gnd           ;              ;         ; --       ;                 ; --       ; --           ; --            ;
; AM32     ;            ;          ; GND                                                                                                                                   ; gnd           ;              ;         ; --       ;                 ; --       ; --           ; --            ;
; AM36     ;            ;          ; DNU                                                                                                                                   ;               ;              ;         ; --       ;                 ; --       ; --           ; --            ;
; AM40     ;            ;          ; DNU                                                                                                                                   ;               ;              ;         ; --       ;                 ; --       ; --           ; --            ;
; AM43     ;            ;          ; NC                                                                                                                                    ;               ;              ;         ; --       ;                 ; --       ; --           ; --            ;
; AM46     ;            ;          ; NC                                                                                                                                    ;               ;              ;         ; --       ;                 ; --       ; --           ; --            ;
; AM50     ;            ;          ; NC                                                                                                                                    ;               ;              ;         ; --       ;                 ; --       ; --           ; --            ;
; AM53     ;            ; --       ; VCCP                                                                                                                                  ; power         ;              ; 0.75V   ; --       ;                 ; --       ; --           ; --            ;
; AM57     ;            ;          ; GND                                                                                                                                   ; gnd           ;              ;         ; --       ;                 ; --       ; --           ; --            ;
; AM61     ;            ; --       ; VCCP                                                                                                                                  ; power         ;              ; 0.75V   ; --       ;                 ; --       ; --           ; --            ;
; AM64     ;            ; --       ; VCCP                                                                                                                                  ; power         ;              ; 0.75V   ; --       ;                 ; --       ; --           ; --            ;
; AM68     ;            ;          ; GND                                                                                                                                   ; gnd           ;              ;         ; --       ;                 ; --       ; --           ; --            ;
; AM72     ;            ; --       ; VCCP                                                                                                                                  ; power         ;              ; 0.75V   ; --       ;                 ; --       ; --           ; --            ;
; AM75     ;            ; --       ; VCCP                                                                                                                                  ; power         ;              ; 0.75V   ; --       ;                 ; --       ; --           ; --            ;
; AM79     ;            ;          ; GND                                                                                                                                   ; gnd           ;              ;         ; --       ;                 ; --       ; --           ; --            ;
; AM83     ;            ; --       ; VCCL_HPS                                                                                                                              ; power         ;              ; 0.75V   ; --       ;                 ; --       ; --           ; --            ;
; AM86     ;            ; --       ; VCCPLLDIG2_HPS                                                                                                                        ; power         ;              ; 0.75V   ; --       ;                 ; --       ; --           ; --            ;
; AM90     ;            ;          ; GND                                                                                                                                   ; gnd           ;              ;         ; --       ;                 ; --       ; --           ; --            ;
; AM93     ;            ; --       ; VCCPLL1_HPS                                                                                                                           ; power         ;              ; 1.8V    ; --       ;                 ; --       ; --           ; --            ;
; AM96     ;            ; --       ; VCCPLLDIG1_HPS                                                                                                                        ; power         ;              ; 0.75V   ; --       ;                 ; --       ; --           ; --            ;
; AM100    ;            ; --       ; VCCL_HPS_CORE3                                                                                                                        ; power         ;              ; GND     ; --       ;                 ; --       ; --           ; --            ;
; AM104    ;            ;          ; GND                                                                                                                                   ; gnd           ;              ;         ; --       ;                 ; --       ; --           ; --            ;
; AM107    ;            ;          ; GND                                                                                                                                   ; gnd           ;              ;         ; --       ;                 ; --       ; --           ; --            ;
; AM111    ;            ;          ; GND                                                                                                                                   ; gnd           ;              ;         ; --       ;                 ; --       ; --           ; --            ;
; AM115    ;            ;          ; GND                                                                                                                                   ; gnd           ;              ;         ; --       ;                 ; --       ; --           ; --            ;
; AM120    ;            ;          ; DNU                                                                                                                                   ;               ;              ;         ; --       ;                 ; --       ; --           ; --            ;
; AM123    ;            ;          ; GND                                                                                                                                   ; gnd           ;              ;         ; --       ;                 ; --       ; --           ; --            ;
; AM126    ;            ;          ; GND                                                                                                                                   ; gnd           ;              ;         ; --       ;                 ; --       ; --           ; --            ;
; AM129    ;            ;          ; GND                                                                                                                                   ; gnd           ;              ;         ; --       ;                 ; --       ; --           ; --            ;
; AM131    ;            ;          ; GND                                                                                                                                   ; gnd           ;              ;         ; --       ;                 ; --       ; --           ; --            ;
; AM133    ; 704        ; 1C       ; GXB_GND*                                                                                                                              ;               ;              ;         ; --       ;                 ; --       ; --           ; 73ps          ;
; AM135    ; 703        ; 1C       ; GXB_GND*                                                                                                                              ;               ;              ;         ; --       ;                 ; --       ; --           ; 73ps          ;
; AN1      ;            ;          ; GND                                                                                                                                   ; gnd           ;              ;         ; --       ;                 ; --       ; --           ; --            ;
; AN3      ;            ;          ; GND                                                                                                                                   ; gnd           ;              ;         ; --       ;                 ; --       ; --           ; --            ;
; AN5      ;            ;          ; GND                                                                                                                                   ; gnd           ;              ;         ; --       ;                 ; --       ; --           ; --            ;
; AN7      ; 840        ; 4C       ; GXB_NC                                                                                                                                ;               ;              ;         ; --       ;                 ; --       ; --           ; 60ps          ;
; AN10     ; 841        ; 4C       ; GXB_NC                                                                                                                                ;               ;              ;         ; --       ;                 ; --       ; --           ; 60ps          ;
; AN13     ;            ;          ; GND                                                                                                                                   ; gnd           ;              ;         ; --       ;                 ; --       ; --           ; --            ;
; AN16     ;            ;          ; GND                                                                                                                                   ; gnd           ;              ;         ; --       ;                 ; --       ; --           ; --            ;
; AN21     ;            ;          ; GND                                                                                                                                   ; gnd           ;              ;         ; --       ;                 ; --       ; --           ; --            ;
; AN25     ;            ;          ; NC                                                                                                                                    ;               ;              ;         ; --       ;                 ; --       ; --           ; --            ;
; AN29     ;            ;          ; NC                                                                                                                                    ;               ;              ;         ; --       ;                 ; --       ; --           ; --            ;
; AN32     ;            ;          ; GND                                                                                                                                   ; gnd           ;              ;         ; --       ;                 ; --       ; --           ; --            ;
; AN36     ;            ;          ; GND                                                                                                                                   ; gnd           ;              ;         ; --       ;                 ; --       ; --           ; --            ;
; AN40     ;            ;          ; GND                                                                                                                                   ; gnd           ;              ;         ; --       ;                 ; --       ; --           ; --            ;
; AN43     ;            ;          ; GND                                                                                                                                   ; gnd           ;              ;         ; --       ;                 ; --       ; --           ; --            ;
; AN46     ;            ;          ; GND                                                                                                                                   ; gnd           ;              ;         ; --       ;                 ; --       ; --           ; --            ;
; AN50     ;            ;          ; NC                                                                                                                                    ;               ;              ;         ; --       ;                 ; --       ; --           ; --            ;
; AN53     ;            ;          ; GND                                                                                                                                   ; gnd           ;              ;         ; --       ;                 ; --       ; --           ; --            ;
; AN57     ;            ; --       ; VCCP                                                                                                                                  ; power         ;              ; 0.75V   ; --       ;                 ; --       ; --           ; --            ;
; AN61     ;            ; --       ; VCCPT                                                                                                                                 ; power         ;              ; 1.8V    ; --       ;                 ; --       ; --           ; --            ;
; AN64     ;            ;          ; GND                                                                                                                                   ; gnd           ;              ;         ; --       ;                 ; --       ; --           ; --            ;
; AN68     ;            ; --       ; VCCP                                                                                                                                  ; power         ;              ; 0.75V   ; --       ;                 ; --       ; --           ; --            ;
; AN72     ;            ; --       ; VCC                                                                                                                                   ; power         ;              ; 0.75V   ; --       ;                 ; --       ; --           ; --            ;
; AN75     ;            ;          ; GND                                                                                                                                   ; gnd           ;              ;         ; --       ;                 ; --       ; --           ; --            ;
; AN79     ;            ; --       ; VCC                                                                                                                                   ; power         ;              ; 0.75V   ; --       ;                 ; --       ; --           ; --            ;
; AN83     ;            ; --       ; VCCL_HPS                                                                                                                              ; power         ;              ; 0.75V   ; --       ;                 ; --       ; --           ; --            ;
; AN86     ;            ;          ; GND                                                                                                                                   ; gnd           ;              ;         ; --       ;                 ; --       ; --           ; --            ;
; AN90     ;            ; --       ; VCCPLL2_HPS                                                                                                                           ; power         ;              ; 1.8V    ; --       ;                 ; --       ; --           ; --            ;
; AN93     ;            ;          ; GND                                                                                                                                   ; gnd           ;              ;         ; --       ;                 ; --       ; --           ; --            ;
; AN96     ;            ;          ; GND                                                                                                                                   ; gnd           ;              ;         ; --       ;                 ; --       ; --           ; --            ;
; AN100    ;            ;          ; GND                                                                                                                                   ; gnd           ;              ;         ; --       ;                 ; --       ; --           ; --            ;
; AN104    ;            ;          ; GND                                                                                                                                   ; gnd           ;              ;         ; --       ;                 ; --       ; --           ; --            ;
; AN107    ;            ;          ; NC                                                                                                                                    ;               ;              ;         ; --       ;                 ; --       ; --           ; --            ;
; AN111    ;            ;          ; NC                                                                                                                                    ;               ;              ;         ; --       ;                 ; --       ; --           ; --            ;
; AN115    ;            ;          ; GND                                                                                                                                   ; gnd           ;              ;         ; --       ;                 ; --       ; --           ; --            ;
; AN120    ;            ;          ; GND                                                                                                                                   ; gnd           ;              ;         ; --       ;                 ; --       ; --           ; --            ;
; AN123    ;            ;          ; GND                                                                                                                                   ; gnd           ;              ;         ; --       ;                 ; --       ; --           ; --            ;
; AN126    ; 712        ; 1C       ; GXB_NC                                                                                                                                ;               ;              ;         ; --       ;                 ; --       ; --           ; 60ps          ;
; AN129    ; 711        ; 1C       ; GXB_NC                                                                                                                                ;               ;              ;         ; --       ;                 ; --       ; --           ; 60ps          ;
; AN131    ;            ;          ; GND                                                                                                                                   ; gnd           ;              ;         ; --       ;                 ; --       ; --           ; --            ;
; AN133    ;            ;          ; GND                                                                                                                                   ; gnd           ;              ;         ; --       ;                 ; --       ; --           ; --            ;
; AN135    ;            ;          ; GND                                                                                                                                   ; gnd           ;              ;         ; --       ;                 ; --       ; --           ; --            ;
; AP1      ; 832        ; 4C       ; GXB_GND*                                                                                                                              ;               ;              ;         ; --       ;                 ; --       ; --           ; 74ps          ;
; AP3      ; 833        ; 4C       ; GXB_GND*                                                                                                                              ;               ;              ;         ; --       ;                 ; --       ; --           ; 74ps          ;
; AP5      ;            ;          ; GND                                                                                                                                   ; gnd           ;              ;         ; --       ;                 ; --       ; --           ; --            ;
; AP7      ;            ;          ; GND                                                                                                                                   ; gnd           ;              ;         ; --       ;                 ; --       ; --           ; --            ;
; AP10     ;            ;          ; GND                                                                                                                                   ; gnd           ;              ;         ; --       ;                 ; --       ; --           ; --            ;
; AP13     ;            ;          ; GND                                                                                                                                   ; gnd           ;              ;         ; --       ;                 ; --       ; --           ; --            ;
; AP16     ; 846        ; 4C       ; GXB_GND*                                                                                                                              ;               ;              ;         ; --       ;                 ; --       ; --           ; 64ps          ;
; AP21     ; 847        ; 4C       ; GXB_GND*                                                                                                                              ;               ;              ;         ; --       ;                 ; --       ; --           ; 66ps          ;
; AP25     ;            ; --       ; VCCEHT_GTSR4C                                                                                                                         ; power         ;              ; 1.8V    ; --       ;                 ; --       ; --           ; --            ;
; AP29     ;            ; --       ; VCCEHT_GTSR4C                                                                                                                         ; power         ;              ; 1.8V    ; --       ;                 ; --       ; --           ; --            ;
; AP32     ;            ;          ; GND                                                                                                                                   ; gnd           ;              ;         ; --       ;                 ; --       ; --           ; --            ;
; AP36     ;            ; --       ; VCCERT_GTSR4C                                                                                                                         ; power         ;              ; 1.0V    ; --       ;                 ; --       ; --           ; --            ;
; AP40     ;            ; --       ; VCCERT_GTSR4C                                                                                                                         ; power         ;              ; 1.0V    ; --       ;                 ; --       ; --           ; --            ;
; AP43     ;            ; --       ; VCC_HSSI_R4                                                                                                                           ; power         ;              ; 0.75V   ; --       ;                 ; --       ; --           ; --            ;
; AP46     ;            ; --       ; VCC_HSSI_R4                                                                                                                           ; power         ;              ; 0.75V   ; --       ;                 ; --       ; --           ; --            ;
; AP50     ;            ;          ; NC                                                                                                                                    ;               ;              ;         ; --       ;                 ; --       ; --           ; --            ;
; AP53     ;            ;          ; NC                                                                                                                                    ;               ;              ;         ; --       ;                 ; --       ; --           ; --            ;
; AP57     ;            ; --       ; VCCPT                                                                                                                                 ; power         ;              ; 1.8V    ; --       ;                 ; --       ; --           ; --            ;
; AP61     ;            ;          ; GND                                                                                                                                   ; gnd           ;              ;         ; --       ;                 ; --       ; --           ; --            ;
; AP64     ;            ; --       ; VCC                                                                                                                                   ; power         ;              ; 0.75V   ; --       ;                 ; --       ; --           ; --            ;
; AP68     ;            ; --       ; VCC                                                                                                                                   ; power         ;              ; 0.75V   ; --       ;                 ; --       ; --           ; --            ;
; AP72     ;            ;          ; GND                                                                                                                                   ; gnd           ;              ;         ; --       ;                 ; --       ; --           ; --            ;
; AP75     ;            ; --       ; VCC                                                                                                                                   ; power         ;              ; 0.75V   ; --       ;                 ; --       ; --           ; --            ;
; AP79     ;            ; --       ; VCC                                                                                                                                   ; power         ;              ; 0.75V   ; --       ;                 ; --       ; --           ; --            ;
; AP83     ;            ;          ; GND                                                                                                                                   ; gnd           ;              ;         ; --       ;                 ; --       ; --           ; --            ;
; AP86     ;            ; --       ; VCC                                                                                                                                   ; power         ;              ; 0.75V   ; --       ;                 ; --       ; --           ; --            ;
; AP90     ;            ; --       ; VCC_HSSI_L1                                                                                                                           ; power         ;              ; 0.75V   ; --       ;                 ; --       ; --           ; --            ;
; AP93     ;            ; --       ; VCC_HSSI_L1                                                                                                                           ; power         ;              ; 0.75V   ; --       ;                 ; --       ; --           ; --            ;
; AP96     ;            ; --       ; VCCERT_GTSL1C                                                                                                                         ; power         ;              ; 1.0V    ; --       ;                 ; --       ; --           ; --            ;
; AP100    ;            ; --       ; VCCERT_GTSL1C                                                                                                                         ; power         ;              ; 1.0V    ; --       ;                 ; --       ; --           ; --            ;
; AP104    ;            ;          ; GND                                                                                                                                   ; gnd           ;              ;         ; --       ;                 ; --       ; --           ; --            ;
; AP107    ;            ; --       ; VCCEHT_GTSL1C                                                                                                                         ; power         ;              ; 1.8V    ; --       ;                 ; --       ; --           ; --            ;
; AP111    ;            ; --       ; VCCEHT_GTSL1C                                                                                                                         ; power         ;              ; 1.8V    ; --       ;                 ; --       ; --           ; --            ;
; AP115    ; 718        ; 1C       ; GXB_GND*                                                                                                                              ;               ;              ;         ; --       ;                 ; --       ; --           ; 69ps          ;
; AP120    ; 717        ; 1C       ; GXB_GND*                                                                                                                              ;               ;              ;         ; --       ;                 ; --       ; --           ; 69ps          ;
; AP123    ;            ;          ; GND                                                                                                                                   ; gnd           ;              ;         ; --       ;                 ; --       ; --           ; --            ;
; AP126    ;            ;          ; GND                                                                                                                                   ; gnd           ;              ;         ; --       ;                 ; --       ; --           ; --            ;
; AP129    ;            ;          ; GND                                                                                                                                   ; gnd           ;              ;         ; --       ;                 ; --       ; --           ; --            ;
; AP131    ;            ;          ; GND                                                                                                                                   ; gnd           ;              ;         ; --       ;                 ; --       ; --           ; --            ;
; AP133    ; 702        ; 1C       ; GXB_GND*                                                                                                                              ;               ;              ;         ; --       ;                 ; --       ; --           ; 71ps          ;
; AP135    ; 701        ; 1C       ; GXB_GND*                                                                                                                              ;               ;              ;         ; --       ;                 ; --       ; --           ; 71ps          ;
; AR1      ;            ;          ; GND                                                                                                                                   ; gnd           ;              ;         ; --       ;                 ; --       ; --           ; --            ;
; AR3      ;            ;          ; GND                                                                                                                                   ; gnd           ;              ;         ; --       ;                 ; --       ; --           ; --            ;
; AR5      ;            ;          ; GND                                                                                                                                   ; gnd           ;              ;         ; --       ;                 ; --       ; --           ; --            ;
; AR7      ; 838        ; 4C       ; GXB_NC                                                                                                                                ;               ;              ;         ; --       ;                 ; --       ; --           ; 61ps          ;
; AR10     ; 839        ; 4C       ; GXB_NC                                                                                                                                ;               ;              ;         ; --       ;                 ; --       ; --           ; 61ps          ;
; AR13     ;            ;          ; GND                                                                                                                                   ; gnd           ;              ;         ; --       ;                 ; --       ; --           ; --            ;
; AR16     ;            ;          ; GND                                                                                                                                   ; gnd           ;              ;         ; --       ;                 ; --       ; --           ; --            ;
; AR21     ;            ;          ; GND                                                                                                                                   ; gnd           ;              ;         ; --       ;                 ; --       ; --           ; --            ;
; AR25     ;            ;          ; GND                                                                                                                                   ; gnd           ;              ;         ; --       ;                 ; --       ; --           ; --            ;
; AR29     ;            ;          ; APROBE_GTSR4C_CH3                                                                                                                     ;               ;              ;         ; --       ;                 ; --       ; --           ; --            ;
; AR32     ;            ;          ; DNU                                                                                                                                   ;               ;              ;         ; --       ;                 ; --       ; --           ; --            ;
; AR36     ;            ; --       ; VCCERT_GTSR4C                                                                                                                         ; power         ;              ; 1.0V    ; --       ;                 ; --       ; --           ; --            ;
; AR40     ;            ;          ; GND                                                                                                                                   ; gnd           ;              ;         ; --       ;                 ; --       ; --           ; --            ;
; AR43     ;            ; --       ; VCC_HSSI_R4                                                                                                                           ; power         ;              ; 0.75V   ; --       ;                 ; --       ; --           ; --            ;
; AR46     ;            ;          ; GND                                                                                                                                   ; gnd           ;              ;         ; --       ;                 ; --       ; --           ; --            ;
; AR50     ;            ;          ; NC                                                                                                                                    ;               ;              ;         ; --       ;                 ; --       ; --           ; --            ;
; AR53     ;            ; --       ; VCC                                                                                                                                   ; power         ;              ; 0.75V   ; --       ;                 ; --       ; --           ; --            ;
; AR57     ;            ;          ; GND                                                                                                                                   ; gnd           ;              ;         ; --       ;                 ; --       ; --           ; --            ;
; AR61     ;            ; --       ; VCC                                                                                                                                   ; power         ;              ; 0.75V   ; --       ;                 ; --       ; --           ; --            ;
; AR64     ;            ; --       ; VCC                                                                                                                                   ; power         ;              ; 0.75V   ; --       ;                 ; --       ; --           ; --            ;
; AR68     ;            ;          ; GND                                                                                                                                   ; gnd           ;              ;         ; --       ;                 ; --       ; --           ; --            ;
; AR72     ;            ; --       ; VCC                                                                                                                                   ; power         ;              ; 0.75V   ; --       ;                 ; --       ; --           ; --            ;
; AR75     ;            ; --       ; VCC                                                                                                                                   ; power         ;              ; 0.75V   ; --       ;                 ; --       ; --           ; --            ;
; AR79     ;            ;          ; GND                                                                                                                                   ; gnd           ;              ;         ; --       ;                 ; --       ; --           ; --            ;
; AR83     ;            ; --       ; VCC                                                                                                                                   ; power         ;              ; 0.75V   ; --       ;                 ; --       ; --           ; --            ;
; AR86     ;            ; --       ; VCCRCORE                                                                                                                              ; power         ;              ; 1.2V    ; --       ;                 ; --       ; --           ; --            ;
; AR90     ;            ;          ; GND                                                                                                                                   ; gnd           ;              ;         ; --       ;                 ; --       ; --           ; --            ;
; AR93     ;            ; --       ; VCC_HSSI_L1                                                                                                                           ; power         ;              ; 0.75V   ; --       ;                 ; --       ; --           ; --            ;
; AR96     ;            ;          ; GND                                                                                                                                   ; gnd           ;              ;         ; --       ;                 ; --       ; --           ; --            ;
; AR100    ;            ; --       ; VCCERT_GTSL1C                                                                                                                         ; power         ;              ; 1.0V    ; --       ;                 ; --       ; --           ; --            ;
; AR104    ;            ;          ; DNU                                                                                                                                   ;               ;              ;         ; --       ;                 ; --       ; --           ; --            ;
; AR107    ;            ;          ; APROBE_GTSL1C_CH3                                                                                                                     ;               ;              ;         ; --       ;                 ; --       ; --           ; --            ;
; AR111    ;            ;          ; GND                                                                                                                                   ; gnd           ;              ;         ; --       ;                 ; --       ; --           ; --            ;
; AR115    ;            ;          ; GND                                                                                                                                   ; gnd           ;              ;         ; --       ;                 ; --       ; --           ; --            ;
; AR120    ;            ;          ; GND                                                                                                                                   ; gnd           ;              ;         ; --       ;                 ; --       ; --           ; --            ;
; AR123    ;            ;          ; GND                                                                                                                                   ; gnd           ;              ;         ; --       ;                 ; --       ; --           ; --            ;
; AR126    ; 710        ; 1C       ; GXB_NC                                                                                                                                ;               ;              ;         ; --       ;                 ; --       ; --           ; 61ps          ;
; AR129    ; 709        ; 1C       ; GXB_NC                                                                                                                                ;               ;              ;         ; --       ;                 ; --       ; --           ; 61ps          ;
; AR131    ;            ;          ; GND                                                                                                                                   ; gnd           ;              ;         ; --       ;                 ; --       ; --           ; --            ;
; AR133    ;            ;          ; GND                                                                                                                                   ; gnd           ;              ;         ; --       ;                 ; --       ; --           ; --            ;
; AR135    ;            ;          ; GND                                                                                                                                   ; gnd           ;              ;         ; --       ;                 ; --       ; --           ; --            ;
; AT1      ; 830        ; 4C       ; GXB_GND*                                                                                                                              ;               ;              ;         ; --       ;                 ; --       ; --           ; 75ps          ;
; AT3      ; 831        ; 4C       ; GXB_GND*                                                                                                                              ;               ;              ;         ; --       ;                 ; --       ; --           ; 75ps          ;
; AT5      ;            ;          ; GND                                                                                                                                   ; gnd           ;              ;         ; --       ;                 ; --       ; --           ; --            ;
; AT7      ;            ;          ; GND                                                                                                                                   ; gnd           ;              ;         ; --       ;                 ; --       ; --           ; --            ;
; AT10     ;            ;          ; GND                                                                                                                                   ; gnd           ;              ;         ; --       ;                 ; --       ; --           ; --            ;
; AT13     ;            ;          ; GND                                                                                                                                   ; gnd           ;              ;         ; --       ;                 ; --       ; --           ; --            ;
; AT16     ; 852        ; 4C       ; GXB_GND*                                                                                                                              ;               ;              ;         ; --       ;                 ; --       ; --           ; 64ps          ;
; AT21     ; 853        ; 4C       ; GXB_GND*                                                                                                                              ;               ;              ;         ; --       ;                 ; --       ; --           ; 65ps          ;
; AT25     ;            ; --       ; VCCEHT_GTSR4B                                                                                                                         ; power         ;              ; 1.8V    ; --       ;                 ; --       ; --           ; --            ;
; AT29     ;            ;          ; GND                                                                                                                                   ; gnd           ;              ;         ; --       ;                 ; --       ; --           ; --            ;
; AT32     ;            ;          ; GND                                                                                                                                   ; gnd           ;              ;         ; --       ;                 ; --       ; --           ; --            ;
; AT36     ;            ;          ; GND                                                                                                                                   ; gnd           ;              ;         ; --       ;                 ; --       ; --           ; --            ;
; AT40     ;            ;          ; GND                                                                                                                                   ; gnd           ;              ;         ; --       ;                 ; --       ; --           ; --            ;
; AT43     ;            ; --       ; VCC_HSSI_R4                                                                                                                           ; power         ;              ; 0.75V   ; --       ;                 ; --       ; --           ; --            ;
; AT46     ;            ; --       ; VCC_HSSI_R4                                                                                                                           ; power         ;              ; 0.75V   ; --       ;                 ; --       ; --           ; --            ;
; AT50     ;            ;          ; NC                                                                                                                                    ;               ;              ;         ; --       ;                 ; --       ; --           ; --            ;
; AT53     ;            ;          ; GND                                                                                                                                   ; gnd           ;              ;         ; --       ;                 ; --       ; --           ; --            ;
; AT57     ;            ; --       ; VCC                                                                                                                                   ; power         ;              ; 0.75V   ; --       ;                 ; --       ; --           ; --            ;
; AT61     ;            ; --       ; VCC                                                                                                                                   ; power         ;              ; 0.75V   ; --       ;                 ; --       ; --           ; --            ;
; AT64     ;            ;          ; GND                                                                                                                                   ; gnd           ;              ;         ; --       ;                 ; --       ; --           ; --            ;
; AT68     ;            ; --       ; VCC                                                                                                                                   ; power         ;              ; 0.75V   ; --       ;                 ; --       ; --           ; --            ;
; AT72     ;            ; --       ; VCC                                                                                                                                   ; power         ;              ; 0.75V   ; --       ;                 ; --       ; --           ; --            ;
; AT75     ;            ;          ; GND                                                                                                                                   ; gnd           ;              ;         ; --       ;                 ; --       ; --           ; --            ;
; AT79     ;            ; --       ; VCC                                                                                                                                   ; power         ;              ; 0.75V   ; --       ;                 ; --       ; --           ; --            ;
; AT83     ;            ; --       ; VCCRCORE                                                                                                                              ; power         ;              ; 1.2V    ; --       ;                 ; --       ; --           ; --            ;
; AT86     ;            ;          ; GND                                                                                                                                   ; gnd           ;              ;         ; --       ;                 ; --       ; --           ; --            ;
; AT90     ;            ; --       ; VCC_HSSI_L1                                                                                                                           ; power         ;              ; 0.75V   ; --       ;                 ; --       ; --           ; --            ;
; AT93     ;            ; --       ; VCC_HSSI_L1                                                                                                                           ; power         ;              ; 0.75V   ; --       ;                 ; --       ; --           ; --            ;
; AT96     ;            ;          ; GND                                                                                                                                   ; gnd           ;              ;         ; --       ;                 ; --       ; --           ; --            ;
; AT100    ;            ;          ; GND                                                                                                                                   ; gnd           ;              ;         ; --       ;                 ; --       ; --           ; --            ;
; AT104    ;            ;          ; GND                                                                                                                                   ; gnd           ;              ;         ; --       ;                 ; --       ; --           ; --            ;
; AT107    ;            ;          ; GND                                                                                                                                   ; gnd           ;              ;         ; --       ;                 ; --       ; --           ; --            ;
; AT111    ;            ; --       ; VCCEHT_GTSL1B                                                                                                                         ; power         ;              ; 1.8V    ; --       ;                 ; --       ; --           ; --            ;
; AT115    ; 724        ; 1C       ; GXB_GND*                                                                                                                              ;               ;              ;         ; --       ;                 ; --       ; --           ; 64ps          ;
; AT120    ; 723        ; 1C       ; GXB_GND*                                                                                                                              ;               ;              ;         ; --       ;                 ; --       ; --           ; 65ps          ;
; AT123    ;            ;          ; GND                                                                                                                                   ; gnd           ;              ;         ; --       ;                 ; --       ; --           ; --            ;
; AT126    ;            ;          ; GND                                                                                                                                   ; gnd           ;              ;         ; --       ;                 ; --       ; --           ; --            ;
; AT129    ;            ;          ; GND                                                                                                                                   ; gnd           ;              ;         ; --       ;                 ; --       ; --           ; --            ;
; AT131    ;            ;          ; GND                                                                                                                                   ; gnd           ;              ;         ; --       ;                 ; --       ; --           ; --            ;
; AT133    ; 700        ; 1C       ; GXB_GND*                                                                                                                              ;               ;              ;         ; --       ;                 ; --       ; --           ; 72ps          ;
; AT135    ; 699        ; 1C       ; GXB_GND*                                                                                                                              ;               ;              ;         ; --       ;                 ; --       ; --           ; 72ps          ;
; AU1      ;            ;          ; GND                                                                                                                                   ; gnd           ;              ;         ; --       ;                 ; --       ; --           ; --            ;
; AU3      ;            ;          ; GND                                                                                                                                   ; gnd           ;              ;         ; --       ;                 ; --       ; --           ; --            ;
; AU5      ;            ;          ; GND                                                                                                                                   ; gnd           ;              ;         ; --       ;                 ; --       ; --           ; --            ;
; AU7      ; 836        ; 4C       ; GXB_NC                                                                                                                                ;               ;              ;         ; --       ;                 ; --       ; --           ; 67ps          ;
; AU10     ; 837        ; 4C       ; GXB_NC                                                                                                                                ;               ;              ;         ; --       ;                 ; --       ; --           ; 67ps          ;
; AU13     ;            ;          ; GND                                                                                                                                   ; gnd           ;              ;         ; --       ;                 ; --       ; --           ; --            ;
; AU16     ;            ;          ; GND                                                                                                                                   ; gnd           ;              ;         ; --       ;                 ; --       ; --           ; --            ;
; AU21     ;            ;          ; GND                                                                                                                                   ; gnd           ;              ;         ; --       ;                 ; --       ; --           ; --            ;
; AU25     ;            ; --       ; VCCEHT_GTSR4B                                                                                                                         ; power         ;              ; 1.8V    ; --       ;                 ; --       ; --           ; --            ;
; AU29     ;            ;          ; RCOMP_GTSR4B_P                                                                                                                        ;               ;              ;         ; --       ;                 ; --       ; --           ; --            ;
; AU32     ;            ;          ; RCOMP_GTSR4B_N                                                                                                                        ;               ;              ;         ; --       ;                 ; --       ; --           ; --            ;
; AU36     ;            ; --       ; VCCERT_GTSR4B                                                                                                                         ; power         ;              ; 1.0V    ; --       ;                 ; --       ; --           ; --            ;
; AU40     ;            ; --       ; VCCERT_GTSR4B                                                                                                                         ; power         ;              ; 1.0V    ; --       ;                 ; --       ; --           ; --            ;
; AU43     ;            ; --       ; VCC_HSSI_R4                                                                                                                           ; power         ;              ; 0.75V   ; --       ;                 ; --       ; --           ; --            ;
; AU46     ;            ;          ; GND                                                                                                                                   ; gnd           ;              ;         ; --       ;                 ; --       ; --           ; --            ;
; AU50     ;            ;          ; NC                                                                                                                                    ;               ;              ;         ; --       ;                 ; --       ; --           ; --            ;
; AU53     ;            ; --       ; VCC                                                                                                                                   ; power         ;              ; 0.75V   ; --       ;                 ; --       ; --           ; --            ;
; AU57     ;            ; --       ; VCC                                                                                                                                   ; power         ;              ; 0.75V   ; --       ;                 ; --       ; --           ; --            ;
; AU61     ;            ;          ; GND                                                                                                                                   ; gnd           ;              ;         ; --       ;                 ; --       ; --           ; --            ;
; AU64     ;            ; --       ; VCC                                                                                                                                   ; power         ;              ; 0.75V   ; --       ;                 ; --       ; --           ; --            ;
; AU68     ;            ; --       ; VCC                                                                                                                                   ; power         ;              ; 0.75V   ; --       ;                 ; --       ; --           ; --            ;
; AU72     ;            ;          ; GNDSENSE                                                                                                                              ;               ;              ;         ; --       ;                 ; --       ; --           ; --            ;
; AU75     ;            ; --       ; VCC                                                                                                                                   ; power         ;              ; 0.75V   ; --       ;                 ; --       ; --           ; --            ;
; AU79     ;            ; --       ; VCC                                                                                                                                   ; power         ;              ; 0.75V   ; --       ;                 ; --       ; --           ; --            ;
; AU83     ;            ;          ; GND                                                                                                                                   ; gnd           ;              ;         ; --       ;                 ; --       ; --           ; --            ;
; AU86     ;            ; --       ; VCCRCORE                                                                                                                              ; power         ;              ; 1.2V    ; --       ;                 ; --       ; --           ; --            ;
; AU90     ;            ;          ; GND                                                                                                                                   ; gnd           ;              ;         ; --       ;                 ; --       ; --           ; --            ;
; AU93     ;            ; --       ; VCC_HSSI_L1                                                                                                                           ; power         ;              ; 0.75V   ; --       ;                 ; --       ; --           ; --            ;
; AU96     ;            ; --       ; VCCERT_GTSL1B                                                                                                                         ; power         ;              ; 1.0V    ; --       ;                 ; --       ; --           ; --            ;
; AU100    ;            ; --       ; VCCERT_GTSL1B                                                                                                                         ; power         ;              ; 1.0V    ; --       ;                 ; --       ; --           ; --            ;
; AU104    ;            ;          ; RCOMP_GTSL1B_N                                                                                                                        ;               ;              ;         ; --       ;                 ; --       ; --           ; --            ;
; AU107    ;            ;          ; RCOMP_GTSL1B_P                                                                                                                        ;               ;              ;         ; --       ;                 ; --       ; --           ; --            ;
; AU111    ;            ; --       ; VCCEHT_GTSL1B                                                                                                                         ; power         ;              ; 1.8V    ; --       ;                 ; --       ; --           ; --            ;
; AU115    ;            ;          ; GND                                                                                                                                   ; gnd           ;              ;         ; --       ;                 ; --       ; --           ; --            ;
; AU120    ;            ;          ; GND                                                                                                                                   ; gnd           ;              ;         ; --       ;                 ; --       ; --           ; --            ;
; AU123    ;            ;          ; GND                                                                                                                                   ; gnd           ;              ;         ; --       ;                 ; --       ; --           ; --            ;
; AU126    ; 708        ; 1C       ; GXB_NC                                                                                                                                ;               ;              ;         ; --       ;                 ; --       ; --           ; 67ps          ;
; AU129    ; 707        ; 1C       ; GXB_NC                                                                                                                                ;               ;              ;         ; --       ;                 ; --       ; --           ; 67ps          ;
; AU131    ;            ;          ; GND                                                                                                                                   ; gnd           ;              ;         ; --       ;                 ; --       ; --           ; --            ;
; AU133    ;            ;          ; GND                                                                                                                                   ; gnd           ;              ;         ; --       ;                 ; --       ; --           ; --            ;
; AU135    ;            ;          ; GND                                                                                                                                   ; gnd           ;              ;         ; --       ;                 ; --       ; --           ; --            ;
; AV1      ; 828        ; 4C       ; GXB_GND*                                                                                                                              ;               ;              ;         ; --       ;                 ; --       ; --           ; 76ps          ;
; AV3      ; 829        ; 4C       ; GXB_GND*                                                                                                                              ;               ;              ;         ; --       ;                 ; --       ; --           ; 76ps          ;
; AV5      ;            ;          ; GND                                                                                                                                   ; gnd           ;              ;         ; --       ;                 ; --       ; --           ; --            ;
; AV7      ;            ;          ; GND                                                                                                                                   ; gnd           ;              ;         ; --       ;                 ; --       ; --           ; --            ;
; AV10     ;            ;          ; GND                                                                                                                                   ; gnd           ;              ;         ; --       ;                 ; --       ; --           ; --            ;
; AV13     ;            ;          ; GND                                                                                                                                   ; gnd           ;              ;         ; --       ;                 ; --       ; --           ; --            ;
; AV16     ; 803        ; 4B       ; GXB_GND*                                                                                                                              ;               ;              ;         ; --       ;                 ; --       ; --           ; 64ps          ;
; AV21     ; 804        ; 4B       ; GXB_GND*                                                                                                                              ;               ;              ;         ; --       ;                 ; --       ; --           ; 63ps          ;
; AV25     ;            ;          ; GND                                                                                                                                   ; gnd           ;              ;         ; --       ;                 ; --       ; --           ; --            ;
; AV29     ;            ;          ; GND                                                                                                                                   ; gnd           ;              ;         ; --       ;                 ; --       ; --           ; --            ;
; AV32     ;            ;          ; GND                                                                                                                                   ; gnd           ;              ;         ; --       ;                 ; --       ; --           ; --            ;
; AV36     ;            ; --       ; VCCERT_GTSR4B                                                                                                                         ; power         ;              ; 1.0V    ; --       ;                 ; --       ; --           ; --            ;
; AV40     ;            ;          ; GND                                                                                                                                   ; gnd           ;              ;         ; --       ;                 ; --       ; --           ; --            ;
; AV43     ;            ; --       ; VCC_HSSI_R4                                                                                                                           ; power         ;              ; 0.75V   ; --       ;                 ; --       ; --           ; --            ;
; AV46     ;            ; --       ; VCC_HSSI_R4                                                                                                                           ; power         ;              ; 0.75V   ; --       ;                 ; --       ; --           ; --            ;
; AV50     ;            ;          ; NC                                                                                                                                    ;               ;              ;         ; --       ;                 ; --       ; --           ; --            ;
; AV53     ;            ; --       ; VCC                                                                                                                                   ; power         ;              ; 0.75V   ; --       ;                 ; --       ; --           ; --            ;
; AV57     ;            ;          ; GND                                                                                                                                   ; gnd           ;              ;         ; --       ;                 ; --       ; --           ; --            ;
; AV61     ;            ; --       ; VCC                                                                                                                                   ; power         ;              ; 0.75V   ; --       ;                 ; --       ; --           ; --            ;
; AV64     ;            ; --       ; VCC                                                                                                                                   ; power         ;              ; 0.75V   ; --       ;                 ; --       ; --           ; --            ;
; AV68     ;            ;          ; GND                                                                                                                                   ; gnd           ;              ;         ; --       ;                 ; --       ; --           ; --            ;
; AV72     ;            ;          ; VCCLSENSE                                                                                                                             ;               ;              ;         ; --       ;                 ; --       ; --           ; --            ;
; AV75     ;            ; --       ; VCC                                                                                                                                   ; power         ;              ; 0.75V   ; --       ;                 ; --       ; --           ; --            ;
; AV79     ;            ;          ; GND                                                                                                                                   ; gnd           ;              ;         ; --       ;                 ; --       ; --           ; --            ;
; AV83     ;            ; --       ; VCC                                                                                                                                   ; power         ;              ; 0.75V   ; --       ;                 ; --       ; --           ; --            ;
; AV86     ;            ; --       ; VCC                                                                                                                                   ; power         ;              ; 0.75V   ; --       ;                 ; --       ; --           ; --            ;
; AV90     ;            ; --       ; VCC_HSSI_L1                                                                                                                           ; power         ;              ; 0.75V   ; --       ;                 ; --       ; --           ; --            ;
; AV93     ;            ; --       ; VCC_HSSI_L1                                                                                                                           ; power         ;              ; 0.75V   ; --       ;                 ; --       ; --           ; --            ;
; AV96     ;            ;          ; GND                                                                                                                                   ; gnd           ;              ;         ; --       ;                 ; --       ; --           ; --            ;
; AV100    ;            ; --       ; VCCERT_GTSL1B                                                                                                                         ; power         ;              ; 1.0V    ; --       ;                 ; --       ; --           ; --            ;
; AV104    ;            ;          ; GND                                                                                                                                   ; gnd           ;              ;         ; --       ;                 ; --       ; --           ; --            ;
; AV107    ;            ;          ; GND                                                                                                                                   ; gnd           ;              ;         ; --       ;                 ; --       ; --           ; --            ;
; AV111    ;            ;          ; GND                                                                                                                                   ; gnd           ;              ;         ; --       ;                 ; --       ; --           ; --            ;
; AV115    ; 675        ; 1B       ; GXB_GND*                                                                                                                              ;               ;              ;         ; --       ;                 ; --       ; --           ; 61ps          ;
; AV120    ; 674        ; 1B       ; GXB_GND*                                                                                                                              ;               ;              ;         ; --       ;                 ; --       ; --           ; 63ps          ;
; AV123    ;            ;          ; GND                                                                                                                                   ; gnd           ;              ;         ; --       ;                 ; --       ; --           ; --            ;
; AV126    ;            ;          ; GND                                                                                                                                   ; gnd           ;              ;         ; --       ;                 ; --       ; --           ; --            ;
; AV129    ;            ;          ; GND                                                                                                                                   ; gnd           ;              ;         ; --       ;                 ; --       ; --           ; --            ;
; AV131    ;            ;          ; GND                                                                                                                                   ; gnd           ;              ;         ; --       ;                 ; --       ; --           ; --            ;
; AV133    ; 663        ; 1B       ; GXB_GND*                                                                                                                              ;               ;              ;         ; --       ;                 ; --       ; --           ; 75ps          ;
; AV135    ; 662        ; 1B       ; GXB_GND*                                                                                                                              ;               ;              ;         ; --       ;                 ; --       ; --           ; 75ps          ;
; AW1      ;            ;          ; GND                                                                                                                                   ; gnd           ;              ;         ; --       ;                 ; --       ; --           ; --            ;
; AW3      ;            ;          ; GND                                                                                                                                   ; gnd           ;              ;         ; --       ;                 ; --       ; --           ; --            ;
; AW5      ;            ;          ; GND                                                                                                                                   ; gnd           ;              ;         ; --       ;                 ; --       ; --           ; --            ;
; AW7      ; 799        ; 4B       ; GXB_NC                                                                                                                                ;               ;              ;         ; --       ;                 ; --       ; --           ; 67ps          ;
; AW10     ; 800        ; 4B       ; GXB_NC                                                                                                                                ;               ;              ;         ; --       ;                 ; --       ; --           ; 67ps          ;
; AW13     ;            ;          ; GND                                                                                                                                   ; gnd           ;              ;         ; --       ;                 ; --       ; --           ; --            ;
; AW16     ;            ;          ; GND                                                                                                                                   ; gnd           ;              ;         ; --       ;                 ; --       ; --           ; --            ;
; AW21     ;            ;          ; GND                                                                                                                                   ; gnd           ;              ;         ; --       ;                 ; --       ; --           ; --            ;
; AW25     ;            ;          ; GND                                                                                                                                   ; gnd           ;              ;         ; --       ;                 ; --       ; --           ; --            ;
; AW29     ;            ;          ; APROBE_GTSR4B_CH3                                                                                                                     ;               ;              ;         ; --       ;                 ; --       ; --           ; --            ;
; AW32     ;            ;          ; APROBE2_GTSR4C                                                                                                                        ;               ;              ;         ; --       ;                 ; --       ; --           ; --            ;
; AW36     ;            ; --       ; VCCERT_GTSR4A                                                                                                                         ; power         ;              ; 1.0V    ; --       ;                 ; --       ; --           ; --            ;
; AW40     ;            ;          ; GND                                                                                                                                   ; gnd           ;              ;         ; --       ;                 ; --       ; --           ; --            ;
; AW43     ;            ; --       ; VCC_HSSI_R4                                                                                                                           ; power         ;              ; 0.75V   ; --       ;                 ; --       ; --           ; --            ;
; AW46     ;            ;          ; GND                                                                                                                                   ; gnd           ;              ;         ; --       ;                 ; --       ; --           ; --            ;
; AW50     ;            ;          ; NC                                                                                                                                    ;               ;              ;         ; --       ;                 ; --       ; --           ; --            ;
; AW53     ;            ;          ; GND                                                                                                                                   ; gnd           ;              ;         ; --       ;                 ; --       ; --           ; --            ;
; AW57     ;            ; --       ; VCC                                                                                                                                   ; power         ;              ; 0.75V   ; --       ;                 ; --       ; --           ; --            ;
; AW61     ;            ; --       ; VCC                                                                                                                                   ; power         ;              ; 0.75V   ; --       ;                 ; --       ; --           ; --            ;
; AW64     ;            ;          ; GND                                                                                                                                   ; gnd           ;              ;         ; --       ;                 ; --       ; --           ; --            ;
; AW68     ;            ; --       ; VCC                                                                                                                                   ; power         ;              ; 0.75V   ; --       ;                 ; --       ; --           ; --            ;
; AW72     ;            ; --       ; VCC                                                                                                                                   ; power         ;              ; 0.75V   ; --       ;                 ; --       ; --           ; --            ;
; AW75     ;            ;          ; GND                                                                                                                                   ; gnd           ;              ;         ; --       ;                 ; --       ; --           ; --            ;
; AW79     ;            ; --       ; VCC                                                                                                                                   ; power         ;              ; 0.75V   ; --       ;                 ; --       ; --           ; --            ;
; AW83     ;            ; --       ; VCCIO_PIO_SDM                                                                                                                         ; power         ;              ; 1.2V    ; --       ;                 ; --       ; --           ; --            ;
; AW86     ;            ;          ; GND                                                                                                                                   ; gnd           ;              ;         ; --       ;                 ; --       ; --           ; --            ;
; AW90     ;            ;          ; GND                                                                                                                                   ; gnd           ;              ;         ; --       ;                 ; --       ; --           ; --            ;
; AW93     ;            ; --       ; VCC_HSSI_L1                                                                                                                           ; power         ;              ; 0.75V   ; --       ;                 ; --       ; --           ; --            ;
; AW96     ;            ;          ; GND                                                                                                                                   ; gnd           ;              ;         ; --       ;                 ; --       ; --           ; --            ;
; AW100    ;            ; --       ; VCCERT_GTSL1A                                                                                                                         ; power         ;              ; 1.0V    ; --       ;                 ; --       ; --           ; --            ;
; AW104    ;            ;          ; APROBE2_GTSL1C                                                                                                                        ;               ;              ;         ; --       ;                 ; --       ; --           ; --            ;
; AW107    ;            ;          ; APROBE_GTSL1C_CH2                                                                                                                     ;               ;              ;         ; --       ;                 ; --       ; --           ; --            ;
; AW111    ;            ;          ; GND                                                                                                                                   ; gnd           ;              ;         ; --       ;                 ; --       ; --           ; --            ;
; AW115    ;            ;          ; GND                                                                                                                                   ; gnd           ;              ;         ; --       ;                 ; --       ; --           ; --            ;
; AW120    ;            ;          ; GND                                                                                                                                   ; gnd           ;              ;         ; --       ;                 ; --       ; --           ; --            ;
; AW123    ;            ;          ; GND                                                                                                                                   ; gnd           ;              ;         ; --       ;                 ; --       ; --           ; --            ;
; AW126    ; 671        ; 1B       ; GXB_NC                                                                                                                                ;               ;              ;         ; --       ;                 ; --       ; --           ; 66ps          ;
; AW129    ; 670        ; 1B       ; GXB_NC                                                                                                                                ;               ;              ;         ; --       ;                 ; --       ; --           ; 66ps          ;
; AW131    ;            ;          ; GND                                                                                                                                   ; gnd           ;              ;         ; --       ;                 ; --       ; --           ; --            ;
; AW133    ;            ;          ; GND                                                                                                                                   ; gnd           ;              ;         ; --       ;                 ; --       ; --           ; --            ;
; AW135    ;            ;          ; GND                                                                                                                                   ; gnd           ;              ;         ; --       ;                 ; --       ; --           ; --            ;
; AY1      ; 791        ; 4B       ; GXB_GND*                                                                                                                              ;               ;              ;         ; --       ;                 ; --       ; --           ; 81ps          ;
; AY3      ; 792        ; 4B       ; GXB_GND*                                                                                                                              ;               ;              ;         ; --       ;                 ; --       ; --           ; 81ps          ;
; AY5      ;            ;          ; GND                                                                                                                                   ; gnd           ;              ;         ; --       ;                 ; --       ; --           ; --            ;
; AY7      ;            ;          ; GND                                                                                                                                   ; gnd           ;              ;         ; --       ;                 ; --       ; --           ; --            ;
; AY10     ;            ;          ; GND                                                                                                                                   ; gnd           ;              ;         ; --       ;                 ; --       ; --           ; --            ;
; AY13     ;            ;          ; GND                                                                                                                                   ; gnd           ;              ;         ; --       ;                 ; --       ; --           ; --            ;
; AY16     ; 809        ; 4B       ; GXB_GND*                                                                                                                              ;               ;              ;         ; --       ;                 ; --       ; --           ; 61ps          ;
; AY21     ; 810        ; 4B       ; GXB_GND*                                                                                                                              ;               ;              ;         ; --       ;                 ; --       ; --           ; 59ps          ;
; AY25     ;            ; --       ; VCCEHT_GTSR4A                                                                                                                         ; power         ;              ; 1.8V    ; --       ;                 ; --       ; --           ; --            ;
; AY29     ;            ; --       ; VCCEHT_GTSR4A                                                                                                                         ; power         ;              ; 1.8V    ; --       ;                 ; --       ; --           ; --            ;
; AY32     ;            ;          ; GND                                                                                                                                   ; gnd           ;              ;         ; --       ;                 ; --       ; --           ; --            ;
; AY36     ;            ; --       ; VCCERT_GTSR4A                                                                                                                         ; power         ;              ; 1.0V    ; --       ;                 ; --       ; --           ; --            ;
; AY40     ;            ; --       ; VCCERT_GTSR4A                                                                                                                         ; power         ;              ; 1.0V    ; --       ;                 ; --       ; --           ; --            ;
; AY43     ;            ; --       ; VCC_HSSI_R4                                                                                                                           ; power         ;              ; 0.75V   ; --       ;                 ; --       ; --           ; --            ;
; AY46     ;            ; --       ; VCC_HSSI_R4                                                                                                                           ; power         ;              ; 0.75V   ; --       ;                 ; --       ; --           ; --            ;
; AY50     ;            ;          ; NC                                                                                                                                    ;               ;              ;         ; --       ;                 ; --       ; --           ; --            ;
; AY53     ;            ; --       ; VCC                                                                                                                                   ; power         ;              ; 0.75V   ; --       ;                 ; --       ; --           ; --            ;
; AY57     ;            ; --       ; VCC                                                                                                                                   ; power         ;              ; 0.75V   ; --       ;                 ; --       ; --           ; --            ;
; AY61     ;            ;          ; GND                                                                                                                                   ; gnd           ;              ;         ; --       ;                 ; --       ; --           ; --            ;
; AY64     ;            ; --       ; VCC                                                                                                                                   ; power         ;              ; 0.75V   ; --       ;                 ; --       ; --           ; --            ;
; AY68     ;            ; --       ; VCC                                                                                                                                   ; power         ;              ; 0.75V   ; --       ;                 ; --       ; --           ; --            ;
; AY72     ;            ;          ; GND                                                                                                                                   ; gnd           ;              ;         ; --       ;                 ; --       ; --           ; --            ;
; AY75     ;            ; --       ; VCC                                                                                                                                   ; power         ;              ; 0.75V   ; --       ;                 ; --       ; --           ; --            ;
; AY79     ;            ; --       ; VCCL_SDM                                                                                                                              ; power         ;              ; 0.75V   ; --       ;                 ; --       ; --           ; --            ;
; AY83     ;            ;          ; GND                                                                                                                                   ; gnd           ;              ;         ; --       ;                 ; --       ; --           ; --            ;
; AY86     ;            ; --       ; VCCL_ADC_SDM                                                                                                                          ; power         ;              ; 0.75V   ; --       ;                 ; --       ; --           ; --            ;
; AY90     ;            ; --       ; VCC_HSSI_L1                                                                                                                           ; power         ;              ; 0.75V   ; --       ;                 ; --       ; --           ; --            ;
; AY93     ;            ; --       ; VCC_HSSI_L1                                                                                                                           ; power         ;              ; 0.75V   ; --       ;                 ; --       ; --           ; --            ;
; AY96     ;            ; --       ; VCCERT_GTSL1A                                                                                                                         ; power         ;              ; 1.0V    ; --       ;                 ; --       ; --           ; --            ;
; AY100    ;            ; --       ; VCCERT_GTSL1A                                                                                                                         ; power         ;              ; 1.0V    ; --       ;                 ; --       ; --           ; --            ;
; AY104    ;            ;          ; GND                                                                                                                                   ; gnd           ;              ;         ; --       ;                 ; --       ; --           ; --            ;
; AY107    ;            ; --       ; VCCEHT_GTSL1A                                                                                                                         ; power         ;              ; 1.8V    ; --       ;                 ; --       ; --           ; --            ;
; AY111    ;            ; --       ; VCCEHT_GTSL1A                                                                                                                         ; power         ;              ; 1.8V    ; --       ;                 ; --       ; --           ; --            ;
; AY115    ; 681        ; 1B       ; GXB_GND*                                                                                                                              ;               ;              ;         ; --       ;                 ; --       ; --           ; 64ps          ;
; AY120    ; 680        ; 1B       ; GXB_GND*                                                                                                                              ;               ;              ;         ; --       ;                 ; --       ; --           ; 64ps          ;
; AY123    ;            ;          ; GND                                                                                                                                   ; gnd           ;              ;         ; --       ;                 ; --       ; --           ; --            ;
; AY126    ;            ;          ; GND                                                                                                                                   ; gnd           ;              ;         ; --       ;                 ; --       ; --           ; --            ;
; AY129    ;            ;          ; GND                                                                                                                                   ; gnd           ;              ;         ; --       ;                 ; --       ; --           ; --            ;
; AY131    ;            ;          ; GND                                                                                                                                   ; gnd           ;              ;         ; --       ;                 ; --       ; --           ; --            ;
; AY133    ; 661        ; 1B       ; GXB_GND*                                                                                                                              ;               ;              ;         ; --       ;                 ; --       ; --           ; 77ps          ;
; AY135    ; 660        ; 1B       ; GXB_GND*                                                                                                                              ;               ;              ;         ; --       ;                 ; --       ; --           ; 77ps          ;
; B2       ;            ;          ; GND                                                                                                                                   ; gnd           ;              ;         ; --       ;                 ; --       ; --           ; --            ;
; B4       ; 589        ; 6D       ; RESERVED_INPUT_WITH_WEAK_PULLUP                                                                                                       ;               ;              ; 3.3V    ; --       ;                 ; no       ; On           ; 130ps         ;
; B6       ;            ;          ; GND                                                                                                                                   ; gnd           ;              ;         ; --       ;                 ; --       ; --           ; --            ;
; B8       ;            ;          ; GND                                                                                                                                   ; gnd           ;              ;         ; --       ;                 ; --       ; --           ; --            ;
; B11      ; 591        ; 6D       ; RESERVED_INPUT_WITH_WEAK_PULLUP                                                                                                       ;               ;              ; 3.3V    ; --       ;                 ; no       ; On           ; 117ps         ;
; B14      ; 592        ; 6D       ; RESERVED_INPUT_WITH_WEAK_PULLUP                                                                                                       ;               ;              ; 3.3V    ; --       ;                 ; no       ; On           ; 116ps         ;
; B17      ;            ;          ; GND                                                                                                                                   ; gnd           ;              ;         ; --       ;                 ; --       ; --           ; --            ;
; B20      ; 597        ; 6D       ; RESERVED_INPUT_WITH_WEAK_PULLUP                                                                                                       ;               ;              ; 3.3V    ; --       ;                 ; no       ; On           ; 113ps         ;
; B23      ; 598        ; 6D       ; RESERVED_INPUT_WITH_WEAK_PULLUP                                                                                                       ;               ;              ; 3.3V    ; --       ;                 ; no       ; On           ; 111ps         ;
; B26      ; 599        ; 6D       ; RESERVED_INPUT_WITH_WEAK_PULLUP                                                                                                       ;               ;              ; 3.3V    ; --       ;                 ; no       ; On           ; 100ps         ;
; B30      ; 600        ; 6D       ; RESERVED_INPUT_WITH_WEAK_PULLUP                                                                                                       ;               ;              ; 3.3V    ; --       ;                 ; no       ; On           ; 99ps          ;
; B33      ;            ;          ; GND                                                                                                                                   ; gnd           ;              ;         ; --       ;                 ; --       ; --           ; --            ;
; B35      ; 605        ; 6D       ; RESERVED_INPUT_WITH_WEAK_PULLUP                                                                                                       ;               ;              ; 3.3V    ; --       ;                 ; no       ; On           ; 102ps         ;
; B39      ; 607        ; 6D       ; RESERVED_INPUT_WITH_WEAK_PULLUP                                                                                                       ;               ;              ; 3.3V    ; --       ;                 ; no       ; On           ; 99ps          ;
; B42      ; 381        ; 3B_T     ; RESERVED_INPUT_WITH_WEAK_PULLUP                                                                                                       ;               ;              ; 1.2V    ; --       ;                 ; no       ; On           ; 100ps         ;
; B45      ; 384        ; 3B_T     ; RESERVED_INPUT_WITH_WEAK_PULLUP                                                                                                       ;               ;              ; 1.2V    ; --       ;                 ; no       ; On           ; 101ps         ;
; B48      ;            ;          ; GND                                                                                                                                   ; gnd           ;              ;         ; --       ;                 ; --       ; --           ; --            ;
; B51      ; 386        ; 3B_T     ; RESERVED_INPUT_WITH_WEAK_PULLUP                                                                                                       ;               ;              ; 1.2V    ; --       ;                 ; no       ; On           ; 105ps         ;
; B54      ; 387        ; 3B_T     ; RESERVED_INPUT_WITH_WEAK_PULLUP                                                                                                       ;               ;              ; 1.2V    ; --       ;                 ; no       ; On           ; 105ps         ;
; B56      ; 392        ; 3B_T     ; RESERVED_INPUT_WITH_WEAK_PULLUP                                                                                                       ;               ;              ; 1.2V    ; --       ;                 ; no       ; On           ; 113ps         ;
; B60      ; 389        ; 3B_T     ; RESERVED_INPUT_WITH_WEAK_PULLUP                                                                                                       ;               ;              ; 1.2V    ; --       ;                 ; no       ; On           ; 115ps         ;
; B63      ;            ;          ; GND                                                                                                                                   ; gnd           ;              ;         ; --       ;                 ; --       ; --           ; --            ;
; B66      ; 466        ; 3B_B     ; RESERVED_INPUT_WITH_WEAK_PULLUP                                                                                                       ;               ;              ; 1.2V    ; --       ;                 ; no       ; On           ; 102ps         ;
; B70      ; 468        ; 3B_B     ; RESERVED_INPUT_WITH_WEAK_PULLUP                                                                                                       ;               ;              ; 1.2V    ; --       ;                 ; no       ; On           ; 98ps          ;
; B73      ; 470        ; 3B_B     ; RESERVED_INPUT_WITH_WEAK_PULLUP                                                                                                       ;               ;              ; 1.2V    ; --       ;                 ; no       ; On           ; 95ps          ;
; B76      ; 471        ; 3B_B     ; RESERVED_INPUT_WITH_WEAK_PULLUP                                                                                                       ;               ;              ; 1.2V    ; --       ;                 ; no       ; On           ; 106ps         ;
; B80      ;            ;          ; GND                                                                                                                                   ; gnd           ;              ;         ; --       ;                 ; --       ; --           ; --            ;
; B82      ; 475        ; 3B_B     ; RESERVED_INPUT_WITH_WEAK_PULLUP                                                                                                       ;               ;              ; 1.2V    ; --       ;                 ; no       ; On           ; 106ps         ;
; B85      ; 474        ; 3B_B     ; RESERVED_INPUT_WITH_WEAK_PULLUP                                                                                                       ;               ;              ; 1.2V    ; --       ;                 ; no       ; On           ; 103ps         ;
; B88      ; 285        ; 3A_T     ; RESERVED_INPUT_WITH_WEAK_PULLUP                                                                                                       ;               ;              ; 1.2V    ; --       ;                 ; no       ; On           ; 107ps         ;
; B91      ; 287        ; 3A_T     ; RESERVED_INPUT_WITH_WEAK_PULLUP                                                                                                       ;               ;              ; 1.2V    ; --       ;                 ; no       ; On           ; 109ps         ;
; B94      ;            ;          ; GND                                                                                                                                   ; gnd           ;              ;         ; --       ;                 ; --       ; --           ; --            ;
; B97      ; 289        ; 3A_T     ; RESERVED_INPUT_WITH_WEAK_PULLUP                                                                                                       ;               ;              ; 1.2V    ; --       ;                 ; no       ; On           ; 112ps         ;
; B101     ; 290        ; 3A_T     ; RESERVED_INPUT_WITH_WEAK_PULLUP                                                                                                       ;               ;              ; 1.2V    ; --       ;                 ; no       ; On           ; 117ps         ;
; B103     ; 294        ; 3A_T     ; RESERVED_INPUT_WITH_WEAK_PULLUP                                                                                                       ;               ;              ; 1.2V    ; --       ;                 ; no       ; On           ; 131ps         ;
; B106     ; 293        ; 3A_T     ; RESERVED_INPUT_WITH_WEAK_PULLUP                                                                                                       ;               ;              ; 1.2V    ; --       ;                 ; no       ; On           ; 134ps         ;
; B110     ;            ;          ; GND                                                                                                                                   ; gnd           ;              ;         ; --       ;                 ; --       ; --           ; --            ;
; B113     ; 369        ; 3A_B     ; RESERVED_INPUT_WITH_WEAK_PULLUP                                                                                                       ;               ;              ; 1.2V    ; --       ;                 ; no       ; On           ; 138ps         ;
; B116     ; 371        ; 3A_B     ; RESERVED_INPUT_WITH_WEAK_PULLUP                                                                                                       ;               ;              ; 1.2V    ; --       ;                 ; no       ; On           ; 137ps         ;
; B119     ; 373        ; 3A_B     ; RESERVED_INPUT_WITH_WEAK_PULLUP                                                                                                       ;               ;              ; 1.2V    ; --       ;                 ; no       ; On           ; 144ps         ;
; B122     ; 375        ; 3A_B     ; RESERVED_INPUT_WITH_WEAK_PULLUP                                                                                                       ;               ;              ; 1.2V    ; --       ;                 ; no       ; On           ; 153ps         ;
; B125     ;            ;          ; GND                                                                                                                                   ; gnd           ;              ;         ; --       ;                 ; --       ; --           ; --            ;
; B128     ; 379        ; 3A_B     ; RESERVED_INPUT_WITH_WEAK_PULLUP                                                                                                       ;               ;              ; 1.2V    ; --       ;                 ; no       ; On           ; 155ps         ;
; B130     ; 377        ; 3A_B     ; RESERVED_INPUT_WITH_WEAK_PULLUP                                                                                                       ;               ;              ; 1.2V    ; --       ;                 ; no       ; On           ; 155ps         ;
; B132     ;            ;          ; GND                                                                                                                                   ; gnd           ;              ;         ; --       ;                 ; --       ; --           ; --            ;
; B134     ; 68         ; HPS      ; HPS_IOB_5, GPIO1_IO4, SPIM1_SS1_N, SPIS1_CLK, UART1_CTS_N, EMAC2_PPS2, NAND_WP_N, SDMMC_WRITE_PROTECT, I3C1_SDA, EMAC1_TXD0, TRACE_D6 ;               ;              ;         ; --       ;                 ; --       ; --           ; 165ps         ;
; B135     ;            ;          ; GND                                                                                                                                   ; gnd           ;              ;         ; --       ;                 ; --       ; --           ; --            ;
; BA1      ;            ;          ; GND                                                                                                                                   ; gnd           ;              ;         ; --       ;                 ; --       ; --           ; --            ;
; BA3      ;            ;          ; GND                                                                                                                                   ; gnd           ;              ;         ; --       ;                 ; --       ; --           ; --            ;
; BA5      ;            ;          ; GND                                                                                                                                   ; gnd           ;              ;         ; --       ;                 ; --       ; --           ; --            ;
; BA7      ; 797        ; 4B       ; GXB_NC                                                                                                                                ;               ;              ;         ; --       ;                 ; --       ; --           ; 74ps          ;
; BA10     ; 798        ; 4B       ; GXB_NC                                                                                                                                ;               ;              ;         ; --       ;                 ; --       ; --           ; 74ps          ;
; BA13     ;            ;          ; GND                                                                                                                                   ; gnd           ;              ;         ; --       ;                 ; --       ; --           ; --            ;
; BA16     ;            ;          ; GND                                                                                                                                   ; gnd           ;              ;         ; --       ;                 ; --       ; --           ; --            ;
; BA21     ;            ;          ; GND                                                                                                                                   ; gnd           ;              ;         ; --       ;                 ; --       ; --           ; --            ;
; BA25     ;            ;          ; GND                                                                                                                                   ; gnd           ;              ;         ; --       ;                 ; --       ; --           ; --            ;
; BA29     ;            ;          ; APROBE_GTSR4A_CH3                                                                                                                     ;               ;              ;         ; --       ;                 ; --       ; --           ; --            ;
; BA32     ;            ;          ; DNU                                                                                                                                   ;               ;              ;         ; --       ;                 ; --       ; --           ; --            ;
; BA36     ;            ;          ; GND                                                                                                                                   ; gnd           ;              ;         ; --       ;                 ; --       ; --           ; --            ;
; BA40     ;            ;          ; GND                                                                                                                                   ; gnd           ;              ;         ; --       ;                 ; --       ; --           ; --            ;
; BA43     ;            ;          ; GND                                                                                                                                   ; gnd           ;              ;         ; --       ;                 ; --       ; --           ; --            ;
; BA46     ;            ;          ; GND                                                                                                                                   ; gnd           ;              ;         ; --       ;                 ; --       ; --           ; --            ;
; BA50     ;            ; --       ; VCCPT_HVIO                                                                                                                            ; power         ;              ; 1.8V    ; --       ;                 ; --       ; --           ; --            ;
; BA53     ;            ; --       ; VCCP                                                                                                                                  ; power         ;              ; 0.75V   ; --       ;                 ; --       ; --           ; --            ;
; BA57     ;            ;          ; GND                                                                                                                                   ; gnd           ;              ;         ; --       ;                 ; --       ; --           ; --            ;
; BA61     ;            ; --       ; VCC                                                                                                                                   ; power         ;              ; 0.75V   ; --       ;                 ; --       ; --           ; --            ;
; BA64     ;            ; --       ; VCCP                                                                                                                                  ; power         ;              ; 0.75V   ; --       ;                 ; --       ; --           ; --            ;
; BA68     ;            ;          ; GND                                                                                                                                   ; gnd           ;              ;         ; --       ;                 ; --       ; --           ; --            ;
; BA72     ;            ; --       ; VCCPT                                                                                                                                 ; power         ;              ; 1.8V    ; --       ;                 ; --       ; --           ; --            ;
; BA75     ;            ; --       ; VCCPT                                                                                                                                 ; power         ;              ; 1.8V    ; --       ;                 ; --       ; --           ; --            ;
; BA79     ;            ;          ; GND                                                                                                                                   ; gnd           ;              ;         ; --       ;                 ; --       ; --           ; --            ;
; BA83     ;            ; --       ; VCCL_SDM                                                                                                                              ; power         ;              ; 0.75V   ; --       ;                 ; --       ; --           ; --            ;
; BA86     ;            ; --       ; VCCH_SDM                                                                                                                              ; power         ;              ; 1.0V    ; --       ;                 ; --       ; --           ; --            ;
; BA90     ;            ;          ; GND                                                                                                                                   ; gnd           ;              ;         ; --       ;                 ; --       ; --           ; --            ;
; BA93     ;            ;          ; GND                                                                                                                                   ; gnd           ;              ;         ; --       ;                 ; --       ; --           ; --            ;
; BA96     ;            ;          ; GND                                                                                                                                   ; gnd           ;              ;         ; --       ;                 ; --       ; --           ; --            ;
; BA100    ;            ;          ; GND                                                                                                                                   ; gnd           ;              ;         ; --       ;                 ; --       ; --           ; --            ;
; BA104    ;            ;          ; DNU                                                                                                                                   ;               ;              ;         ; --       ;                 ; --       ; --           ; --            ;
; BA107    ;            ;          ; APROBE_GTSL1A_CH3                                                                                                                     ;               ;              ;         ; --       ;                 ; --       ; --           ; --            ;
; BA111    ;            ;          ; GND                                                                                                                                   ; gnd           ;              ;         ; --       ;                 ; --       ; --           ; --            ;
; BA115    ;            ;          ; GND                                                                                                                                   ; gnd           ;              ;         ; --       ;                 ; --       ; --           ; --            ;
; BA120    ;            ;          ; GND                                                                                                                                   ; gnd           ;              ;         ; --       ;                 ; --       ; --           ; --            ;
; BA123    ;            ;          ; GND                                                                                                                                   ; gnd           ;              ;         ; --       ;                 ; --       ; --           ; --            ;
; BA126    ; 669        ; 1B       ; GXB_NC                                                                                                                                ;               ;              ;         ; --       ;                 ; --       ; --           ; 76ps          ;
; BA129    ; 668        ; 1B       ; GXB_NC                                                                                                                                ;               ;              ;         ; --       ;                 ; --       ; --           ; 76ps          ;
; BA131    ;            ;          ; GND                                                                                                                                   ; gnd           ;              ;         ; --       ;                 ; --       ; --           ; --            ;
; BA133    ;            ;          ; GND                                                                                                                                   ; gnd           ;              ;         ; --       ;                 ; --       ; --           ; --            ;
; BA135    ;            ;          ; GND                                                                                                                                   ; gnd           ;              ;         ; --       ;                 ; --       ; --           ; --            ;
; BB1      ; 789        ; 4B       ; GXB_GND*                                                                                                                              ;               ;              ;         ; --       ;                 ; --       ; --           ; 88ps          ;
; BB3      ; 790        ; 4B       ; GXB_GND*                                                                                                                              ;               ;              ;         ; --       ;                 ; --       ; --           ; 88ps          ;
; BB5      ;            ;          ; GND                                                                                                                                   ; gnd           ;              ;         ; --       ;                 ; --       ; --           ; --            ;
; BB7      ;            ;          ; GND                                                                                                                                   ; gnd           ;              ;         ; --       ;                 ; --       ; --           ; --            ;
; BB10     ;            ;          ; GND                                                                                                                                   ; gnd           ;              ;         ; --       ;                 ; --       ; --           ; --            ;
; BB13     ;            ;          ; GND                                                                                                                                   ; gnd           ;              ;         ; --       ;                 ; --       ; --           ; --            ;
; BB16     ; 760        ; 4A       ; GXB_GND*                                                                                                                              ;               ;              ;         ; --       ;                 ; --       ; --           ; 63ps          ;
; BB21     ; 761        ; 4A       ; GXB_GND*                                                                                                                              ;               ;              ;         ; --       ;                 ; --       ; --           ; 61ps          ;
; BB25     ;            ;          ; GND                                                                                                                                   ; gnd           ;              ;         ; --       ;                 ; --       ; --           ; --            ;
; BB29     ;            ;          ; GND                                                                                                                                   ; gnd           ;              ;         ; --       ;                 ; --       ; --           ; --            ;
; BB32     ;            ;          ; GND                                                                                                                                   ; gnd           ;              ;         ; --       ;                 ; --       ; --           ; --            ;
; BB36     ;            ;          ; GND                                                                                                                                   ; gnd           ;              ;         ; --       ;                 ; --       ; --           ; --            ;
; BB40     ;            ; 6A       ; VCCIO_HVIO_6A                                                                                                                         ; power         ;              ; 3.3V    ; --       ;                 ; --       ; --           ; --            ;
; BB43     ;            ; 6A       ; VCCIO_HVIO_6A                                                                                                                         ; power         ;              ; 3.3V    ; --       ;                 ; --       ; --           ; --            ;
; BB46     ;            ; --       ; VCCPT_HVIO                                                                                                                            ; power         ;              ; 1.8V    ; --       ;                 ; --       ; --           ; --            ;
; BB50     ;            ; --       ; VCCP                                                                                                                                  ; power         ;              ; 0.75V   ; --       ;                 ; --       ; --           ; --            ;
; BB53     ;            ;          ; GND                                                                                                                                   ; gnd           ;              ;         ; --       ;                 ; --       ; --           ; --            ;
; BB57     ;            ; --       ; VCCP                                                                                                                                  ; power         ;              ; 0.75V   ; --       ;                 ; --       ; --           ; --            ;
; BB61     ;            ; --       ; VCCP                                                                                                                                  ; power         ;              ; 0.75V   ; --       ;                 ; --       ; --           ; --            ;
; BB64     ;            ;          ; GND                                                                                                                                   ; gnd           ;              ;         ; --       ;                 ; --       ; --           ; --            ;
; BB68     ;            ; --       ; VCCP                                                                                                                                  ; power         ;              ; 0.75V   ; --       ;                 ; --       ; --           ; --            ;
; BB72     ;            ; --       ; VCCP                                                                                                                                  ; power         ;              ; 0.75V   ; --       ;                 ; --       ; --           ; --            ;
; BB75     ;            ;          ; GND                                                                                                                                   ; gnd           ;              ;         ; --       ;                 ; --       ; --           ; --            ;
; BB79     ;            ; --       ; VCCL_SDM                                                                                                                              ; power         ;              ; 0.75V   ; --       ;                 ; --       ; --           ; --            ;
; BB83     ;            ; --       ; VCCL_SDM                                                                                                                              ; power         ;              ; 0.75V   ; --       ;                 ; --       ; --           ; --            ;
; BB86     ;            ;          ; GND                                                                                                                                   ; gnd           ;              ;         ; --       ;                 ; --       ; --           ; --            ;
; BB90     ;            ; --       ; VCCPT_HVIO                                                                                                                            ; power         ;              ; 1.8V    ; --       ;                 ; --       ; --           ; --            ;
; BB93     ;            ; 5B       ; VCCIO_HVIO_5B                                                                                                                         ; power         ;              ; 3.3V    ; --       ;                 ; --       ; --           ; --            ;
; BB96     ;            ; 5B       ; VCCIO_HVIO_5B                                                                                                                         ; power         ;              ; 3.3V    ; --       ;                 ; --       ; --           ; --            ;
; BB100    ;            ;          ; GND                                                                                                                                   ; gnd           ;              ;         ; --       ;                 ; --       ; --           ; --            ;
; BB104    ;            ;          ; GND                                                                                                                                   ; gnd           ;              ;         ; --       ;                 ; --       ; --           ; --            ;
; BB107    ;            ;          ; GND                                                                                                                                   ; gnd           ;              ;         ; --       ;                 ; --       ; --           ; --            ;
; BB111    ;            ;          ; GND                                                                                                                                   ; gnd           ;              ;         ; --       ;                 ; --       ; --           ; --            ;
; BB115    ; 632        ; 1A       ; GXB_GND*                                                                                                                              ;               ;              ;         ; --       ;                 ; --       ; --           ; 65ps          ;
; BB120    ; 631        ; 1A       ; GXB_GND*                                                                                                                              ;               ;              ;         ; --       ;                 ; --       ; --           ; 63ps          ;
; BB123    ;            ;          ; GND                                                                                                                                   ; gnd           ;              ;         ; --       ;                 ; --       ; --           ; --            ;
; BB126    ;            ;          ; GND                                                                                                                                   ; gnd           ;              ;         ; --       ;                 ; --       ; --           ; --            ;
; BB129    ;            ;          ; GND                                                                                                                                   ; gnd           ;              ;         ; --       ;                 ; --       ; --           ; --            ;
; BB131    ;            ;          ; GND                                                                                                                                   ; gnd           ;              ;         ; --       ;                 ; --       ; --           ; --            ;
; BB133    ; 659        ; 1B       ; GXB_GND*                                                                                                                              ;               ;              ;         ; --       ;                 ; --       ; --           ; 79ps          ;
; BB135    ; 658        ; 1B       ; GXB_GND*                                                                                                                              ;               ;              ;         ; --       ;                 ; --       ; --           ; 79ps          ;
; BC1      ;            ;          ; GND                                                                                                                                   ; gnd           ;              ;         ; --       ;                 ; --       ; --           ; --            ;
; BC3      ;            ;          ; GND                                                                                                                                   ; gnd           ;              ;         ; --       ;                 ; --       ; --           ; --            ;
; BC5      ;            ;          ; GND                                                                                                                                   ; gnd           ;              ;         ; --       ;                 ; --       ; --           ; --            ;
; BC7      ; 795        ; 4B       ; GXB_NC                                                                                                                                ;               ;              ;         ; --       ;                 ; --       ; --           ; 76ps          ;
; BC10     ; 796        ; 4B       ; GXB_NC                                                                                                                                ;               ;              ;         ; --       ;                 ; --       ; --           ; 76ps          ;
; BC13     ;            ;          ; GND                                                                                                                                   ; gnd           ;              ;         ; --       ;                 ; --       ; --           ; --            ;
; BC16     ;            ;          ; GND                                                                                                                                   ; gnd           ;              ;         ; --       ;                 ; --       ; --           ; --            ;
; BC21     ;            ;          ; GND                                                                                                                                   ; gnd           ;              ;         ; --       ;                 ; --       ; --           ; --            ;
; BC25     ; 767        ; 4A       ; GXB_GND*                                                                                                                              ;               ;              ;         ; --       ;                 ; --       ; --           ; 52ps          ;
; BC29     ; 766        ; 4A       ; GXB_GND*                                                                                                                              ;               ;              ;         ; --       ;                 ; --       ; --           ; 50ps          ;
; BC32     ;            ;          ; GND                                                                                                                                   ; gnd           ;              ;         ; --       ;                 ; --       ; --           ; --            ;
; BC36     ;            ;          ; DNU                                                                                                                                   ;               ;              ;         ; --       ;                 ; --       ; --           ; --            ;
; BC40     ;            ;          ; DNU                                                                                                                                   ;               ;              ;         ; --       ;                 ; --       ; --           ; --            ;
; BC43     ;            ; 6B       ; VCCIO_HVIO_6B                                                                                                                         ; power         ;              ; 3.3V    ; --       ;                 ; --       ; --           ; --            ;
; BC46     ;            ; 2B_T     ; VCCIO_PIO_2B_T                                                                                                                        ; power         ;              ; 1.2V    ; --       ;                 ; --       ; --           ; --            ;
; BC50     ;            ;          ; GND                                                                                                                                   ; gnd           ;              ;         ; --       ;                 ; --       ; --           ; --            ;
; BC53     ;            ; 2B_B     ; VCCIO_PIO_2B_B                                                                                                                        ; power         ;              ; 1.2V    ; --       ;                 ; --       ; --           ; --            ;
; BC57     ;            ; 2B_B     ; VCCIO_PIO_2B_B                                                                                                                        ; power         ;              ; 1.2V    ; --       ;                 ; --       ; --           ; --            ;
; BC61     ;            ;          ; GND                                                                                                                                   ; gnd           ;              ;         ; --       ;                 ; --       ; --           ; --            ;
; BC64     ;            ; 2A_T     ; VCCIO_PIO_2A_T                                                                                                                        ; power         ;              ; 1.2V    ; --       ;                 ; --       ; --           ; --            ;
; BC68     ;            ; 2A_B     ; VCCIO_PIO_2A_B                                                                                                                        ; power         ;              ; 1.2V    ; --       ;                 ; --       ; --           ; --            ;
; BC72     ;            ;          ; GND                                                                                                                                   ; gnd           ;              ;         ; --       ;                 ; --       ; --           ; --            ;
; BC75     ;            ; --       ; VCCPLLDIG_SDM                                                                                                                         ; power         ;              ; 0.75V   ; --       ;                 ; --       ; --           ; --            ;
; BC79     ;            ; --       ; VCCPLL_SDM                                                                                                                            ; power         ;              ; 1.8V    ; --       ;                 ; --       ; --           ; --            ;
; BC83     ;            ;          ; GND                                                                                                                                   ; gnd           ;              ;         ; --       ;                 ; --       ; --           ; --            ;
; BC86     ;            ; --       ; VCCFUSEWR_SDM                                                                                                                         ; power         ;              ; 1.8V    ; --       ;                 ; --       ; --           ; --            ;
; BC90     ;            ; --       ; VCCPT_HVIO                                                                                                                            ; power         ;              ; 1.8V    ; --       ;                 ; --       ; --           ; --            ;
; BC93     ;            ;          ; GND                                                                                                                                   ; gnd           ;              ;         ; --       ;                 ; --       ; --           ; --            ;
; BC96     ;            ; 5A       ; VCCIO_HVIO_5A                                                                                                                         ; power         ;              ; 3.3V    ; --       ;                 ; --       ; --           ; --            ;
; BC100    ;            ;          ; DNU                                                                                                                                   ;               ;              ;         ; --       ;                 ; --       ; --           ; --            ;
; BC104    ;            ;          ; GND                                                                                                                                   ; gnd           ;              ;         ; --       ;                 ; --       ; --           ; --            ;
; BC107    ; 638        ; 1A       ; GXB_GND*                                                                                                                              ;               ;              ;         ; --       ;                 ; --       ; --           ; 53ps          ;
; BC111    ; 637        ; 1A       ; GXB_GND*                                                                                                                              ;               ;              ;         ; --       ;                 ; --       ; --           ; 52ps          ;
; BC115    ;            ;          ; GND                                                                                                                                   ; gnd           ;              ;         ; --       ;                 ; --       ; --           ; --            ;
; BC120    ;            ;          ; GND                                                                                                                                   ; gnd           ;              ;         ; --       ;                 ; --       ; --           ; --            ;
; BC123    ;            ;          ; GND                                                                                                                                   ; gnd           ;              ;         ; --       ;                 ; --       ; --           ; --            ;
; BC126    ; 667        ; 1B       ; GXB_NC                                                                                                                                ;               ;              ;         ; --       ;                 ; --       ; --           ; 76ps          ;
; BC129    ; 666        ; 1B       ; GXB_NC                                                                                                                                ;               ;              ;         ; --       ;                 ; --       ; --           ; 76ps          ;
; BC131    ;            ;          ; GND                                                                                                                                   ; gnd           ;              ;         ; --       ;                 ; --       ; --           ; --            ;
; BC133    ;            ;          ; GND                                                                                                                                   ; gnd           ;              ;         ; --       ;                 ; --       ; --           ; --            ;
; BC135    ;            ;          ; GND                                                                                                                                   ; gnd           ;              ;         ; --       ;                 ; --       ; --           ; --            ;
; BD1      ; 787        ; 4B       ; GXB_GND*                                                                                                                              ;               ;              ;         ; --       ;                 ; --       ; --           ; 88ps          ;
; BD3      ; 788        ; 4B       ; GXB_GND*                                                                                                                              ;               ;              ;         ; --       ;                 ; --       ; --           ; 88ps          ;
; BD5      ;            ;          ; GND                                                                                                                                   ; gnd           ;              ;         ; --       ;                 ; --       ; --           ; --            ;
; BD7      ;            ;          ; GND                                                                                                                                   ; gnd           ;              ;         ; --       ;                 ; --       ; --           ; --            ;
; BD10     ;            ;          ; GND                                                                                                                                   ; gnd           ;              ;         ; --       ;                 ; --       ; --           ; --            ;
; BD13     ;            ;          ; GND                                                                                                                                   ; gnd           ;              ;         ; --       ;                 ; --       ; --           ; --            ;
; BD16     ;            ;          ; NC                                                                                                                                    ;               ;              ;         ; --       ;                 ; --       ; --           ; --            ;
; BD21     ;            ;          ; GND                                                                                                                                   ; gnd           ;              ;         ; --       ;                 ; --       ; --           ; --            ;
; BD25     ;            ;          ; GND                                                                                                                                   ; gnd           ;              ;         ; --       ;                 ; --       ; --           ; --            ;
; BD29     ;            ;          ; GND                                                                                                                                   ; gnd           ;              ;         ; --       ;                 ; --       ; --           ; --            ;
; BD32     ;            ;          ; GND                                                                                                                                   ; gnd           ;              ;         ; --       ;                 ; --       ; --           ; --            ;
; BD36     ;            ;          ; DNU                                                                                                                                   ;               ;              ;         ; --       ;                 ; --       ; --           ; --            ;
; BD40     ;            ;          ; GND                                                                                                                                   ; gnd           ;              ;         ; --       ;                 ; --       ; --           ; --            ;
; BD43     ;            ; 6B       ; VCCIO_HVIO_6B                                                                                                                         ; power         ;              ; 3.3V    ; --       ;                 ; --       ; --           ; --            ;
; BD46     ;            ;          ; GND                                                                                                                                   ; gnd           ;              ;         ; --       ;                 ; --       ; --           ; --            ;
; BD50     ;            ; 2B_T     ; VCCIO_PIO_2B_T                                                                                                                        ; power         ;              ; 1.2V    ; --       ;                 ; --       ; --           ; --            ;
; BD53     ;            ;          ; DNU                                                                                                                                   ;               ;              ;         ; --       ;                 ; --       ; --           ; --            ;
; BD57     ;            ;          ; GND                                                                                                                                   ; gnd           ;              ;         ; --       ;                 ; --       ; --           ; --            ;
; BD61     ;            ; 2A_T     ; VCCIO_PIO_2A_T                                                                                                                        ; power         ;              ; 1.2V    ; --       ;                 ; --       ; --           ; --            ;
; BD64     ;            ;          ; DNU                                                                                                                                   ;               ;              ;         ; --       ;                 ; --       ; --           ; --            ;
; BD68     ;            ;          ; GND                                                                                                                                   ; gnd           ;              ;         ; --       ;                 ; --       ; --           ; --            ;
; BD72     ;            ; 2A_B     ; VCCIO_PIO_2A_B                                                                                                                        ; power         ;              ; 1.2V    ; --       ;                 ; --       ; --           ; --            ;
; BD75     ;            ; --       ; VCCIO_SDM                                                                                                                             ; power         ;              ; 1.8V    ; --       ;                 ; --       ; --           ; --            ;
; BD79     ;            ;          ; GND                                                                                                                                   ; gnd           ;              ;         ; --       ;                 ; --       ; --           ; --            ;
; BD83     ;            ; --       ; VCCADC                                                                                                                                ; power         ;              ; 1.8V    ; --       ;                 ; --       ; --           ; --            ;
; BD86     ;            ; --       ; VCCBAT                                                                                                                                ; power         ;              ; 1.8V    ; --       ;                 ; --       ; --           ; --            ;
; BD90     ;            ; --       ; VCC_IO_SDM                                                                                                                            ; power         ;              ; 0.75V   ; --       ;                 ; --       ; --           ; --            ;
; BD93     ;            ;          ; GND                                                                                                                                   ; gnd           ;              ;         ; --       ;                 ; --       ; --           ; --            ;
; BD96     ;            ; 5A       ; VCCIO_HVIO_5A                                                                                                                         ; power         ;              ; 3.3V    ; --       ;                 ; --       ; --           ; --            ;
; BD100    ;            ;          ; DNU                                                                                                                                   ;               ;              ;         ; --       ;                 ; --       ; --           ; --            ;
; BD104    ;            ;          ; GND                                                                                                                                   ; gnd           ;              ;         ; --       ;                 ; --       ; --           ; --            ;
; BD107    ;            ;          ; GND                                                                                                                                   ; gnd           ;              ;         ; --       ;                 ; --       ; --           ; --            ;
; BD111    ;            ;          ; GND                                                                                                                                   ; gnd           ;              ;         ; --       ;                 ; --       ; --           ; --            ;
; BD115    ;            ;          ; GND                                                                                                                                   ; gnd           ;              ;         ; --       ;                 ; --       ; --           ; --            ;
; BD120    ;            ;          ; DNU                                                                                                                                   ;               ;              ;         ; --       ;                 ; --       ; --           ; --            ;
; BD123    ;            ;          ; GND                                                                                                                                   ; gnd           ;              ;         ; --       ;                 ; --       ; --           ; --            ;
; BD126    ;            ;          ; GND                                                                                                                                   ; gnd           ;              ;         ; --       ;                 ; --       ; --           ; --            ;
; BD129    ;            ;          ; GND                                                                                                                                   ; gnd           ;              ;         ; --       ;                 ; --       ; --           ; --            ;
; BD131    ;            ;          ; GND                                                                                                                                   ; gnd           ;              ;         ; --       ;                 ; --       ; --           ; --            ;
; BD133    ; 657        ; 1B       ; GXB_GND*                                                                                                                              ;               ;              ;         ; --       ;                 ; --       ; --           ; 84ps          ;
; BD135    ; 656        ; 1B       ; GXB_GND*                                                                                                                              ;               ;              ;         ; --       ;                 ; --       ; --           ; 84ps          ;
; BE1      ;            ;          ; GND                                                                                                                                   ; gnd           ;              ;         ; --       ;                 ; --       ; --           ; --            ;
; BE3      ;            ;          ; GND                                                                                                                                   ; gnd           ;              ;         ; --       ;                 ; --       ; --           ; --            ;
; BE5      ;            ;          ; GND                                                                                                                                   ; gnd           ;              ;         ; --       ;                 ; --       ; --           ; --            ;
; BE7      ; 793        ; 4B       ; GXB_NC                                                                                                                                ;               ;              ;         ; --       ;                 ; --       ; --           ; 86ps          ;
; BE10     ; 794        ; 4B       ; GXB_NC                                                                                                                                ;               ;              ;         ; --       ;                 ; --       ; --           ; 86ps          ;
; BE13     ;            ;          ; GND                                                                                                                                   ; gnd           ;              ;         ; --       ;                 ; --       ; --           ; --            ;
; BE16     ;            ;          ; GND                                                                                                                                   ; gnd           ;              ;         ; --       ;                 ; --       ; --           ; --            ;
; BE21     ; 544        ; 6B       ; RESERVED_INPUT_WITH_WEAK_PULLUP                                                                                                       ;               ;              ; 3.3V    ; --       ;                 ; no       ; On           ; 63ps          ;
; BE25     ; 548        ; 6B       ; RESERVED_INPUT_WITH_WEAK_PULLUP                                                                                                       ;               ;              ; 3.3V    ; --       ;                 ; no       ; On           ; 55ps          ;
; BE29     ; 547        ; 6B       ; RESERVED_INPUT_WITH_WEAK_PULLUP                                                                                                       ;               ;              ; 3.3V    ; --       ;                 ; no       ; On           ; 58ps          ;
; BE32     ;            ;          ; GND                                                                                                                                   ; gnd           ;              ;         ; --       ;                 ; --       ; --           ; --            ;
; BE36     ;            ;          ; GND                                                                                                                                   ; gnd           ;              ;         ; --       ;                 ; --       ; --           ; --            ;
; BE40     ;            ;          ; GND                                                                                                                                   ; gnd           ;              ;         ; --       ;                 ; --       ; --           ; --            ;
; BE43     ; 545        ; 6B       ; RESERVED_INPUT_WITH_WEAK_PULLUP                                                                                                       ;               ;              ; 3.3V    ; --       ;                 ; no       ; On           ; 69ps          ;
; BE46     ; 212        ; 2B_T     ; RESERVED_INPUT_WITH_WEAK_PULLUP                                                                                                       ;               ;              ; 1.2V    ; --       ;                 ; no       ; On           ; 116ps         ;
; BE50     ; 213        ; 2B_T     ; RESERVED_INPUT_WITH_WEAK_PULLUP                                                                                                       ;               ;              ; 1.2V    ; --       ;                 ; no       ; On           ; 141ps         ;
; BE53     ;            ;          ; GND                                                                                                                                   ; gnd           ;              ;         ; --       ;                 ; --       ; --           ; --            ;
; BE57     ; 217        ; 2B_T     ; RESERVED_INPUT_WITH_WEAK_PULLUP                                                                                                       ;               ;              ; 1.2V    ; --       ;                 ; no       ; On           ; 110ps         ;
; BE61     ; 218        ; 2B_T     ; RESERVED_INPUT_WITH_WEAK_PULLUP                                                                                                       ;               ;              ; 1.2V    ; --       ;                 ; no       ; On           ; 112ps         ;
; BE64     ; 220        ; 2B_T     ; RESERVED_INPUT_WITH_WEAK_PULLUP                                                                                                       ;               ;              ; 1.2V    ; --       ;                 ; no       ; On           ; 134ps         ;
; BE68     ; 221        ; 2B_T     ; RESERVED_INPUT_WITH_WEAK_PULLUP                                                                                                       ;               ;              ; 1.2V    ; --       ;                 ; no       ; On           ; 153ps         ;
; BE72     ;            ;          ; GND                                                                                                                                   ; gnd           ;              ;         ; --       ;                 ; --       ; --           ; --            ;
; BE75     ; 128        ; 2A_T     ; RESERVED_INPUT_WITH_WEAK_PULLUP                                                                                                       ;               ;              ; 1.2V    ; --       ;                 ; no       ; On           ; 109ps         ;
; BE79     ; 129        ; 2A_T     ; RESERVED_INPUT_WITH_WEAK_PULLUP                                                                                                       ;               ;              ; 1.2V    ; --       ;                 ; no       ; On           ; 109ps         ;
; BE83     ; 131        ; 2A_T     ; RESERVED_INPUT_WITH_WEAK_PULLUP                                                                                                       ;               ;              ; 1.2V    ; --       ;                 ; no       ; On           ; 96ps          ;
; BE86     ; 132        ; 2A_T     ; RESERVED_INPUT_WITH_WEAK_PULLUP                                                                                                       ;               ;              ; 1.2V    ; --       ;                 ; no       ; On           ; 94ps          ;
; BE90     ;            ;          ; GND                                                                                                                                   ; gnd           ;              ;         ; --       ;                 ; --       ; --           ; --            ;
; BE93     ; 136        ; 2A_T     ; RESERVED_INPUT_WITH_WEAK_PULLUP                                                                                                       ;               ;              ; 1.2V    ; --       ;                 ; no       ; On           ; 130ps         ;
; BE96     ; 137        ; 2A_T     ; RESERVED_INPUT_WITH_WEAK_PULLUP                                                                                                       ;               ;              ; 1.2V    ; --       ;                 ; no       ; On           ; 131ps         ;
; BE100    ; 26         ; SDM      ; ^TEMPDIODE0Ap                                                                                                                         ;               ;              ;         ; --       ;                 ; --       ; --           ; 57ps          ;
; BE104    ;            ;          ; GND                                                                                                                                   ; gnd           ;              ;         ; --       ;                 ; --       ; --           ; --            ;
; BE107    ; 506        ; 5B       ; RESERVED_INPUT_WITH_WEAK_PULLUP                                                                                                       ;               ;              ; 3.3V    ; --       ;                 ; no       ; On           ; 53ps          ;
; BE111    ; 508        ; 5B       ; RESERVED_INPUT_WITH_WEAK_PULLUP                                                                                                       ;               ;              ; 3.3V    ; --       ;                 ; no       ; On           ; 57ps          ;
; BE115    ; 500        ; 5B       ; RESERVED_INPUT_WITH_WEAK_PULLUP                                                                                                       ;               ;              ; 3.3V    ; --       ;                 ; no       ; On           ; 71ps          ;
; BE120    ;            ;          ; GND                                                                                                                                   ; gnd           ;              ;         ; --       ;                 ; --       ; --           ; --            ;
; BE123    ;            ;          ; GND                                                                                                                                   ; gnd           ;              ;         ; --       ;                 ; --       ; --           ; --            ;
; BE126    ; 665        ; 1B       ; GXB_NC                                                                                                                                ;               ;              ;         ; --       ;                 ; --       ; --           ; 86ps          ;
; BE129    ; 664        ; 1B       ; GXB_NC                                                                                                                                ;               ;              ;         ; --       ;                 ; --       ; --           ; 86ps          ;
; BE131    ;            ;          ; GND                                                                                                                                   ; gnd           ;              ;         ; --       ;                 ; --       ; --           ; --            ;
; BE133    ;            ;          ; GND                                                                                                                                   ; gnd           ;              ;         ; --       ;                 ; --       ; --           ; --            ;
; BE135    ;            ;          ; GND                                                                                                                                   ; gnd           ;              ;         ; --       ;                 ; --       ; --           ; --            ;
; BF1      ; 785        ; 4B       ; GXB_GND*                                                                                                                              ;               ;              ;         ; --       ;                 ; --       ; --           ; 91ps          ;
; BF3      ; 786        ; 4B       ; GXB_GND*                                                                                                                              ;               ;              ;         ; --       ;                 ; --       ; --           ; 91ps          ;
; BF5      ;            ;          ; GND                                                                                                                                   ; gnd           ;              ;         ; --       ;                 ; --       ; --           ; --            ;
; BF7      ;            ;          ; GND                                                                                                                                   ; gnd           ;              ;         ; --       ;                 ; --       ; --           ; --            ;
; BF10     ;            ;          ; GND                                                                                                                                   ; gnd           ;              ;         ; --       ;                 ; --       ; --           ; --            ;
; BF13     ;            ;          ; GND                                                                                                                                   ; gnd           ;              ;         ; --       ;                 ; --       ; --           ; --            ;
; BF16     ; 553        ; 6B       ; RESERVED_INPUT_WITH_WEAK_PULLUP                                                                                                       ;               ;              ; 3.3V    ; --       ;                 ; no       ; On           ; 172ps         ;
; BF21     ; 543        ; 6B       ; RESERVED_INPUT_WITH_WEAK_PULLUP                                                                                                       ;               ;              ; 3.3V    ; --       ;                 ; no       ; On           ; 63ps          ;
; BF25     ; 552        ; 6B       ; RESERVED_INPUT_WITH_WEAK_PULLUP                                                                                                       ;               ;              ; 3.3V    ; --       ;                 ; no       ; On           ; 60ps          ;
; BF29     ; 551        ; 6B       ; RESERVED_INPUT_WITH_WEAK_PULLUP                                                                                                       ;               ;              ; 3.3V    ; --       ;                 ; no       ; On           ; 55ps          ;
; BF32     ; 549        ; 6B       ; RESERVED_INPUT_WITH_WEAK_PULLUP                                                                                                       ;               ;              ; 3.3V    ; --       ;                 ; no       ; On           ; 59ps          ;
; BF36     ; 550        ; 6B       ; RESERVED_INPUT_WITH_WEAK_PULLUP                                                                                                       ;               ;              ; 3.3V    ; --       ;                 ; no       ; On           ; 57ps          ;
; BF40     ; 546        ; 6B       ; RESERVED_INPUT_WITH_WEAK_PULLUP                                                                                                       ;               ;              ; 3.3V    ; --       ;                 ; no       ; On           ; 62ps          ;
; BF43     ;            ;          ; GND                                                                                                                                   ; gnd           ;              ;         ; --       ;                 ; --       ; --           ; --            ;
; BF46     ; 211        ; 2B_T     ; RESERVED_INPUT_WITH_WEAK_PULLUP                                                                                                       ;               ;              ; 1.2V    ; --       ;                 ; no       ; On           ; 117ps         ;
; BF50     ; 214        ; 2B_T     ; RESERVED_INPUT_WITH_WEAK_PULLUP                                                                                                       ;               ;              ; 1.2V    ; --       ;                 ; no       ; On           ; 141ps         ;
; BF53     ; 215        ; 2B_T     ; RESERVED_INPUT_WITH_WEAK_PULLUP                                                                                                       ;               ;              ; 1.2V    ; --       ;                 ; no       ; On           ; 149ps         ;
; BF57     ; 216        ; 2B_T     ; RESERVED_INPUT_WITH_WEAK_PULLUP                                                                                                       ;               ;              ; 1.2V    ; --       ;                 ; no       ; On           ; 149ps         ;
; BF61     ;            ;          ; GND                                                                                                                                   ; gnd           ;              ;         ; --       ;                 ; --       ; --           ; --            ;
; BF64     ; 219        ; 2B_T     ; RESERVED_INPUT_WITH_WEAK_PULLUP                                                                                                       ;               ;              ; 1.2V    ; --       ;                 ; no       ; On           ; 135ps         ;
; BF68     ; 222        ; 2B_T     ; RESERVED_INPUT_WITH_WEAK_PULLUP                                                                                                       ;               ;              ; 1.2V    ; --       ;                 ; no       ; On           ; 153ps         ;
; BF72     ; 126        ; 2A_T     ; RESERVED_INPUT_WITH_WEAK_PULLUP                                                                                                       ;               ;              ; 1.2V    ; --       ;                 ; no       ; On           ; 117ps         ;
; BF75     ; 127        ; 2A_T     ; RESERVED_INPUT_WITH_WEAK_PULLUP                                                                                                       ;               ;              ; 1.2V    ; --       ;                 ; no       ; On           ; 117ps         ;
; BF79     ;            ;          ; GND                                                                                                                                   ; gnd           ;              ;         ; --       ;                 ; --       ; --           ; --            ;
; BF83     ; 130        ; 2A_T     ; RESERVED_INPUT_WITH_WEAK_PULLUP                                                                                                       ;               ;              ; 1.2V    ; --       ;                 ; no       ; On           ; 94ps          ;
; BF86     ; 133        ; 2A_T     ; RESERVED_INPUT_WITH_WEAK_PULLUP                                                                                                       ;               ;              ; 1.2V    ; --       ;                 ; no       ; On           ; 95ps          ;
; BF90     ; 134        ; 2A_T     ; RESERVED_INPUT_WITH_WEAK_PULLUP                                                                                                       ;               ;              ; 1.2V    ; --       ;                 ; no       ; On           ; 105ps         ;
; BF93     ; 135        ; 2A_T     ; RESERVED_INPUT_WITH_WEAK_PULLUP                                                                                                       ;               ;              ; 1.2V    ; --       ;                 ; no       ; On           ; 105ps         ;
; BF96     ;            ;          ; GND                                                                                                                                   ; gnd           ;              ;         ; --       ;                 ; --       ; --           ; --            ;
; BF100    ; 25         ; SDM      ; ^TEMPDIODE0An                                                                                                                         ;               ;              ;         ; --       ;                 ; --       ; --           ; 58ps          ;
; BF104    ; 504        ; 5B       ; RESERVED_INPUT_WITH_WEAK_PULLUP                                                                                                       ;               ;              ; 3.3V    ; --       ;                 ; no       ; On           ; 52ps          ;
; BF107    ; 502        ; 5B       ; RESERVED_INPUT_WITH_WEAK_PULLUP                                                                                                       ;               ;              ; 3.3V    ; --       ;                 ; no       ; On           ; 52ps          ;
; BF111    ; 498        ; 5B       ; RESERVED_INPUT_WITH_WEAK_PULLUP                                                                                                       ;               ;              ; 3.3V    ; --       ;                 ; no       ; On           ; 64ps          ;
; BF115    ; 501        ; 5B       ; RESERVED_INPUT_WITH_WEAK_PULLUP                                                                                                       ;               ;              ; 3.3V    ; --       ;                 ; no       ; On           ; 79ps          ;
; BF120    ; 517        ; 5B       ; RESERVED_INPUT_WITH_WEAK_PULLUP                                                                                                       ;               ;              ; 3.3V    ; --       ;                 ; no       ; On           ; 144ps         ;
; BF123    ;            ;          ; GND                                                                                                                                   ; gnd           ;              ;         ; --       ;                 ; --       ; --           ; --            ;
; BF126    ;            ;          ; GND                                                                                                                                   ; gnd           ;              ;         ; --       ;                 ; --       ; --           ; --            ;
; BF129    ;            ;          ; GND                                                                                                                                   ; gnd           ;              ;         ; --       ;                 ; --       ; --           ; --            ;
; BF131    ;            ;          ; GND                                                                                                                                   ; gnd           ;              ;         ; --       ;                 ; --       ; --           ; --            ;
; BF133    ; 620        ; 1A       ; GXB_GND*                                                                                                                              ;               ;              ;         ; --       ;                 ; --       ; --           ; 84ps          ;
; BF135    ; 619        ; 1A       ; GXB_GND*                                                                                                                              ;               ;              ;         ; --       ;                 ; --       ; --           ; 84ps          ;
; BG1      ;            ;          ; GND                                                                                                                                   ; gnd           ;              ;         ; --       ;                 ; --       ; --           ; --            ;
; BG3      ;            ;          ; GND                                                                                                                                   ; gnd           ;              ;         ; --       ;                 ; --       ; --           ; --            ;
; BG5      ;            ;          ; GND                                                                                                                                   ; gnd           ;              ;         ; --       ;                 ; --       ; --           ; --            ;
; BG7      ; 756        ; 4A       ; GXB_NC                                                                                                                                ;               ;              ;         ; --       ;                 ; --       ; --           ; 87ps          ;
; BG10     ; 757        ; 4A       ; GXB_NC                                                                                                                                ;               ;              ;         ; --       ;                 ; --       ; --           ; 87ps          ;
; BG13     ;            ;          ; GND                                                                                                                                   ; gnd           ;              ;         ; --       ;                 ; --       ; --           ; --            ;
; BG123    ;            ;          ; GND                                                                                                                                   ; gnd           ;              ;         ; --       ;                 ; --       ; --           ; --            ;
; BG126    ; 628        ; 1A       ; GXB_NC                                                                                                                                ;               ;              ;         ; --       ;                 ; --       ; --           ; 88ps          ;
; BG129    ; 627        ; 1A       ; GXB_NC                                                                                                                                ;               ;              ;         ; --       ;                 ; --       ; --           ; 88ps          ;
; BG131    ;            ;          ; GND                                                                                                                                   ; gnd           ;              ;         ; --       ;                 ; --       ; --           ; --            ;
; BG133    ;            ;          ; GND                                                                                                                                   ; gnd           ;              ;         ; --       ;                 ; --       ; --           ; --            ;
; BG135    ;            ;          ; GND                                                                                                                                   ; gnd           ;              ;         ; --       ;                 ; --       ; --           ; --            ;
; BH19     ; 554        ; 6B       ; RESERVED_INPUT_WITH_WEAK_PULLUP                                                                                                       ;               ;              ; 3.3V    ; --       ;                 ; no       ; On           ; 166ps         ;
; BH22     ;            ;          ; GND                                                                                                                                   ; gnd           ;              ;         ; --       ;                 ; --       ; --           ; --            ;
; BH28     ; 538        ; 6A       ; RESERVED_INPUT_WITH_WEAK_PULLUP                                                                                                       ;               ;              ; 3.3V    ; --       ;                 ; no       ; On           ; 165ps         ;
; BH31     ;            ;          ; GND                                                                                                                                   ; gnd           ;              ;         ; --       ;                 ; --       ; --           ; --            ;
; BH38     ; 226        ; 2B_T     ; RESERVED_INPUT_WITH_WEAK_PULLUP                                                                                                       ;               ;              ; 1.2V    ; --       ;                 ; no       ; On           ; 151ps         ;
; BH41     ; 225        ; 2B_T     ; RESERVED_INPUT_WITH_WEAK_PULLUP                                                                                                       ;               ;              ; 1.2V    ; --       ;                 ; no       ; On           ; 151ps         ;
; BH49     ; 232        ; 2B_T     ; RESERVED_INPUT_WITH_WEAK_PULLUP                                                                                                       ;               ;              ; 1.2V    ; --       ;                 ; no       ; On           ; 96ps          ;
; BH52     ; 231        ; 2B_T     ; RESERVED_INPUT_WITH_WEAK_PULLUP                                                                                                       ;               ;              ; 1.2V    ; --       ;                 ; no       ; On           ; 95ps          ;
; BH59     ; 116        ; 2A_T     ; RESERVED_INPUT_WITH_WEAK_PULLUP                                                                                                       ;               ;              ; 1.2V    ; --       ;                 ; no       ; On           ; 97ps          ;
; BH62     ; 117        ; 2A_T     ; RESERVED_INPUT_WITH_WEAK_PULLUP                                                                                                       ;               ;              ; 1.2V    ; --       ;                 ; no       ; On           ; 96ps          ;
; BH69     ; 123        ; 2A_T     ; RESERVED_INPUT_WITH_WEAK_PULLUP                                                                                                       ;               ;              ; 1.2V    ; --       ;                 ; no       ; On           ; 63ps          ;
; BH71     ; 122        ; 2A_T     ; RESERVED_INPUT_WITH_WEAK_PULLUP                                                                                                       ;               ;              ; 1.2V    ; --       ;                 ; no       ; On           ; 61ps          ;
; BH78     ; 140        ; 2A_B     ; RESERVED_INPUT_WITH_WEAK_PULLUP                                                                                                       ;               ;              ; 1.2V    ; --       ;                 ; no       ; On           ; 138ps         ;
; BH81     ; 141        ; 2A_B     ; RESERVED_INPUT_WITH_WEAK_PULLUP                                                                                                       ;               ;              ; 1.2V    ; --       ;                 ; no       ; On           ; 139ps         ;
; BH89     ; 147        ; 2A_B     ; RESERVED_INPUT_WITH_WEAK_PULLUP                                                                                                       ;               ;              ; 1.2V    ; --       ;                 ; no       ; On           ; 138ps         ;
; BH92     ; 146        ; 2A_B     ; RESERVED_INPUT_WITH_WEAK_PULLUP                                                                                                       ;               ;              ; 1.2V    ; --       ;                 ; no       ; On           ; 138ps         ;
; BH99     ; 9          ; SDM      ; ~ALTERA_AS_DATA0~                                                                                                                     ; bidir         ; 1.8-V        ;         ; --       ; N               ; no       ; Off          ; 65ps          ;
; BH102    ;            ;          ; GND                                                                                                                                   ; gnd           ;              ;         ; --       ;                 ; --       ; --           ; --            ;
; BH109    ; 499        ; 5B       ; RESERVED_INPUT_WITH_WEAK_PULLUP                                                                                                       ;               ;              ; 3.3V    ; --       ;                 ; no       ; On           ; 69ps          ;
; BH112    ;            ;          ; GND                                                                                                                                   ; gnd           ;              ;         ; --       ;                 ; --       ; --           ; --            ;
; BH118    ; 516        ; 5B       ; RESERVED_INPUT_WITH_WEAK_PULLUP                                                                                                       ;               ;              ; 3.3V    ; --       ;                 ; no       ; On           ; 143ps         ;
; BJ1      ; 748        ; 4A       ; GXB_GND*                                                                                                                              ;               ;              ;         ; --       ;                 ; --       ; --           ; 95ps          ;
; BJ3      ; 749        ; 4A       ; GXB_GND*                                                                                                                              ;               ;              ;         ; --       ;                 ; --       ; --           ; 95ps          ;
; BJ5      ;            ;          ; GND                                                                                                                                   ; gnd           ;              ;         ; --       ;                 ; --       ; --           ; --            ;
; BJ7      ;            ;          ; GND                                                                                                                                   ; gnd           ;              ;         ; --       ;                 ; --       ; --           ; --            ;
; BJ10     ;            ;          ; GND                                                                                                                                   ; gnd           ;              ;         ; --       ;                 ; --       ; --           ; --            ;
; BJ13     ;            ;          ; GND                                                                                                                                   ; gnd           ;              ;         ; --       ;                 ; --       ; --           ; --            ;
; BJ123    ;            ;          ; GND                                                                                                                                   ; gnd           ;              ;         ; --       ;                 ; --       ; --           ; --            ;
; BJ126    ;            ;          ; GND                                                                                                                                   ; gnd           ;              ;         ; --       ;                 ; --       ; --           ; --            ;
; BJ129    ;            ;          ; GND                                                                                                                                   ; gnd           ;              ;         ; --       ;                 ; --       ; --           ; --            ;
; BJ131    ;            ;          ; GND                                                                                                                                   ; gnd           ;              ;         ; --       ;                 ; --       ; --           ; --            ;
; BJ133    ; 618        ; 1A       ; GXB_GND*                                                                                                                              ;               ;              ;         ; --       ;                 ; --       ; --           ; 88ps          ;
; BJ135    ; 617        ; 1A       ; GXB_GND*                                                                                                                              ;               ;              ;         ; --       ;                 ; --       ; --           ; 88ps          ;
; BK19     ; 541        ; 6A       ; RESERVED_INPUT_WITH_WEAK_PULLUP                                                                                                       ;               ;              ; 3.3V    ; --       ;                 ; no       ; On           ; 141ps         ;
; BK22     ; 555        ; 6B       ; RESERVED_INPUT_WITH_WEAK_PULLUP                                                                                                       ;               ;              ; 3.3V    ; --       ;                 ; no       ; On           ; 178ps         ;
; BK28     ; 533        ; 6A       ; RESERVED_INPUT_WITH_WEAK_PULLUP                                                                                                       ;               ;              ; 3.3V    ; --       ;                 ; no       ; On           ; 101ps         ;
; BK31     ; 531        ; 6A       ; RESERVED_INPUT_WITH_WEAK_PULLUP                                                                                                       ;               ;              ; 3.3V    ; --       ;                 ; no       ; On           ; 108ps         ;
; BK38     ; 224        ; 2B_T     ; RESERVED_INPUT_WITH_WEAK_PULLUP                                                                                                       ;               ;              ; 1.2V    ; --       ;                 ; no       ; On           ; 126ps         ;
; BK41     ;            ;          ; GND                                                                                                                                   ; gnd           ;              ;         ; --       ;                 ; --       ; --           ; --            ;
; BK49     ; 230        ; 2B_T     ; RESERVED_INPUT_WITH_WEAK_PULLUP                                                                                                       ;               ;              ; 1.2V    ; --       ;                 ; no       ; On           ; 96ps          ;
; BK52     ;            ;          ; GND                                                                                                                                   ; gnd           ;              ;         ; --       ;                 ; --       ; --           ; --            ;
; BK59     ; 114        ; 2A_T     ; RESERVED_INPUT_WITH_WEAK_PULLUP                                                                                                       ;               ;              ; 1.2V    ; --       ;                 ; no       ; On           ; 117ps         ;
; BK62     ;            ;          ; GND                                                                                                                                   ; gnd           ;              ;         ; --       ;                 ; --       ; --           ; --            ;
; BK69     ; 120        ; 2A_T     ; RESERVED_INPUT_WITH_WEAK_PULLUP                                                                                                       ;               ;              ; 1.2V    ; --       ;                 ; no       ; On           ; 61ps          ;
; BK71     ;            ;          ; GND                                                                                                                                   ; gnd           ;              ;         ; --       ;                 ; --       ; --           ; --            ;
; BK78     ; 138        ; 2A_B     ; RESERVED_INPUT_WITH_WEAK_PULLUP                                                                                                       ;               ;              ; 1.2V    ; --       ;                 ; no       ; On           ; 118ps         ;
; BK81     ;            ;          ; GND                                                                                                                                   ; gnd           ;              ;         ; --       ;                 ; --       ; --           ; --            ;
; BK89     ; 145        ; 2A_B     ; RESERVED_INPUT_WITH_WEAK_PULLUP                                                                                                       ;               ;              ; 1.2V    ; --       ;                 ; no       ; On           ; 124ps         ;
; BK92     ;            ;          ; GND                                                                                                                                   ; gnd           ;              ;         ; --       ;                 ; --       ; --           ; --            ;
; BK99     ; 10         ; SDM      ; ~ALTERA_AS_CLK~                                                                                                                       ; output        ; 1.8-V        ;         ; --       ; N               ; no       ; Off          ; 74ps          ;
; BK102    ; 5          ; SDM      ; ~ALTERA_AS_DATA1~                                                                                                                     ; bidir         ; 1.8-V        ;         ; --       ; N               ; no       ; Off          ; 73ps          ;
; BK109    ; 507        ; 5B       ; RESERVED_INPUT_WITH_WEAK_PULLUP                                                                                                       ;               ;              ; 3.3V    ; --       ;                 ; no       ; On           ; 159ps         ;
; BK112    ; 515        ; 5B       ; RESERVED_INPUT_WITH_WEAK_PULLUP                                                                                                       ;               ;              ; 3.3V    ; --       ;                 ; no       ; On           ; 120ps         ;
; BK118    ; 511        ; 5B       ; RESERVED_INPUT_WITH_WEAK_PULLUP                                                                                                       ;               ;              ; 3.3V    ; --       ;                 ; no       ; On           ; 150ps         ;
; BL1      ;            ;          ; GND                                                                                                                                   ; gnd           ;              ;         ; --       ;                 ; --       ; --           ; --            ;
; BL3      ;            ;          ; GND                                                                                                                                   ; gnd           ;              ;         ; --       ;                 ; --       ; --           ; --            ;
; BL5      ;            ;          ; GND                                                                                                                                   ; gnd           ;              ;         ; --       ;                 ; --       ; --           ; --            ;
; BL7      ; 754        ; 4A       ; GXB_NC                                                                                                                                ;               ;              ;         ; --       ;                 ; --       ; --           ; 95ps          ;
; BL10     ; 755        ; 4A       ; GXB_NC                                                                                                                                ;               ;              ;         ; --       ;                 ; --       ; --           ; 95ps          ;
; BL13     ;            ;          ; GND                                                                                                                                   ; gnd           ;              ;         ; --       ;                 ; --       ; --           ; --            ;
; BL123    ;            ;          ; GND                                                                                                                                   ; gnd           ;              ;         ; --       ;                 ; --       ; --           ; --            ;
; BL126    ; 626        ; 1A       ; GXB_NC                                                                                                                                ;               ;              ;         ; --       ;                 ; --       ; --           ; 94ps          ;
; BL129    ; 625        ; 1A       ; GXB_NC                                                                                                                                ;               ;              ;         ; --       ;                 ; --       ; --           ; 94ps          ;
; BL131    ;            ;          ; GND                                                                                                                                   ; gnd           ;              ;         ; --       ;                 ; --       ; --           ; --            ;
; BL133    ;            ;          ; GND                                                                                                                                   ; gnd           ;              ;         ; --       ;                 ; --       ; --           ; --            ;
; BL135    ;            ;          ; GND                                                                                                                                   ; gnd           ;              ;         ; --       ;                 ; --       ; --           ; --            ;
; BM19     ; 556        ; 6B       ; RESERVED_INPUT_WITH_WEAK_PULLUP                                                                                                       ;               ;              ; 3.3V    ; --       ;                 ; no       ; On           ; 176ps         ;
; BM22     ; 539        ; 6A       ; RESERVED_INPUT_WITH_WEAK_PULLUP                                                                                                       ;               ;              ; 3.3V    ; --       ;                 ; no       ; On           ; 146ps         ;
; BM28     ; 528        ; 6A       ; RESERVED_INPUT_WITH_WEAK_PULLUP                                                                                                       ;               ;              ; 3.3V    ; --       ;                 ; no       ; On           ; 110ps         ;
; BM31     ; 530        ; 6A       ; RESERVED_INPUT_WITH_WEAK_PULLUP                                                                                                       ;               ;              ; 3.3V    ; --       ;                 ; no       ; On           ; 111ps         ;
; BM38     ; 223        ; 2B_T     ; RESERVED_INPUT_WITH_WEAK_PULLUP                                                                                                       ;               ;              ; 1.2V    ; --       ;                 ; no       ; On           ; 125ps         ;
; BM41     ; 227        ; 2B_T     ; RESERVED_INPUT_WITH_WEAK_PULLUP                                                                                                       ;               ;              ; 1.2V    ; --       ;                 ; no       ; On           ; 124ps         ;
; BM49     ; 229        ; 2B_T     ; RESERVED_INPUT_WITH_WEAK_PULLUP                                                                                                       ;               ;              ; 1.2V    ; --       ;                 ; no       ; On           ; 95ps          ;
; BM52     ; 234        ; 2B_T     ; RESERVED_INPUT_WITH_WEAK_PULLUP                                                                                                       ;               ;              ; 1.2V    ; --       ;                 ; no       ; On           ; 95ps          ;
; BM59     ; 115        ; 2A_T     ; RESERVED_INPUT_WITH_WEAK_PULLUP                                                                                                       ;               ;              ; 1.2V    ; --       ;                 ; no       ; On           ; 117ps         ;
; BM62     ; 119        ; 2A_T     ; RESERVED_INPUT_WITH_WEAK_PULLUP                                                                                                       ;               ;              ; 1.2V    ; --       ;                 ; no       ; On           ; 70ps          ;
; BM69     ; 121        ; 2A_T     ; RESERVED_INPUT_WITH_WEAK_PULLUP                                                                                                       ;               ;              ; 1.2V    ; --       ;                 ; no       ; On           ; 62ps          ;
; BM71     ; 125        ; 2A_T     ; RESERVED_INPUT_WITH_WEAK_PULLUP                                                                                                       ;               ;              ; 1.2V    ; --       ;                 ; no       ; On           ; 65ps          ;
; BM78     ; 139        ; 2A_B     ; RESERVED_INPUT_WITH_WEAK_PULLUP                                                                                                       ;               ;              ; 1.2V    ; --       ;                 ; no       ; On           ; 118ps         ;
; BM81     ; 143        ; 2A_B     ; RESERVED_INPUT_WITH_WEAK_PULLUP                                                                                                       ;               ;              ; 1.2V    ; --       ;                 ; no       ; On           ; 115ps         ;
; BM89     ; 144        ; 2A_B     ; RESERVED_INPUT_WITH_WEAK_PULLUP                                                                                                       ;               ;              ; 1.2V    ; --       ;                 ; no       ; On           ; 124ps         ;
; BM92     ; 148        ; 2A_B     ; RESERVED_INPUT_WITH_WEAK_PULLUP                                                                                                       ;               ;              ; 1.2V    ; --       ;                 ; no       ; On           ; 139ps         ;
; BM99     ; 11         ; SDM      ; ~ALTERA_AS_nCSO2,ALTERA_MSEL1~                                                                                                        ; output, input ; 1.8-V        ;         ; --       ; N               ; no       ; Off          ; 74ps          ;
; BM102    ; 17         ; SDM      ; ~ALTERA_AS_nCSO1,ALTERA_MSEL2~                                                                                                        ; output, input ; 1.8-V        ;         ; --       ; N               ; no       ; Off          ; 74ps          ;
; BM109    ; 509        ; 5B       ; RESERVED_INPUT_WITH_WEAK_PULLUP                                                                                                       ;               ;              ; 3.3V    ; --       ;                 ; no       ; On           ; 157ps         ;
; BM112    ; 514        ; 5B       ; RESERVED_INPUT_WITH_WEAK_PULLUP                                                                                                       ;               ;              ; 3.3V    ; --       ;                 ; no       ; On           ; 106ps         ;
; BM118    ; 512        ; 5B       ; RESERVED_INPUT_WITH_WEAK_PULLUP                                                                                                       ;               ;              ; 3.3V    ; --       ;                 ; no       ; On           ; 144ps         ;
; BN1      ; 746        ; 4A       ; GXB_GND*                                                                                                                              ;               ;              ;         ; --       ;                 ; --       ; --           ; 98ps          ;
; BN3      ; 747        ; 4A       ; GXB_GND*                                                                                                                              ;               ;              ;         ; --       ;                 ; --       ; --           ; 98ps          ;
; BN5      ;            ;          ; GND                                                                                                                                   ; gnd           ;              ;         ; --       ;                 ; --       ; --           ; --            ;
; BN7      ;            ;          ; GND                                                                                                                                   ; gnd           ;              ;         ; --       ;                 ; --       ; --           ; --            ;
; BN10     ;            ;          ; GND                                                                                                                                   ; gnd           ;              ;         ; --       ;                 ; --       ; --           ; --            ;
; BN13     ;            ;          ; GND                                                                                                                                   ; gnd           ;              ;         ; --       ;                 ; --       ; --           ; --            ;
; BN123    ;            ;          ; GND                                                                                                                                   ; gnd           ;              ;         ; --       ;                 ; --       ; --           ; --            ;
; BN126    ;            ;          ; GND                                                                                                                                   ; gnd           ;              ;         ; --       ;                 ; --       ; --           ; --            ;
; BN129    ;            ;          ; GND                                                                                                                                   ; gnd           ;              ;         ; --       ;                 ; --       ; --           ; --            ;
; BN131    ;            ;          ; GND                                                                                                                                   ; gnd           ;              ;         ; --       ;                 ; --       ; --           ; --            ;
; BN133    ; 616        ; 1A       ; GXB_GND*                                                                                                                              ;               ;              ;         ; --       ;                 ; --       ; --           ; 93ps          ;
; BN135    ; 615        ; 1A       ; GXB_GND*                                                                                                                              ;               ;              ;         ; --       ;                 ; --       ; --           ; 93ps          ;
; BP19     ;            ;          ; GND                                                                                                                                   ; gnd           ;              ;         ; --       ;                 ; --       ; --           ; --            ;
; BP22     ; 532        ; 6A       ; RESERVED_INPUT_WITH_WEAK_PULLUP                                                                                                       ;               ;              ; 3.3V    ; --       ;                 ; no       ; On           ; 155ps         ;
; BP28     ;            ;          ; GND                                                                                                                                   ; gnd           ;              ;         ; --       ;                 ; --       ; --           ; --            ;
; BP31     ; 524        ; 6A       ; RESERVED_INPUT_WITH_WEAK_PULLUP                                                                                                       ;               ;              ; 3.3V    ; --       ;                 ; no       ; On           ; 87ps          ;
; BP38     ;            ;          ; GND                                                                                                                                   ; gnd           ;              ;         ; --       ;                 ; --       ; --           ; --            ;
; BP41     ; 228        ; 2B_T     ; RESERVED_INPUT_WITH_WEAK_PULLUP                                                                                                       ;               ;              ; 1.2V    ; --       ;                 ; no       ; On           ; 123ps         ;
; BP49     ;            ;          ; GND                                                                                                                                   ; gnd           ;              ;         ; --       ;                 ; --       ; --           ; --            ;
; BP52     ; 233        ; 2B_T     ; RESERVED_INPUT_WITH_WEAK_PULLUP                                                                                                       ;               ;              ; 1.2V    ; --       ;                 ; no       ; On           ; 95ps          ;
; BP59     ;            ;          ; GND                                                                                                                                   ; gnd           ;              ;         ; --       ;                 ; --       ; --           ; --            ;
; BP62     ; 118        ; 2A_T     ; RESERVED_INPUT_WITH_WEAK_PULLUP                                                                                                       ;               ;              ; 1.2V    ; --       ;                 ; no       ; On           ; 70ps          ;
; BP69     ;            ;          ; GND                                                                                                                                   ; gnd           ;              ;         ; --       ;                 ; --       ; --           ; --            ;
; BP71     ; 124        ; 2A_T     ; RESERVED_INPUT_WITH_WEAK_PULLUP                                                                                                       ;               ;              ; 1.2V    ; --       ;                 ; no       ; On           ; 64ps          ;
; BP78     ;            ;          ; GND                                                                                                                                   ; gnd           ;              ;         ; --       ;                 ; --       ; --           ; --            ;
; BP81     ; 142        ; 2A_B     ; RESERVED_INPUT_WITH_WEAK_PULLUP                                                                                                       ;               ;              ; 1.2V    ; --       ;                 ; no       ; On           ; 115ps         ;
; BP89     ;            ;          ; GND                                                                                                                                   ; gnd           ;              ;         ; --       ;                 ; --       ; --           ; --            ;
; BP92     ; 149        ; 2A_B     ; RESERVED_INPUT_WITH_WEAK_PULLUP                                                                                                       ;               ;              ; 1.2V    ; --       ;                 ; no       ; On           ; 139ps         ;
; BP99     ;            ;          ; GND                                                                                                                                   ; gnd           ;              ;         ; --       ;                 ; --       ; --           ; --            ;
; BP102    ; 14         ; SDM      ; SDM_IO16, PWRMGT_SDA                                                                                                                  ;               ;              ;         ; --       ;                 ; --       ; --           ; 72ps          ;
; BP109    ;            ;          ; GND                                                                                                                                   ; gnd           ;              ;         ; --       ;                 ; --       ; --           ; --            ;
; BP112    ; 513        ; 5B       ; RESERVED_INPUT_WITH_WEAK_PULLUP                                                                                                       ;               ;              ; 3.3V    ; --       ;                 ; no       ; On           ; 85ps          ;
; BP118    ;            ;          ; GND                                                                                                                                   ; gnd           ;              ;         ; --       ;                 ; --       ; --           ; --            ;
; BR19     ; 558        ; 6B       ; RESERVED_INPUT_WITH_WEAK_PULLUP                                                                                                       ;               ;              ; 3.3V    ; --       ;                 ; no       ; On           ; 153ps         ;
; BR22     ; 534        ; 6A       ; RESERVED_INPUT_WITH_WEAK_PULLUP                                                                                                       ;               ;              ; 3.3V    ; --       ;                 ; no       ; On           ; 154ps         ;
; BR28     ; 525        ; 6A       ; RESERVED_INPUT_WITH_WEAK_PULLUP                                                                                                       ;               ;              ; 3.3V    ; --       ;                 ; no       ; On           ; 90ps          ;
; BR31     ; 526        ; 6A       ; RESERVED_INPUT_WITH_WEAK_PULLUP                                                                                                       ;               ;              ; 3.3V    ; --       ;                 ; no       ; On           ; 87ps          ;
; BR38     ; 238        ; 2B_B     ; RESERVED_INPUT_WITH_WEAK_PULLUP                                                                                                       ;               ;              ; 1.2V    ; --       ;                 ; no       ; On           ; 77ps          ;
; BR41     ; 240        ; 2B_B     ; RESERVED_INPUT_WITH_WEAK_PULLUP                                                                                                       ;               ;              ; 1.2V    ; --       ;                 ; no       ; On           ; 79ps          ;
; BR49     ; 246        ; 2B_B     ; RESERVED_INPUT_WITH_WEAK_PULLUP                                                                                                       ;               ;              ; 1.2V    ; --       ;                 ; no       ; On           ; 77ps          ;
; BR52     ; 244        ; 2B_B     ; RESERVED_INPUT_WITH_WEAK_PULLUP                                                                                                       ;               ;              ; 1.2V    ; --       ;                 ; no       ; On           ; 81ps          ;
; BR59     ; 104        ; 2A_T     ; RESERVED_INPUT_WITH_WEAK_PULLUP                                                                                                       ;               ;              ; 1.2V    ; --       ;                 ; no       ; On           ; 64ps          ;
; BR62     ; 106        ; 2A_T     ; RESERVED_INPUT_WITH_WEAK_PULLUP                                                                                                       ;               ;              ; 1.2V    ; --       ;                 ; no       ; On           ; 64ps          ;
; BR69     ; 113        ; 2A_T     ; RESERVED_INPUT_WITH_WEAK_PULLUP                                                                                                       ;               ;              ; 1.2V    ; --       ;                 ; no       ; On           ; 67ps          ;
; BR71     ; 111        ; 2A_T     ; RESERVED_INPUT_WITH_WEAK_PULLUP                                                                                                       ;               ;              ; 1.2V    ; --       ;                 ; no       ; On           ; 67ps          ;
; BR78     ; 153        ; 2A_B     ; RESERVED_INPUT_WITH_WEAK_PULLUP                                                                                                       ;               ;              ; 1.2V    ; --       ;                 ; no       ; On           ; 64ps          ;
; BR81     ; 155        ; 2A_B     ; RESERVED_INPUT_WITH_WEAK_PULLUP                                                                                                       ;               ;              ; 1.2V    ; --       ;                 ; no       ; On           ; 68ps          ;
; BR89     ; 161        ; 2A_B     ; RESERVED_INPUT_WITH_WEAK_PULLUP                                                                                                       ;               ;              ; 1.2V    ; --       ;                 ; no       ; On           ; 79ps          ;
; BR92     ; 159        ; 2A_B     ; RESERVED_INPUT_WITH_WEAK_PULLUP                                                                                                       ;               ;              ; 1.2V    ; --       ;                 ; no       ; On           ; 81ps          ;
; BR99     ; 21         ; SDM      ; SDM_IO12, PWRMGT_SDA, PWRMGT_ALERT                                                                                                    ;               ;              ;         ; --       ;                 ; --       ; --           ; 77ps          ;
; BR102    ; 4          ; SDM      ; ^OSC_CLK_1                                                                                                                            ;               ;              ;         ; --       ;                 ; --       ; --           ; 75ps          ;
; BR109    ; 505        ; 5B       ; RESERVED_INPUT_WITH_WEAK_PULLUP                                                                                                       ;               ;              ; 3.3V    ; --       ;                 ; no       ; On           ; 79ps          ;
; BR112    ; 510        ; 5B       ; RESERVED_INPUT_WITH_WEAK_PULLUP                                                                                                       ;               ;              ; 3.3V    ; --       ;                 ; no       ; On           ; 86ps          ;
; BR118    ; 491        ; 5A       ; RESERVED_INPUT_WITH_WEAK_PULLUP                                                                                                       ;               ;              ; 3.3V    ; --       ;                 ; no       ; On           ; 85ps          ;
; BT1      ;            ;          ; GND                                                                                                                                   ; gnd           ;              ;         ; --       ;                 ; --       ; --           ; --            ;
; BT3      ;            ;          ; GND                                                                                                                                   ; gnd           ;              ;         ; --       ;                 ; --       ; --           ; --            ;
; BT5      ;            ;          ; GND                                                                                                                                   ; gnd           ;              ;         ; --       ;                 ; --       ; --           ; --            ;
; BT7      ; 752        ; 4A       ; GXB_NC                                                                                                                                ;               ;              ;         ; --       ;                 ; --       ; --           ; 95ps          ;
; BT10     ; 753        ; 4A       ; GXB_NC                                                                                                                                ;               ;              ;         ; --       ;                 ; --       ; --           ; 95ps          ;
; BT13     ;            ;          ; GND                                                                                                                                   ; gnd           ;              ;         ; --       ;                 ; --       ; --           ; --            ;
; BT123    ;            ;          ; GND                                                                                                                                   ; gnd           ;              ;         ; --       ;                 ; --       ; --           ; --            ;
; BT126    ; 624        ; 1A       ; GXB_NC                                                                                                                                ;               ;              ;         ; --       ;                 ; --       ; --           ; 96ps          ;
; BT129    ; 623        ; 1A       ; GXB_NC                                                                                                                                ;               ;              ;         ; --       ;                 ; --       ; --           ; 96ps          ;
; BT131    ;            ;          ; GND                                                                                                                                   ; gnd           ;              ;         ; --       ;                 ; --       ; --           ; --            ;
; BT133    ;            ;          ; GND                                                                                                                                   ; gnd           ;              ;         ; --       ;                 ; --       ; --           ; --            ;
; BT135    ;            ;          ; GND                                                                                                                                   ; gnd           ;              ;         ; --       ;                 ; --       ; --           ; --            ;
; BU19     ; 557        ; 6B       ; RESERVED_INPUT_WITH_WEAK_PULLUP                                                                                                       ;               ;              ; 3.3V    ; --       ;                 ; no       ; On           ; 157ps         ;
; BU22     ; 536        ; 6A       ; RESERVED_INPUT_WITH_WEAK_PULLUP                                                                                                       ;               ;              ; 3.3V    ; --       ;                 ; no       ; On           ; 108ps         ;
; BU28     ; 523        ; 6A       ; RESERVED_INPUT_WITH_WEAK_PULLUP                                                                                                       ;               ;              ; 3.3V    ; --       ;                 ; no       ; On           ; 88ps          ;
; BU31     ; 527        ; 6A       ; RESERVED_INPUT_WITH_WEAK_PULLUP                                                                                                       ;               ;              ; 3.3V    ; --       ;                 ; no       ; On           ; 111ps         ;
; BU38     ; 237        ; 2B_B     ; RESERVED_INPUT_WITH_WEAK_PULLUP                                                                                                       ;               ;              ; 1.2V    ; --       ;                 ; no       ; On           ; 79ps          ;
; BU41     ; 239        ; 2B_B     ; RESERVED_INPUT_WITH_WEAK_PULLUP                                                                                                       ;               ;              ; 1.2V    ; --       ;                 ; no       ; On           ; 78ps          ;
; BU49     ; 245        ; 2B_B     ; RESERVED_INPUT_WITH_WEAK_PULLUP                                                                                                       ;               ;              ; 1.2V    ; --       ;                 ; no       ; On           ; 77ps          ;
; BU52     ; 243        ; 2B_B     ; RESERVED_INPUT_WITH_WEAK_PULLUP                                                                                                       ;               ;              ; 1.2V    ; --       ;                 ; no       ; On           ; 80ps          ;
; BU59     ; 105        ; 2A_T     ; RESERVED_INPUT_WITH_WEAK_PULLUP                                                                                                       ;               ;              ; 1.2V    ; --       ;                 ; no       ; On           ; 64ps          ;
; BU62     ; 107        ; 2A_T     ; RESERVED_INPUT_WITH_WEAK_PULLUP                                                                                                       ;               ;              ; 1.2V    ; --       ;                 ; no       ; On           ; 64ps          ;
; BU69     ; 112        ; 2A_T     ; RESERVED_INPUT_WITH_WEAK_PULLUP                                                                                                       ;               ;              ; 1.2V    ; --       ;                 ; no       ; On           ; 67ps          ;
; BU71     ; 110        ; 2A_T     ; RESERVED_INPUT_WITH_WEAK_PULLUP                                                                                                       ;               ;              ; 1.2V    ; --       ;                 ; no       ; On           ; 66ps          ;
; BU78     ; 152        ; 2A_B     ; RESERVED_INPUT_WITH_WEAK_PULLUP                                                                                                       ;               ;              ; 1.2V    ; --       ;                 ; no       ; On           ; 64ps          ;
; BU81     ; 154        ; 2A_B     ; RESERVED_INPUT_WITH_WEAK_PULLUP                                                                                                       ;               ;              ; 1.2V    ; --       ;                 ; no       ; On           ; 67ps          ;
; BU89     ; 160        ; 2A_B     ; RESERVED_INPUT_WITH_WEAK_PULLUP                                                                                                       ;               ;              ; 1.2V    ; --       ;                 ; no       ; On           ; 79ps          ;
; BU92     ; 158        ; 2A_B     ; RESERVED_INPUT_WITH_WEAK_PULLUP                                                                                                       ;               ;              ; 1.2V    ; --       ;                 ; no       ; On           ; 80ps          ;
; BU99     ; 8          ; SDM      ; ^nCONFIG                                                                                                                              ;               ;              ;         ; --       ;                 ; --       ; --           ; 79ps          ;
; BU102    ;            ;          ; GND                                                                                                                                   ; gnd           ;              ;         ; --       ;                 ; --       ; --           ; --            ;
; BU109    ; 503        ; 5B       ; RESERVED_INPUT_WITH_WEAK_PULLUP                                                                                                       ;               ;              ; 3.3V    ; --       ;                 ; no       ; On           ; 83ps          ;
; BU112    ;            ;          ; GND                                                                                                                                   ; gnd           ;              ;         ; --       ;                 ; --       ; --           ; --            ;
; BU118    ; 490        ; 5A       ; RESERVED_INPUT_WITH_WEAK_PULLUP                                                                                                       ;               ;              ; 3.3V    ; --       ;                 ; no       ; On           ; 84ps          ;
; BV1      ; 744        ; 4A       ; GXB_GND*                                                                                                                              ;               ;              ;         ; --       ;                 ; --       ; --           ; 101ps         ;
; BV3      ; 745        ; 4A       ; GXB_GND*                                                                                                                              ;               ;              ;         ; --       ;                 ; --       ; --           ; 101ps         ;
; BV5      ;            ;          ; GND                                                                                                                                   ; gnd           ;              ;         ; --       ;                 ; --       ; --           ; --            ;
; BV7      ;            ;          ; GND                                                                                                                                   ; gnd           ;              ;         ; --       ;                 ; --       ; --           ; --            ;
; BV10     ;            ;          ; GND                                                                                                                                   ; gnd           ;              ;         ; --       ;                 ; --       ; --           ; --            ;
; BV13     ;            ;          ; GND                                                                                                                                   ; gnd           ;              ;         ; --       ;                 ; --       ; --           ; --            ;
; BV123    ;            ;          ; GND                                                                                                                                   ; gnd           ;              ;         ; --       ;                 ; --       ; --           ; --            ;
; BV126    ;            ;          ; GND                                                                                                                                   ; gnd           ;              ;         ; --       ;                 ; --       ; --           ; --            ;
; BV129    ;            ;          ; GND                                                                                                                                   ; gnd           ;              ;         ; --       ;                 ; --       ; --           ; --            ;
; BV131    ;            ;          ; GND                                                                                                                                   ; gnd           ;              ;         ; --       ;                 ; --       ; --           ; --            ;
; BV133    ; 614        ; 1A       ; GXB_GND*                                                                                                                              ;               ;              ;         ; --       ;                 ; --       ; --           ; 96ps          ;
; BV135    ; 613        ; 1A       ; GXB_GND*                                                                                                                              ;               ;              ;         ; --       ;                 ; --       ; --           ; 96ps          ;
; BW19     ; 537        ; 6A       ; RESERVED_INPUT_WITH_WEAK_PULLUP                                                                                                       ;               ;              ; 3.3V    ; --       ;                 ; no       ; On           ; 101ps         ;
; BW22     ;            ;          ; GND                                                                                                                                   ; gnd           ;              ;         ; --       ;                 ; --       ; --           ; --            ;
; BW28     ; 529        ; 6A       ; RESERVED_INPUT_WITH_WEAK_PULLUP                                                                                                       ;               ;              ; 3.3V    ; --       ;                 ; no       ; On           ; 103ps         ;
; BW31     ;            ;          ; GND                                                                                                                                   ; gnd           ;              ;         ; --       ;                 ; --       ; --           ; --            ;
; BW38     ; 235        ; 2B_B     ; RESERVED_INPUT_WITH_WEAK_PULLUP                                                                                                       ;               ;              ; 1.2V    ; --       ;                 ; no       ; On           ; 84ps          ;
; BW41     ;            ;          ; GND                                                                                                                                   ; gnd           ;              ;         ; --       ;                 ; --       ; --           ; --            ;
; BW49     ; 242        ; 2B_B     ; RESERVED_INPUT_WITH_WEAK_PULLUP                                                                                                       ;               ;              ; 1.2V    ; --       ;                 ; no       ; On           ; 82ps          ;
; BW52     ;            ;          ; GND                                                                                                                                   ; gnd           ;              ;         ; --       ;                 ; --       ; --           ; --            ;
; BW59     ; 103        ; 2A_T     ; RESERVED_INPUT_WITH_WEAK_PULLUP                                                                                                       ;               ;              ; 1.2V    ; --       ;                 ; no       ; On           ; 75ps          ;
; BW62     ;            ;          ; GND                                                                                                                                   ; gnd           ;              ;         ; --       ;                 ; --       ; --           ; --            ;
; BW69     ; 109        ; 2A_T     ; RESERVED_INPUT_WITH_WEAK_PULLUP                                                                                                       ;               ;              ; 1.2V    ; --       ;                 ; no       ; On           ; 76ps          ;
; BW71     ;            ;          ; GND                                                                                                                                   ; gnd           ;              ;         ; --       ;                 ; --       ; --           ; --            ;
; BW78     ; 151        ; 2A_B     ; RESERVED_INPUT_WITH_WEAK_PULLUP                                                                                                       ;               ;              ; 1.2V    ; --       ;                 ; no       ; On           ; 75ps          ;
; BW81     ;            ;          ; GND                                                                                                                                   ; gnd           ;              ;         ; --       ;                 ; --       ; --           ; --            ;
; BW89     ; 157        ; 2A_B     ; RESERVED_INPUT_WITH_WEAK_PULLUP                                                                                                       ;               ;              ; 1.2V    ; --       ;                 ; no       ; On           ; 88ps          ;
; BW92     ;            ;          ; GND                                                                                                                                   ; gnd           ;              ;         ; --       ;                 ; --       ; --           ; --            ;
; BW99     ; 13         ; SDM      ; ^nSTATUS                                                                                                                              ;               ;              ;         ; --       ;                 ; --       ; --           ; 87ps          ;
; BW102    ; 16         ; SDM      ; SDM_IO13, AVSTx8_DATA5                                                                                                                ;               ;              ;         ; --       ;                 ; --       ; --           ; 87ps          ;
; BW109    ; 0          ; SDM      ; #TDO                                                                                                                                  ; output        ;              ;         ; --       ;                 ; --       ; --           ; 102ps         ;
; BW112    ; 3          ; SDM      ; #TDI                                                                                                                                  ; input         ;              ;         ; --       ;                 ; --       ; --           ; 118ps         ;
; BW118    ; 493        ; 5A       ; RESERVED_INPUT_WITH_WEAK_PULLUP                                                                                                       ;               ;              ; 3.3V    ; --       ;                 ; no       ; On           ; 89ps          ;
; BY1      ;            ;          ; GND                                                                                                                                   ; gnd           ;              ;         ; --       ;                 ; --       ; --           ; --            ;
; BY3      ;            ;          ; GND                                                                                                                                   ; gnd           ;              ;         ; --       ;                 ; --       ; --           ; --            ;
; BY5      ;            ;          ; GND                                                                                                                                   ; gnd           ;              ;         ; --       ;                 ; --       ; --           ; --            ;
; BY7      ; 750        ; 4A       ; GXB_NC                                                                                                                                ;               ;              ;         ; --       ;                 ; --       ; --           ; 97ps          ;
; BY10     ; 751        ; 4A       ; GXB_NC                                                                                                                                ;               ;              ;         ; --       ;                 ; --       ; --           ; 96ps          ;
; BY13     ;            ;          ; GND                                                                                                                                   ; gnd           ;              ;         ; --       ;                 ; --       ; --           ; --            ;
; BY123    ;            ;          ; GND                                                                                                                                   ; gnd           ;              ;         ; --       ;                 ; --       ; --           ; --            ;
; BY126    ; 622        ; 1A       ; GXB_NC                                                                                                                                ;               ;              ;         ; --       ;                 ; --       ; --           ; 96ps          ;
; BY129    ; 621        ; 1A       ; GXB_NC                                                                                                                                ;               ;              ;         ; --       ;                 ; --       ; --           ; 96ps          ;
; BY131    ;            ;          ; GND                                                                                                                                   ; gnd           ;              ;         ; --       ;                 ; --       ; --           ; --            ;
; BY133    ;            ;          ; GND                                                                                                                                   ; gnd           ;              ;         ; --       ;                 ; --       ; --           ; --            ;
; BY135    ;            ;          ; GND                                                                                                                                   ; gnd           ;              ;         ; --       ;                 ; --       ; --           ; --            ;
; C1       ;            ;          ; GND                                                                                                                                   ; gnd           ;              ;         ; --       ;                 ; --       ; --           ; --            ;
; C2       ; 580        ; 6C       ; RESERVED_INPUT_WITH_WEAK_PULLUP                                                                                                       ;               ;              ; 3.3V    ; --       ;                 ; no       ; On           ; 121ps         ;
; C134     ;            ;          ; GND                                                                                                                                   ; gnd           ;              ;         ; --       ;                 ; --       ; --           ; --            ;
; C135     ;            ;          ; GND                                                                                                                                   ; gnd           ;              ;         ; --       ;                 ; --       ; --           ; --            ;
; CA19     ;            ;          ; GND                                                                                                                                   ; gnd           ;              ;         ; --       ;                 ; --       ; --           ; --            ;
; CA22     ; 191        ; 2B_T     ; RESERVED_INPUT_WITH_WEAK_PULLUP                                                                                                       ;               ;              ; 1.2V    ; --       ;                 ; no       ; On           ; 104ps         ;
; CA28     ;            ;          ; GND                                                                                                                                   ; gnd           ;              ;         ; --       ;                 ; --       ; --           ; --            ;
; CA31     ; 196        ; 2B_T     ; RESERVED_INPUT_WITH_WEAK_PULLUP                                                                                                       ;               ;              ; 1.2V    ; --       ;                 ; no       ; On           ; 87ps          ;
; CA38     ; 236        ; 2B_B     ; RESERVED_INPUT_WITH_WEAK_PULLUP                                                                                                       ;               ;              ; 1.2V    ; --       ;                 ; no       ; On           ; 84ps          ;
; CA41     ; 249        ; 2B_B     ; RESERVED_INPUT_WITH_WEAK_PULLUP                                                                                                       ;               ;              ; 1.2V    ; --       ;                 ; no       ; On           ; 84ps          ;
; CA49     ; 241        ; 2B_B     ; RESERVED_INPUT_WITH_WEAK_PULLUP                                                                                                       ;               ;              ; 1.2V    ; --       ;                 ; no       ; On           ; 82ps          ;
; CA52     ; 255        ; 2B_B     ; RESERVED_INPUT_WITH_WEAK_PULLUP                                                                                                       ;               ;              ; 1.2V    ; --       ;                 ; no       ; On           ; 82ps          ;
; CA59     ; 102        ; 2A_T     ; RESERVED_INPUT_WITH_WEAK_PULLUP                                                                                                       ;               ;              ; 1.2V    ; --       ;                 ; no       ; On           ; 74ps          ;
; CA62     ; 95         ; 2A_T     ; RESERVED_INPUT_WITH_WEAK_PULLUP                                                                                                       ;               ;              ; 1.2V    ; --       ;                 ; no       ; On           ; 86ps          ;
; CA69     ; 108        ; 2A_T     ; RESERVED_INPUT_WITH_WEAK_PULLUP                                                                                                       ;               ;              ; 1.2V    ; --       ;                 ; no       ; On           ; 75ps          ;
; CA71     ; 98         ; 2A_T     ; RESERVED_INPUT_WITH_WEAK_PULLUP                                                                                                       ;               ;              ; 1.2V    ; --       ;                 ; no       ; On           ; 89ps          ;
; CA78     ; 150        ; 2A_B     ; RESERVED_INPUT_WITH_WEAK_PULLUP                                                                                                       ;               ;              ; 1.2V    ; --       ;                 ; no       ; On           ; 74ps          ;
; CA81     ; 165        ; 2A_B     ; RESERVED_INPUT_WITH_WEAK_PULLUP                                                                                                       ;               ;              ; 1.2V    ; --       ;                 ; no       ; On           ; 85ps          ;
; CA89     ; 156        ; 2A_B     ; RESERVED_INPUT_WITH_WEAK_PULLUP                                                                                                       ;               ;              ; 1.2V    ; --       ;                 ; no       ; On           ; 87ps          ;
; CA92     ; 172        ; 2A_B     ; RESERVED_INPUT_WITH_WEAK_PULLUP                                                                                                       ;               ;              ; 1.2V    ; --       ;                 ; no       ; On           ; 99ps          ;
; CA99     ; 15         ; SDM      ; SDM_IO0, PWRMGT_SCL, PWRMGT_ALERT                                                                                                     ;               ;              ;         ; --       ;                 ; --       ; --           ; 89ps          ;
; CA102    ; 22         ; SDM      ; ~ALTERA_AS_nRST~                                                                                                                      ; output        ; 1.8-V        ;         ; --       ; N               ; no       ; Off          ; 91ps          ;
; CA109    ; 2          ; SDM      ; #TCK                                                                                                                                  ; input         ;              ;         ; --       ;                 ; --       ; --           ; 105ps         ;
; CA112    ; 1          ; SDM      ; #TMS                                                                                                                                  ; input         ;              ;         ; --       ;                 ; --       ; --           ; 108ps         ;
; CA118    ; 492        ; 5A       ; RESERVED_INPUT_WITH_WEAK_PULLUP                                                                                                       ;               ;              ; 3.3V    ; --       ;                 ; no       ; On           ; 93ps          ;
; CB1      ; 742        ; 4A       ; GXB_GND*                                                                                                                              ;               ;              ;         ; --       ;                 ; --       ; --           ; 104ps         ;
; CB3      ; 743        ; 4A       ; GXB_GND*                                                                                                                              ;               ;              ;         ; --       ;                 ; --       ; --           ; 104ps         ;
; CB5      ;            ;          ; GND                                                                                                                                   ; gnd           ;              ;         ; --       ;                 ; --       ; --           ; --            ;
; CB7      ;            ;          ; GND                                                                                                                                   ; gnd           ;              ;         ; --       ;                 ; --       ; --           ; --            ;
; CB10     ;            ;          ; GND                                                                                                                                   ; gnd           ;              ;         ; --       ;                 ; --       ; --           ; --            ;
; CB13     ;            ;          ; GND                                                                                                                                   ; gnd           ;              ;         ; --       ;                 ; --       ; --           ; --            ;
; CB123    ;            ;          ; GND                                                                                                                                   ; gnd           ;              ;         ; --       ;                 ; --       ; --           ; --            ;
; CB126    ;            ;          ; GND                                                                                                                                   ; gnd           ;              ;         ; --       ;                 ; --       ; --           ; --            ;
; CB129    ;            ;          ; GND                                                                                                                                   ; gnd           ;              ;         ; --       ;                 ; --       ; --           ; --            ;
; CB131    ;            ;          ; GND                                                                                                                                   ; gnd           ;              ;         ; --       ;                 ; --       ; --           ; --            ;
; CC19     ; 187        ; 2B_T     ; RESERVED_INPUT_WITH_WEAK_PULLUP                                                                                                       ;               ;              ; 1.2V    ; --       ;                 ; no       ; On           ; 106ps         ;
; CC22     ; 192        ; 2B_T     ; RESERVED_INPUT_WITH_WEAK_PULLUP                                                                                                       ;               ;              ; 1.2V    ; --       ;                 ; no       ; On           ; 104ps         ;
; CC28     ; 193        ; 2B_T     ; RESERVED_INPUT_WITH_WEAK_PULLUP                                                                                                       ;               ;              ; 1.2V    ; --       ;                 ; no       ; On           ; 99ps          ;
; CC31     ; 195        ; 2B_T     ; RESERVED_INPUT_WITH_WEAK_PULLUP                                                                                                       ;               ;              ; 1.2V    ; --       ;                 ; no       ; On           ; 86ps          ;
; CC38     ;            ;          ; GND                                                                                                                                   ; gnd           ;              ;         ; --       ;                 ; --       ; --           ; --            ;
; CC41     ; 250        ; 2B_B     ; RESERVED_INPUT_WITH_WEAK_PULLUP                                                                                                       ;               ;              ; 1.2V    ; --       ;                 ; no       ; On           ; 84ps          ;
; CC49     ;            ;          ; GND                                                                                                                                   ; gnd           ;              ;         ; --       ;                 ; --       ; --           ; --            ;
; CC52     ; 256        ; 2B_B     ; RESERVED_INPUT_WITH_WEAK_PULLUP                                                                                                       ;               ;              ; 1.2V    ; --       ;                 ; no       ; On           ; 82ps          ;
; CC59     ;            ;          ; GND                                                                                                                                   ; gnd           ;              ;         ; --       ;                 ; --       ; --           ; --            ;
; CC62     ; 94         ; 2A_T     ; RESERVED_INPUT_WITH_WEAK_PULLUP                                                                                                       ;               ;              ; 1.2V    ; --       ;                 ; no       ; On           ; 85ps          ;
; CC69     ;            ;          ; GND                                                                                                                                   ; gnd           ;              ;         ; --       ;                 ; --       ; --           ; --            ;
; CC71     ; 99         ; 2A_T     ; RESERVED_INPUT_WITH_WEAK_PULLUP                                                                                                       ;               ;              ; 1.2V    ; --       ;                 ; no       ; On           ; 89ps          ;
; CC78     ;            ;          ; GND                                                                                                                                   ; gnd           ;              ;         ; --       ;                 ; --       ; --           ; --            ;
; CC81     ; 164        ; 2A_B     ; RESERVED_INPUT_WITH_WEAK_PULLUP                                                                                                       ;               ;              ; 1.2V    ; --       ;                 ; no       ; On           ; 85ps          ;
; CC89     ;            ;          ; GND                                                                                                                                   ; gnd           ;              ;         ; --       ;                 ; --       ; --           ; --            ;
; CC92     ; 173        ; 2A_B     ; RESERVED_INPUT_WITH_WEAK_PULLUP                                                                                                       ;               ;              ; 1.2V    ; --       ;                 ; no       ; On           ; 99ps          ;
; CC99     ;            ;          ; GND                                                                                                                                   ; gnd           ;              ;         ; --       ;                 ; --       ; --           ; --            ;
; CC102    ; 20         ; SDM      ; ~ALTERA_AS_nCSO3~                                                                                                                     ; output        ; 1.8-V        ;         ; --       ; N               ; no       ; Off          ; 97ps          ;
; CC109    ;            ;          ; GND                                                                                                                                   ; gnd           ;              ;         ; --       ;                 ; --       ; --           ; --            ;
; CC112    ;            ;          ; GND                                                                                                                                   ; gnd           ;              ;         ; --       ;                 ; --       ; --           ; --            ;
; CC118    ;            ;          ; GND                                                                                                                                   ; gnd           ;              ;         ; --       ;                 ; --       ; --           ; --            ;
; CD134    ; 478        ; 5A       ; RESERVED_INPUT_WITH_WEAK_PULLUP                                                                                                       ;               ;              ; 3.3V    ; --       ;                 ; no       ; On           ; 128ps         ;
; CD135    ; 479        ; 5A       ; RESERVED_INPUT_WITH_WEAK_PULLUP                                                                                                       ;               ;              ; 3.3V    ; --       ;                 ; no       ; On           ; 134ps         ;
; CE1      ;            ;          ; GND                                                                                                                                   ; gnd           ;              ;         ; --       ;                 ; --       ; --           ; --            ;
; CE3      ;            ;          ; GND                                                                                                                                   ; gnd           ;              ;         ; --       ;                 ; --       ; --           ; --            ;
; CE5      ;            ;          ; GND                                                                                                                                   ; gnd           ;              ;         ; --       ;                 ; --       ; --           ; --            ;
; CF9      ; 542        ; 6A       ; RESERVED_INPUT_WITH_WEAK_PULLUP                                                                                                       ;               ;              ; 3.3V    ; --       ;                 ; no       ; On           ; 120ps         ;
; CF12     ; 540        ; 6A       ; RESERVED_INPUT_WITH_WEAK_PULLUP                                                                                                       ;               ;              ; 3.3V    ; --       ;                 ; no       ; On           ; 119ps         ;
; CF19     ; 188        ; 2B_T     ; RESERVED_INPUT_WITH_WEAK_PULLUP                                                                                                       ;               ;              ; 1.2V    ; --       ;                 ; no       ; On           ; 107ps         ;
; CF22     ; 190        ; 2B_T     ; RESERVED_INPUT_WITH_WEAK_PULLUP                                                                                                       ;               ;              ; 1.2V    ; --       ;                 ; no       ; On           ; 113ps         ;
; CF28     ; 194        ; 2B_T     ; RESERVED_INPUT_WITH_WEAK_PULLUP                                                                                                       ;               ;              ; 1.2V    ; --       ;                 ; no       ; On           ; 100ps         ;
; CF31     ; 197        ; 2B_T     ; RESERVED_INPUT_WITH_WEAK_PULLUP                                                                                                       ;               ;              ; 1.2V    ; --       ;                 ; no       ; On           ; 98ps          ;
; CF38     ; 247        ; 2B_B     ; RESERVED_INPUT_WITH_WEAK_PULLUP                                                                                                       ;               ;              ; 1.2V    ; --       ;                 ; no       ; On           ; 95ps          ;
; CF41     ; 251        ; 2B_B     ; RESERVED_INPUT_WITH_WEAK_PULLUP                                                                                                       ;               ;              ; 1.2V    ; --       ;                 ; no       ; On           ; 95ps          ;
; CF49     ; 254        ; 2B_B     ; RESERVED_INPUT_WITH_WEAK_PULLUP                                                                                                       ;               ;              ; 1.2V    ; --       ;                 ; no       ; On           ; 93ps          ;
; CF52     ; 258        ; 2B_B     ; RESERVED_INPUT_WITH_WEAK_PULLUP                                                                                                       ;               ;              ; 1.2V    ; --       ;                 ; no       ; On           ; 93ps          ;
; CF59     ; 91         ; 2A_T     ; RESERVED_INPUT_WITH_WEAK_PULLUP                                                                                                       ;               ;              ; 1.2V    ; --       ;                 ; no       ; On           ; 93ps          ;
; CF62     ; 93         ; 2A_T     ; RESERVED_INPUT_WITH_WEAK_PULLUP                                                                                                       ;               ;              ; 1.2V    ; --       ;                 ; no       ; On           ; 93ps          ;
; CF69     ; 96         ; 2A_T     ; RESERVED_INPUT_WITH_WEAK_PULLUP                                                                                                       ;               ;              ; 1.2V    ; --       ;                 ; no       ; On           ; 97ps          ;
; CF71     ; 101        ; 2A_T     ; RESERVED_INPUT_WITH_WEAK_PULLUP                                                                                                       ;               ;              ; 1.2V    ; --       ;                 ; no       ; On           ; 97ps          ;
; CF78     ; 162        ; 2A_B     ; RESERVED_INPUT_WITH_WEAK_PULLUP                                                                                                       ;               ;              ; 1.2V    ; --       ;                 ; no       ; On           ; 98ps          ;
; CF81     ; 167        ; 2A_B     ; RESERVED_INPUT_WITH_WEAK_PULLUP                                                                                                       ;               ;              ; 1.2V    ; --       ;                 ; no       ; On           ; 96ps          ;
; CF89     ; 168        ; 2A_B     ; RESERVED_INPUT_WITH_WEAK_PULLUP                                                                                                       ;               ;              ; 1.2V    ; --       ;                 ; no       ; On           ; 110ps         ;
; CF92     ; 171        ; 2A_B     ; RESERVED_INPUT_WITH_WEAK_PULLUP                                                                                                       ;               ;              ; 1.2V    ; --       ;                 ; no       ; On           ; 109ps         ;
; CF99     ; 12         ; SDM      ; SDM_IO11, AVSTx8_VALID, PWRMGT_SDA                                                                                                    ;               ;              ;         ; --       ;                 ; --       ; --           ; 100ps         ;
; CF102    ; 18         ; SDM      ; ~ALTERA_AS_DATA3~                                                                                                                     ; bidir         ; 1.8-V        ;         ; --       ; N               ; no       ; Off          ; 100ps         ;
; CF109    ; 23         ; SDM      ; SDM_IO14, AVSTx8_CLK, PWRMGT_SCL                                                                                                      ;               ;              ;         ; --       ;                 ; --       ; --           ; 118ps         ;
; CF112    ; 6          ; SDM      ; ~ALTERA_AS_nCSO0,ALTERA_MSEL0~                                                                                                        ; output, input ; 1.8-V        ;         ; --       ; N               ; no       ; Off          ; 132ps         ;
; CF118    ; 489        ; 5A       ; RESERVED_INPUT_WITH_WEAK_PULLUP                                                                                                       ;               ;              ; 3.3V    ; --       ;                 ; no       ; On           ; 105ps         ;
; CF121    ; 488        ; 5A       ; RESERVED_INPUT_WITH_WEAK_PULLUP                                                                                                       ;               ;              ; 3.3V    ; --       ;                 ; no       ; On           ; 111ps         ;
; CF128    ; 484        ; 5A       ; RESERVED_INPUT_WITH_WEAK_PULLUP                                                                                                       ;               ;              ; 3.3V    ; --       ;                 ; no       ; On           ; 117ps         ;
; CF132    ; 483        ; 5A       ; RESERVED_INPUT_WITH_WEAK_PULLUP                                                                                                       ;               ;              ; 3.3V    ; --       ;                 ; no       ; On           ; 126ps         ;
; CG134    ; 480        ; 5A       ; RESERVED_INPUT_WITH_WEAK_PULLUP                                                                                                       ;               ;              ; 3.3V    ; --       ;                 ; no       ; On           ; 131ps         ;
; CG135    ; 481        ; 5A       ; RESERVED_INPUT_WITH_WEAK_PULLUP                                                                                                       ;               ;              ; 3.3V    ; --       ;                 ; no       ; On           ; 131ps         ;
; CH4      ; 562        ; 6B       ; RESERVED_INPUT_WITH_WEAK_PULLUP                                                                                                       ;               ;              ; 3.3V    ; --       ;                 ; no       ; On           ; 120ps         ;
; CH9      ;            ;          ; GND                                                                                                                                   ; gnd           ;              ;         ; --       ;                 ; --       ; --           ; --            ;
; CH12     ; 535        ; 6A       ; RESERVED_INPUT_WITH_WEAK_PULLUP                                                                                                       ;               ;              ; 3.3V    ; --       ;                 ; no       ; On           ; 118ps         ;
; CH19     ;            ;          ; GND                                                                                                                                   ; gnd           ;              ;         ; --       ;                 ; --       ; --           ; --            ;
; CH22     ; 189        ; 2B_T     ; RESERVED_INPUT_WITH_WEAK_PULLUP                                                                                                       ;               ;              ; 1.2V    ; --       ;                 ; no       ; On           ; 113ps         ;
; CH28     ;            ;          ; GND                                                                                                                                   ; gnd           ;              ;         ; --       ;                 ; --       ; --           ; --            ;
; CH31     ; 198        ; 2B_T     ; RESERVED_INPUT_WITH_WEAK_PULLUP                                                                                                       ;               ;              ; 1.2V    ; --       ;                 ; no       ; On           ; 99ps          ;
; CH38     ; 248        ; 2B_B     ; RESERVED_INPUT_WITH_WEAK_PULLUP                                                                                                       ;               ;              ; 1.2V    ; --       ;                 ; no       ; On           ; 96ps          ;
; CH41     ; 252        ; 2B_B     ; RESERVED_INPUT_WITH_WEAK_PULLUP                                                                                                       ;               ;              ; 1.2V    ; --       ;                 ; no       ; On           ; 96ps          ;
; CH49     ; 253        ; 2B_B     ; RESERVED_INPUT_WITH_WEAK_PULLUP                                                                                                       ;               ;              ; 1.2V    ; --       ;                 ; no       ; On           ; 92ps          ;
; CH52     ; 257        ; 2B_B     ; RESERVED_INPUT_WITH_WEAK_PULLUP                                                                                                       ;               ;              ; 1.2V    ; --       ;                 ; no       ; On           ; 92ps          ;
; CH59     ; 90         ; 2A_T     ; RESERVED_INPUT_WITH_WEAK_PULLUP                                                                                                       ;               ;              ; 1.2V    ; --       ;                 ; no       ; On           ; 93ps          ;
; CH62     ; 92         ; 2A_T     ; RESERVED_INPUT_WITH_WEAK_PULLUP                                                                                                       ;               ;              ; 1.2V    ; --       ;                 ; no       ; On           ; 93ps          ;
; CH69     ; 97         ; 2A_T     ; RESERVED_INPUT_WITH_WEAK_PULLUP                                                                                                       ;               ;              ; 1.2V    ; --       ;                 ; no       ; On           ; 98ps          ;
; CH71     ; 100        ; 2A_T     ; RESERVED_INPUT_WITH_WEAK_PULLUP                                                                                                       ;               ;              ; 1.2V    ; --       ;                 ; no       ; On           ; 97ps          ;
; CH78     ; 163        ; 2A_B     ; RESERVED_INPUT_WITH_WEAK_PULLUP                                                                                                       ;               ;              ; 1.2V    ; --       ;                 ; no       ; On           ; 98ps          ;
; CH81     ; 166        ; 2A_B     ; RESERVED_INPUT_WITH_WEAK_PULLUP                                                                                                       ;               ;              ; 1.2V    ; --       ;                 ; no       ; On           ; 96ps          ;
; CH89     ; 169        ; 2A_B     ; RESERVED_INPUT_WITH_WEAK_PULLUP                                                                                                       ;               ;              ; 1.2V    ; --       ;                 ; no       ; On           ; 110ps         ;
; CH92     ; 170        ; 2A_B     ; RESERVED_INPUT_WITH_WEAK_PULLUP                                                                                                       ;               ;              ; 1.2V    ; --       ;                 ; no       ; On           ; 108ps         ;
; CH99     ; 7          ; SDM      ; ~ALTERA_AS_DATA2~                                                                                                                     ; bidir         ; 1.8-V        ;         ; --       ; N               ; no       ; Off          ; 104ps         ;
; CH102    ;            ;          ; GND                                                                                                                                   ; gnd           ;              ;         ; --       ;                 ; --       ; --           ; --            ;
; CH109    ; 19         ; SDM      ; SDM_IO10, AVSTx8_DATA7                                                                                                                ;               ;              ;         ; --       ;                 ; --       ; --           ; 124ps         ;
; CH112    ;            ;          ; GND                                                                                                                                   ; gnd           ;              ;         ; --       ;                 ; --       ; --           ; --            ;
; CH118    ;            ;          ; GND                                                                                                                                   ; gnd           ;              ;         ; --       ;                 ; --       ; --           ; --            ;
; CH121    ;            ;          ; GND                                                                                                                                   ; gnd           ;              ;         ; --       ;                 ; --       ; --           ; --            ;
; CH128    ; 486        ; 5A       ; RESERVED_INPUT_WITH_WEAK_PULLUP                                                                                                       ;               ;              ; 3.3V    ; --       ;                 ; no       ; On           ; 116ps         ;
; CH132    ; 482        ; 5A       ; RESERVED_INPUT_WITH_WEAK_PULLUP                                                                                                       ;               ;              ; 3.3V    ; --       ;                 ; no       ; On           ; 125ps         ;
; CJ1      ;            ;          ; GND                                                                                                                                   ; gnd           ;              ;         ; --       ;                 ; --       ; --           ; --            ;
; CJ2      ; 560        ; 6B       ; RESERVED_INPUT_WITH_WEAK_PULLUP                                                                                                       ;               ;              ; 3.3V    ; --       ;                 ; no       ; On           ; 125ps         ;
; CJ134    ;            ;          ; GND                                                                                                                                   ; gnd           ;              ;         ; --       ;                 ; --       ; --           ; --            ;
; CJ135    ;            ;          ; GND                                                                                                                                   ; gnd           ;              ;         ; --       ;                 ; --       ; --           ; --            ;
; CK1      ;            ;          ; GND                                                                                                                                   ; gnd           ;              ;         ; --       ;                 ; --       ; --           ; --            ;
; CK2      ; 559        ; 6B       ; RESERVED_INPUT_WITH_WEAK_PULLUP                                                                                                       ;               ;              ; 3.3V    ; --       ;                 ; no       ; On           ; 124ps         ;
; CK4      ; 561        ; 6B       ; RESERVED_INPUT_WITH_WEAK_PULLUP                                                                                                       ;               ;              ; 3.3V    ; --       ;                 ; no       ; On           ; 127ps         ;
; CK6      ;            ;          ; GND                                                                                                                                   ; gnd           ;              ;         ; --       ;                 ; --       ; --           ; --            ;
; CK8      ; 200        ; 2B_T     ; RESERVED_INPUT_WITH_WEAK_PULLUP                                                                                                       ;               ;              ; 1.2V    ; --       ;                 ; no       ; On           ; 144ps         ;
; CK11     ; 202        ; 2B_T     ; RESERVED_INPUT_WITH_WEAK_PULLUP                                                                                                       ;               ;              ; 1.2V    ; --       ;                 ; no       ; On           ; 139ps         ;
; CK14     ;            ;          ; GND                                                                                                                                   ; gnd           ;              ;         ; --       ;                 ; --       ; --           ; --            ;
; CK17     ; 206        ; 2B_T     ; RESERVED_INPUT_WITH_WEAK_PULLUP                                                                                                       ;               ;              ; 1.2V    ; --       ;                 ; no       ; On           ; 130ps         ;
; CK20     ; 207        ; 2B_T     ; RESERVED_INPUT_WITH_WEAK_PULLUP                                                                                                       ;               ;              ; 1.2V    ; --       ;                 ; no       ; On           ; 124ps         ;
; CK23     ;            ;          ; GND                                                                                                                                   ; gnd           ;              ;         ; --       ;                 ; --       ; --           ; --            ;
; CK26     ; 209        ; 2B_T     ; RESERVED_INPUT_WITH_WEAK_PULLUP                                                                                                       ;               ;              ; 1.2V    ; --       ;                 ; no       ; On           ; 123ps         ;
; CK30     ; 260        ; 2B_B     ; RESERVED_INPUT_WITH_WEAK_PULLUP                                                                                                       ;               ;              ; 1.2V    ; --       ;                 ; no       ; On           ; 123ps         ;
; CK33     ; 262        ; 2B_B     ; RESERVED_INPUT_WITH_WEAK_PULLUP                                                                                                       ;               ;              ; 1.2V    ; --       ;                 ; no       ; On           ; 118ps         ;
; CK35     ; 264        ; 2B_B     ; RESERVED_INPUT_WITH_WEAK_PULLUP                                                                                                       ;               ;              ; 1.2V    ; --       ;                 ; no       ; On           ; 111ps         ;
; CK39     ; 266        ; 2B_B     ; RESERVED_INPUT_WITH_WEAK_PULLUP                                                                                                       ;               ;              ; 1.2V    ; --       ;                 ; no       ; On           ; 115ps         ;
; CK42     ;            ;          ; GND                                                                                                                                   ; gnd           ;              ;         ; --       ;                 ; --       ; --           ; --            ;
; CK45     ; 269        ; 2B_B     ; RESERVED_INPUT_WITH_WEAK_PULLUP                                                                                                       ;               ;              ; 1.2V    ; --       ;                 ; no       ; On           ; 114ps         ;
; CK48     ; 268        ; 2B_B     ; RESERVED_INPUT_WITH_WEAK_PULLUP                                                                                                       ;               ;              ; 1.2V    ; --       ;                 ; no       ; On           ; 108ps         ;
; CK51     ;            ;          ; GND                                                                                                                                   ; gnd           ;              ;         ; --       ;                 ; --       ; --           ; --            ;
; CK54     ; 271        ; 2B_B     ; RESERVED_INPUT_WITH_WEAK_PULLUP                                                                                                       ;               ;              ; 1.2V    ; --       ;                 ; no       ; On           ; 102ps         ;
; CK56     ; 274        ; 2B_B     ; RESERVED_INPUT_WITH_WEAK_PULLUP                                                                                                       ;               ;              ; 1.2V    ; --       ;                 ; no       ; On           ; 106ps         ;
; CK60     ;            ;          ; GND                                                                                                                                   ; gnd           ;              ;         ; --       ;                 ; --       ; --           ; --            ;
; CK63     ; 278        ; 2B_B     ; RESERVED_INPUT_WITH_WEAK_PULLUP                                                                                                       ;               ;              ; 1.2V    ; --       ;                 ; no       ; On           ; 107ps         ;
; CK66     ; 282        ; 2B_B     ; RESERVED_INPUT_WITH_WEAK_PULLUP                                                                                                       ;               ;              ; 1.2V    ; --       ;                 ; no       ; On           ; 111ps         ;
; CK70     ;            ;          ; GND                                                                                                                                   ; gnd           ;              ;         ; --       ;                 ; --       ; --           ; --            ;
; CK73     ; 280        ; 2B_B     ; RESERVED_INPUT_WITH_WEAK_PULLUP                                                                                                       ;               ;              ; 1.2V    ; --       ;                 ; no       ; On           ; 104ps         ;
; CK76     ; 175        ; 2A_B     ; RESERVED_INPUT_WITH_WEAK_PULLUP                                                                                                       ;               ;              ; 1.2V    ; --       ;                 ; no       ; On           ; 113ps         ;
; CK80     ; 177        ; 2A_B     ; RESERVED_INPUT_WITH_WEAK_PULLUP                                                                                                       ;               ;              ; 1.2V    ; --       ;                 ; no       ; On           ; 107ps         ;
; CK82     ;            ;          ; GND                                                                                                                                   ; gnd           ;              ;         ; --       ;                 ; --       ; --           ; --            ;
; CK85     ; 179        ; 2A_B     ; RESERVED_INPUT_WITH_WEAK_PULLUP                                                                                                       ;               ;              ; 1.2V    ; --       ;                 ; no       ; On           ; 104ps         ;
; CK88     ; 180        ; 2A_B     ; RESERVED_INPUT_WITH_WEAK_PULLUP                                                                                                       ;               ;              ; 1.2V    ; --       ;                 ; no       ; On           ; 124ps         ;
; CK91     ;            ;          ; GND                                                                                                                                   ; gnd           ;              ;         ; --       ;                 ; --       ; --           ; --            ;
; CK94     ; 184        ; 2A_B     ; RESERVED_INPUT_WITH_WEAK_PULLUP                                                                                                       ;               ;              ; 1.2V    ; --       ;                 ; no       ; On           ; 121ps         ;
; CK97     ; 183        ; 2A_B     ; RESERVED_INPUT_WITH_WEAK_PULLUP                                                                                                       ;               ;              ; 1.2V    ; --       ;                 ; no       ; On           ; 117ps         ;
; CK101    ;            ;          ; DNU                                                                                                                                   ;               ;              ;         ; --       ;                 ; --       ; --           ; --            ;
; CK103    ;            ;          ; DNU                                                                                                                                   ;               ;              ;         ; --       ;                 ; --       ; --           ; --            ;
; CK106    ;            ;          ; GND                                                                                                                                   ; gnd           ;              ;         ; --       ;                 ; --       ; --           ; --            ;
; CK110    ;            ;          ; GND                                                                                                                                   ; gnd           ;              ;         ; --       ;                 ; --       ; --           ; --            ;
; CK113    ; 38         ; SDM      ; ^VSIGP_1                                                                                                                              ;               ;              ;         ; --       ;                 ; --       ; --           ; 118ps         ;
; CK116    ; 35         ; SDM      ; ^VREFN_ADC                                                                                                                            ;               ;              ;         ; --       ;                 ; --       ; --           ; 130ps         ;
; CK119    ; 36         ; SDM      ; ^VSIGP_0                                                                                                                              ;               ;              ;         ; --       ;                 ; --       ; --           ; 129ps         ;
; CK122    ;            ;          ; GND                                                                                                                                   ; gnd           ;              ;         ; --       ;                 ; --       ; --           ; --            ;
; CK125    ; 496        ; 5A       ; RESERVED_INPUT_WITH_WEAK_PULLUP                                                                                                       ;               ;              ; 3.3V    ; --       ;                 ; no       ; On           ; 121ps         ;
; CK128    ; 497        ; 5A       ; RESERVED_INPUT_WITH_WEAK_PULLUP                                                                                                       ;               ;              ; 3.3V    ; --       ;                 ; no       ; On           ; 119ps         ;
; CK130    ;            ;          ; GND                                                                                                                                   ; gnd           ;              ;         ; --       ;                 ; --       ; --           ; --            ;
; CK132    ;            ;          ; GND                                                                                                                                   ; gnd           ;              ;         ; --       ;                 ; --       ; --           ; --            ;
; CK134    ; 485        ; 5A       ; RESERVED_INPUT_WITH_WEAK_PULLUP                                                                                                       ;               ;              ; 3.3V    ; --       ;                 ; no       ; On           ; 128ps         ;
; CK135    ;            ;          ; GND                                                                                                                                   ; gnd           ;              ;         ; --       ;                 ; --       ; --           ; --            ;
; CL2      ;            ;          ; GND                                                                                                                                   ; gnd           ;              ;         ; --       ;                 ; --       ; --           ; --            ;
; CL4      ;            ;          ; GND                                                                                                                                   ; gnd           ;              ;         ; --       ;                 ; --       ; --           ; --            ;
; CL6      ; 199        ; 2B_T     ; RESERVED_INPUT_WITH_WEAK_PULLUP                                                                                                       ;               ;              ; 1.2V    ; --       ;                 ; no       ; On           ; 143ps         ;
; CL8      ; 201        ; 2B_T     ; RESERVED_INPUT_WITH_WEAK_PULLUP                                                                                                       ;               ;              ; 1.2V    ; --       ;                 ; no       ; On           ; 139ps         ;
; CL11     ; 203        ; 2B_T     ; RESERVED_INPUT_WITH_WEAK_PULLUP                                                                                                       ;               ;              ; 1.2V    ; --       ;                 ; no       ; On           ; 135ps         ;
; CL14     ; 204        ; 2B_T     ; RESERVED_INPUT_WITH_WEAK_PULLUP                                                                                                       ;               ;              ; 1.2V    ; --       ;                 ; no       ; On           ; 135ps         ;
; CL17     ; 205        ; 2B_T     ; RESERVED_INPUT_WITH_WEAK_PULLUP                                                                                                       ;               ;              ; 1.2V    ; --       ;                 ; no       ; On           ; 130ps         ;
; CL20     ; 208        ; 2B_T     ; RESERVED_INPUT_WITH_WEAK_PULLUP                                                                                                       ;               ;              ; 1.2V    ; --       ;                 ; no       ; On           ; 126ps         ;
; CL23     ; 210        ; 2B_T     ; RESERVED_INPUT_WITH_WEAK_PULLUP                                                                                                       ;               ;              ; 1.2V    ; --       ;                 ; no       ; On           ; 125ps         ;
; CL26     ; 259        ; 2B_B     ; RESERVED_INPUT_WITH_WEAK_PULLUP                                                                                                       ;               ;              ; 1.2V    ; --       ;                 ; no       ; On           ; 124ps         ;
; CL30     ; 261        ; 2B_B     ; RESERVED_INPUT_WITH_WEAK_PULLUP                                                                                                       ;               ;              ; 1.2V    ; --       ;                 ; no       ; On           ; 119ps         ;
; CL33     ;            ;          ; GND                                                                                                                                   ; gnd           ;              ;         ; --       ;                 ; --       ; --           ; --            ;
; CL35     ; 263        ; 2B_B     ; RESERVED_INPUT_WITH_WEAK_PULLUP                                                                                                       ;               ;              ; 1.2V    ; --       ;                 ; no       ; On           ; 111ps         ;
; CL39     ; 265        ; 2B_B     ; RESERVED_INPUT_WITH_WEAK_PULLUP                                                                                                       ;               ;              ; 1.2V    ; --       ;                 ; no       ; On           ; 116ps         ;
; CL42     ; 270        ; 2B_B     ; RESERVED_INPUT_WITH_WEAK_PULLUP                                                                                                       ;               ;              ; 1.2V    ; --       ;                 ; no       ; On           ; 115ps         ;
; CL45     ; 267        ; 2B_B     ; RESERVED_INPUT_WITH_WEAK_PULLUP                                                                                                       ;               ;              ; 1.2V    ; --       ;                 ; no       ; On           ; 108ps         ;
; CL48     ;            ;          ; GND                                                                                                                                   ; gnd           ;              ;         ; --       ;                 ; --       ; --           ; --            ;
; CL51     ; 272        ; 2B_B     ; RESERVED_INPUT_WITH_WEAK_PULLUP                                                                                                       ;               ;              ; 1.2V    ; --       ;                 ; no       ; On           ; 102ps         ;
; CL54     ; 273        ; 2B_B     ; RESERVED_INPUT_WITH_WEAK_PULLUP                                                                                                       ;               ;              ; 1.2V    ; --       ;                 ; no       ; On           ; 107ps         ;
; CL56     ; 276        ; 2B_B     ; RESERVED_INPUT_WITH_WEAK_PULLUP                                                                                                       ;               ;              ; 1.2V    ; --       ;                 ; no       ; On           ; 113ps         ;
; CL60     ; 275        ; 2B_B     ; RESERVED_INPUT_WITH_WEAK_PULLUP                                                                                                       ;               ;              ; 1.2V    ; --       ;                 ; no       ; On           ; 111ps         ;
; CL63     ;            ;          ; GND                                                                                                                                   ; gnd           ;              ;         ; --       ;                 ; --       ; --           ; --            ;
; CL66     ; 277        ; 2B_B     ; RESERVED_INPUT_WITH_WEAK_PULLUP                                                                                                       ;               ;              ; 1.2V    ; --       ;                 ; no       ; On           ; 107ps         ;
; CL70     ; 281        ; 2B_B     ; RESERVED_INPUT_WITH_WEAK_PULLUP                                                                                                       ;               ;              ; 1.2V    ; --       ;                 ; no       ; On           ; 112ps         ;
; CL73     ; 279        ; 2B_B     ; RESERVED_INPUT_WITH_WEAK_PULLUP                                                                                                       ;               ;              ; 1.2V    ; --       ;                 ; no       ; On           ; 104ps         ;
; CL76     ; 174        ; 2A_B     ; RESERVED_INPUT_WITH_WEAK_PULLUP                                                                                                       ;               ;              ; 1.2V    ; --       ;                 ; no       ; On           ; 113ps         ;
; CL80     ;            ;          ; GND                                                                                                                                   ; gnd           ;              ;         ; --       ;                 ; --       ; --           ; --            ;
; CL82     ; 176        ; 2A_B     ; RESERVED_INPUT_WITH_WEAK_PULLUP                                                                                                       ;               ;              ; 1.2V    ; --       ;                 ; no       ; On           ; 107ps         ;
; CL85     ; 178        ; 2A_B     ; RESERVED_INPUT_WITH_WEAK_PULLUP                                                                                                       ;               ;              ; 1.2V    ; --       ;                 ; no       ; On           ; 104ps         ;
; CL88     ; 181        ; 2A_B     ; RESERVED_INPUT_WITH_WEAK_PULLUP                                                                                                       ;               ;              ; 1.2V    ; --       ;                 ; no       ; On           ; 126ps         ;
; CL91     ; 185        ; 2A_B     ; RESERVED_INPUT_WITH_WEAK_PULLUP                                                                                                       ;               ;              ; 1.2V    ; --       ;                 ; no       ; On           ; 123ps         ;
; CL94     ;            ;          ; GND                                                                                                                                   ; gnd           ;              ;         ; --       ;                 ; --       ; --           ; --            ;
; CL97     ; 182        ; 2A_B     ; RESERVED_INPUT_WITH_WEAK_PULLUP                                                                                                       ;               ;              ; 1.2V    ; --       ;                 ; no       ; On           ; 117ps         ;
; CL101    ;            ;          ; DNU                                                                                                                                   ;               ;              ;         ; --       ;                 ; --       ; --           ; --            ;
; CL103    ; 24         ; SDM      ; ^RREF_SDM                                                                                                                             ;               ;              ;         ; --       ;                 ; --       ; --           ; 131ps         ;
; CL106    ;            ;          ; DNU                                                                                                                                   ;               ;              ;         ; --       ;                 ; --       ; --           ; --            ;
; CL110    ;            ;          ; GND                                                                                                                                   ; gnd           ;              ;         ; --       ;                 ; --       ; --           ; --            ;
; CL113    ; 39         ; SDM      ; ^VSIGN_1                                                                                                                              ;               ;              ;         ; --       ;                 ; --       ; --           ; 121ps         ;
; CL116    ; 34         ; SDM      ; ^VREFP_ADC                                                                                                                            ;               ;              ;         ; --       ;                 ; --       ; --           ; 129ps         ;
; CL119    ; 37         ; SDM      ; ^VSIGN_0                                                                                                                              ;               ;              ;         ; --       ;                 ; --       ; --           ; 131ps         ;
; CL122    ;            ;          ; GND                                                                                                                                   ; gnd           ;              ;         ; --       ;                 ; --       ; --           ; --            ;
; CL125    ; 487        ; 5A       ; RESERVED_INPUT_WITH_WEAK_PULLUP                                                                                                       ;               ;              ; 3.3V    ; --       ;                 ; no       ; On           ; 129ps         ;
; CL128    ; 494        ; 5A       ; RESERVED_INPUT_WITH_WEAK_PULLUP                                                                                                       ;               ;              ; 3.3V    ; --       ;                 ; no       ; On           ; 127ps         ;
; CL130    ; 495        ; 5A       ; RESERVED_INPUT_WITH_WEAK_PULLUP                                                                                                       ;               ;              ; 3.3V    ; --       ;                 ; no       ; On           ; 130ps         ;
; CL132    ;            ;          ; GND                                                                                                                                   ; gnd           ;              ;         ; --       ;                 ; --       ; --           ; --            ;
; CL134    ;            ;          ; GND                                                                                                                                   ; gnd           ;              ;         ; --       ;                 ; --       ; --           ; --            ;
; D4       ; 581        ; 6C       ; RESERVED_INPUT_WITH_WEAK_PULLUP                                                                                                       ;               ;              ; 3.3V    ; --       ;                 ; no       ; On           ; 122ps         ;
; D8       ; 576        ; 6C       ; RESERVED_INPUT_WITH_WEAK_PULLUP                                                                                                       ;               ;              ; 3.3V    ; --       ;                 ; no       ; On           ; 112ps         ;
; D15      ; 573        ; 6C       ; RESERVED_INPUT_WITH_WEAK_PULLUP                                                                                                       ;               ;              ; 3.3V    ; --       ;                 ; no       ; On           ; 109ps         ;
; D18      ;            ;          ; GND                                                                                                                                   ; gnd           ;              ;         ; --       ;                 ; --       ; --           ; --            ;
; D24      ; 571        ; 6C       ; RESERVED_INPUT_WITH_WEAK_PULLUP                                                                                                       ;               ;              ; 3.3V    ; --       ;                 ; no       ; On           ; 98ps          ;
; D27      ;            ;          ; GND                                                                                                                                   ; gnd           ;              ;         ; --       ;                 ; --       ; --           ; --            ;
; D34      ; 606        ; 6D       ; RESERVED_INPUT_WITH_WEAK_PULLUP                                                                                                       ;               ;              ; 3.3V    ; --       ;                 ; no       ; On           ; 91ps          ;
; D37      ;            ;          ; GND                                                                                                                                   ; gnd           ;              ;         ; --       ;                 ; --       ; --           ; --            ;
; D44      ; 394        ; 3B_T     ; RESERVED_INPUT_WITH_WEAK_PULLUP                                                                                                       ;               ;              ; 1.2V    ; --       ;                 ; no       ; On           ; 94ps          ;
; D47      ;            ;          ; GND                                                                                                                                   ; gnd           ;              ;         ; --       ;                 ; --       ; --           ; --            ;
; D55      ; 399        ; 3B_T     ; RESERVED_INPUT_WITH_WEAK_PULLUP                                                                                                       ;               ;              ; 1.2V    ; --       ;                 ; no       ; On           ; 87ps          ;
; D58      ;            ;          ; GND                                                                                                                                   ; gnd           ;              ;         ; --       ;                 ; --       ; --           ; --            ;
; D65      ; 453        ; 3B_B     ; RESERVED_INPUT_WITH_WEAK_PULLUP                                                                                                       ;               ;              ; 1.2V    ; --       ;                 ; no       ; On           ; 80ps          ;
; D67      ;            ;          ; GND                                                                                                                                   ; gnd           ;              ;         ; --       ;                 ; --       ; --           ; --            ;
; D74      ; 460        ; 3B_B     ; RESERVED_INPUT_WITH_WEAK_PULLUP                                                                                                       ;               ;              ; 1.2V    ; --       ;                 ; no       ; On           ; 90ps          ;
; D77      ;            ;          ; GND                                                                                                                                   ; gnd           ;              ;         ; --       ;                 ; --       ; --           ; --            ;
; D84      ; 296        ; 3A_T     ; RESERVED_INPUT_WITH_WEAK_PULLUP                                                                                                       ;               ;              ; 1.2V    ; --       ;                 ; no       ; On           ; 87ps          ;
; D87      ;            ;          ; GND                                                                                                                                   ; gnd           ;              ;         ; --       ;                 ; --       ; --           ; --            ;
; D95      ; 302        ; 3A_T     ; RESERVED_INPUT_WITH_WEAK_PULLUP                                                                                                       ;               ;              ; 1.2V    ; --       ;                 ; no       ; On           ; 106ps         ;
; D98      ;            ;          ; GND                                                                                                                                   ; gnd           ;              ;         ; --       ;                 ; --       ; --           ; --            ;
; D105     ; 360        ; 3A_B     ; RESERVED_INPUT_WITH_WEAK_PULLUP                                                                                                       ;               ;              ; 1.2V    ; --       ;                 ; no       ; On           ; 140ps         ;
; D108     ;            ;          ; GND                                                                                                                                   ; gnd           ;              ;         ; --       ;                 ; --       ; --           ; --            ;
; D114     ; 362        ; 3A_B     ; RESERVED_INPUT_WITH_WEAK_PULLUP                                                                                                       ;               ;              ; 1.2V    ; --       ;                 ; no       ; On           ; 142ps         ;
; D117     ;            ;          ; GND                                                                                                                                   ; gnd           ;              ;         ; --       ;                 ; --       ; --           ; --            ;
; D124     ; 87         ; HPS      ; HPS_IOB_24, GPIO1_IO23, SPIM0_SS0_N, SPIS1_MISO, MDIO0_MDC, I2C_EMAC0_SCL, NAND_ADQ15, EMAC2_RXD3, TRACE_D3                           ;               ;              ;         ; --       ;                 ; --       ; --           ; 148ps         ;
; D127     ;            ;          ; GND                                                                                                                                   ; gnd           ;              ;         ; --       ;                 ; --       ; --           ; --            ;
; D132     ; 66         ; HPS      ; HPS_IOB_3, GPIO1_IO2, SPIM1_MISO, UART0_TX, I2C0_SDA, NAND_WE_N, SDMMC_CLK, EMAC1_RX_CLK, TRACE_D8                                    ;               ;              ;         ; --       ;                 ; --       ; --           ; 159ps         ;
; E1       ;            ;          ; GND                                                                                                                                   ; gnd           ;              ;         ; --       ;                 ; --       ; --           ; --            ;
; E2       ;            ;          ; GND                                                                                                                                   ; gnd           ;              ;         ; --       ;                 ; --       ; --           ; --            ;
; E134     ;            ;          ; GND                                                                                                                                   ; gnd           ;              ;         ; --       ;                 ; --       ; --           ; --            ;
; E135     ; 64         ; HPS      ; HPS_IOB_1, GPIO1_IO0, SPIM1_CLK, UART0_CTS_N, EMAC0_PPS0, NAND_ADQ0, SDMMC_DATA0, EMAC1_TX_CLK, TRACE_D10                             ;               ;              ;         ; --       ;                 ; --       ; --           ; 159ps         ;
; F4       ; 582        ; 6C       ; RESERVED_INPUT_WITH_WEAK_PULLUP                                                                                                       ;               ;              ; 3.3V    ; --       ;                 ; no       ; On           ; 120ps         ;
; F8       ; 578        ; 6C       ; RESERVED_INPUT_WITH_WEAK_PULLUP                                                                                                       ;               ;              ; 3.3V    ; --       ;                 ; no       ; On           ; 114ps         ;
; F15      ; 575        ; 6C       ; RESERVED_INPUT_WITH_WEAK_PULLUP                                                                                                       ;               ;              ; 3.3V    ; --       ;                 ; no       ; On           ; 104ps         ;
; F18      ; 574        ; 6C       ; RESERVED_INPUT_WITH_WEAK_PULLUP                                                                                                       ;               ;              ; 3.3V    ; --       ;                 ; no       ; On           ; 101ps         ;
; F24      ; 569        ; 6C       ; RESERVED_INPUT_WITH_WEAK_PULLUP                                                                                                       ;               ;              ; 3.3V    ; --       ;                 ; no       ; On           ; 99ps          ;
; F27      ; 568        ; 6C       ; RESERVED_INPUT_WITH_WEAK_PULLUP                                                                                                       ;               ;              ; 3.3V    ; --       ;                 ; no       ; On           ; 88ps          ;
; F34      ;            ;          ; NC                                                                                                                                    ;               ;              ;         ; --       ;                 ; --       ; --           ; --            ;
; F37      ;            ;          ; NC                                                                                                                                    ;               ;              ;         ; --       ;                 ; --       ; --           ; --            ;
; F44      ; 393        ; 3B_T     ; RESERVED_INPUT_WITH_WEAK_PULLUP                                                                                                       ;               ;              ; 1.2V    ; --       ;                 ; no       ; On           ; 94ps          ;
; F47      ; 396        ; 3B_T     ; RESERVED_INPUT_WITH_WEAK_PULLUP                                                                                                       ;               ;              ; 1.2V    ; --       ;                 ; no       ; On           ; 94ps          ;
; F55      ; 400        ; 3B_T     ; RESERVED_INPUT_WITH_WEAK_PULLUP                                                                                                       ;               ;              ; 1.2V    ; --       ;                 ; no       ; On           ; 87ps          ;
; F58      ; 403        ; 3B_T     ; RESERVED_INPUT_WITH_WEAK_PULLUP                                                                                                       ;               ;              ; 1.2V    ; --       ;                 ; no       ; On           ; 88ps          ;
; F65      ; 454        ; 3B_B     ; RESERVED_INPUT_WITH_WEAK_PULLUP                                                                                                       ;               ;              ; 1.2V    ; --       ;                 ; no       ; On           ; 81ps          ;
; F67      ; 455        ; 3B_B     ; RESERVED_INPUT_WITH_WEAK_PULLUP                                                                                                       ;               ;              ; 1.2V    ; --       ;                 ; no       ; On           ; 76ps          ;
; F74      ; 459        ; 3B_B     ; RESERVED_INPUT_WITH_WEAK_PULLUP                                                                                                       ;               ;              ; 1.2V    ; --       ;                 ; no       ; On           ; 89ps          ;
; F77      ; 462        ; 3B_B     ; RESERVED_INPUT_WITH_WEAK_PULLUP                                                                                                       ;               ;              ; 1.2V    ; --       ;                 ; no       ; On           ; 84ps          ;
; F84      ; 297        ; 3A_T     ; RESERVED_INPUT_WITH_WEAK_PULLUP                                                                                                       ;               ;              ; 1.2V    ; --       ;                 ; no       ; On           ; 85ps          ;
; F87      ; 300        ; 3A_T     ; RESERVED_INPUT_WITH_WEAK_PULLUP                                                                                                       ;               ;              ; 1.2V    ; --       ;                 ; no       ; On           ; 86ps          ;
; F95      ; 303        ; 3A_T     ; RESERVED_INPUT_WITH_WEAK_PULLUP                                                                                                       ;               ;              ; 1.2V    ; --       ;                 ; no       ; On           ; 106ps         ;
; F98      ; 306        ; 3A_T     ; RESERVED_INPUT_WITH_WEAK_PULLUP                                                                                                       ;               ;              ; 1.2V    ; --       ;                 ; no       ; On           ; 106ps         ;
; F105     ; 361        ; 3A_B     ; RESERVED_INPUT_WITH_WEAK_PULLUP                                                                                                       ;               ;              ; 1.2V    ; --       ;                 ; no       ; On           ; 140ps         ;
; F108     ; 358        ; 3A_B     ; RESERVED_INPUT_WITH_WEAK_PULLUP                                                                                                       ;               ;              ; 1.2V    ; --       ;                 ; no       ; On           ; 122ps         ;
; F114     ; 363        ; 3A_B     ; RESERVED_INPUT_WITH_WEAK_PULLUP                                                                                                       ;               ;              ; 1.2V    ; --       ;                 ; no       ; On           ; 141ps         ;
; F117     ; 367        ; 3A_B     ; RESERVED_INPUT_WITH_WEAK_PULLUP                                                                                                       ;               ;              ; 1.2V    ; --       ;                 ; no       ; On           ; 138ps         ;
; F124     ; 86         ; HPS      ; HPS_IOB_23, GPIO1_IO22, SPIM0_MISO, SPIS1_SS0_N, MDIO0_MDIO, I2C_EMAC0_SDA, NAND_ADQ14, EMAC2_RXD2, TRACE_D2                          ;               ;              ;         ; --       ;                 ; --       ; --           ; 150ps         ;
; F127     ; 84         ; HPS      ; HPS_IOB_21, GPIO1_IO20, SPIM0_CLK, SPIS1_CLK, I2C_EMAC2_SDA, NAND_ADQ12, EMAC2_TXD2, TRACE_D0                                         ;               ;              ;         ; --       ;                 ; --       ; --           ; 149ps         ;
; F132     ; 65         ; HPS      ; HPS_IOB_2, GPIO1_IO1, SPIM1_MOSI, UART0_RTS_N, EMAC0_PPSTRIG0, NAND_ADQ1, SDMMC_DATA1, EMAC1_TX_CTL, TRACE_D9                         ;               ;              ;         ; --       ;                 ; --       ; --           ; 155ps         ;
; G1       ; 587        ; 6C       ; RESERVED_INPUT_WITH_WEAK_PULLUP                                                                                                       ;               ;              ; 3.3V    ; --       ;                 ; no       ; On           ; 117ps         ;
; G2       ; 584        ; 6C       ; RESERVED_INPUT_WITH_WEAK_PULLUP                                                                                                       ;               ;              ; 3.3V    ; --       ;                 ; no       ; On           ; 113ps         ;
; G134     ; 62         ; HPS      ; HPS_IOA_23, GPIO0_IO22, SPIM1_MISO, SPIS0_SS0_N, UART0_TX, I2C0_SDA, NAND_ADQ14, USB1_DATA6, EMAC0_RXD2, TRACE_D2                     ;               ;              ;         ; --       ;                 ; --       ; --           ; 149ps         ;
; G135     ; 63         ; HPS      ; HPS_IOA_24, GPIO0_IO23, SPIM1_SS0_N, SPIS0_MISO, UART0_RX, I2C0_SCL, NAND_ADQ15, USB1_DATA7, EMAC0_RXD3, TRACE_D3                     ;               ;              ;         ; --       ;                 ; --       ; --           ; 157ps         ;
; H4       ;            ;          ; GND                                                                                                                                   ; gnd           ;              ;         ; --       ;                 ; --       ; --           ; --            ;
; H8       ; 579        ; 6C       ; RESERVED_INPUT_WITH_WEAK_PULLUP                                                                                                       ;               ;              ; 3.3V    ; --       ;                 ; no       ; On           ; 105ps         ;
; H15      ;            ;          ; GND                                                                                                                                   ; gnd           ;              ;         ; --       ;                 ; --       ; --           ; --            ;
; H18      ; 572        ; 6C       ; RESERVED_INPUT_WITH_WEAK_PULLUP                                                                                                       ;               ;              ; 3.3V    ; --       ;                 ; no       ; On           ; 97ps          ;
; H24      ;            ;          ; GND                                                                                                                                   ; gnd           ;              ;         ; --       ;                 ; --       ; --           ; --            ;
; H27      ; 570        ; 6C       ; RESERVED_INPUT_WITH_WEAK_PULLUP                                                                                                       ;               ;              ; 3.3V    ; --       ;                 ; no       ; On           ; 89ps          ;
; H34      ;            ;          ; GND                                                                                                                                   ; gnd           ;              ;         ; --       ;                 ; --       ; --           ; --            ;
; H37      ;            ;          ; NC                                                                                                                                    ;               ;              ;         ; --       ;                 ; --       ; --           ; --            ;
; H44      ;            ;          ; GND                                                                                                                                   ; gnd           ;              ;         ; --       ;                 ; --       ; --           ; --            ;
; H47      ; 395        ; 3B_T     ; RESERVED_INPUT_WITH_WEAK_PULLUP                                                                                                       ;               ;              ; 1.2V    ; --       ;                 ; no       ; On           ; 94ps          ;
; H55      ;            ;          ; GND                                                                                                                                   ; gnd           ;              ;         ; --       ;                 ; --       ; --           ; --            ;
; H58      ; 404        ; 3B_T     ; RESERVED_INPUT_WITH_WEAK_PULLUP                                                                                                       ;               ;              ; 1.2V    ; --       ;                 ; no       ; On           ; 88ps          ;
; H65      ;            ;          ; GND                                                                                                                                   ; gnd           ;              ;         ; --       ;                 ; --       ; --           ; --            ;
; H67      ; 456        ; 3B_B     ; RESERVED_INPUT_WITH_WEAK_PULLUP                                                                                                       ;               ;              ; 1.2V    ; --       ;                 ; no       ; On           ; 77ps          ;
; H74      ;            ;          ; GND                                                                                                                                   ; gnd           ;              ;         ; --       ;                 ; --       ; --           ; --            ;
; H77      ; 461        ; 3B_B     ; RESERVED_INPUT_WITH_WEAK_PULLUP                                                                                                       ;               ;              ; 1.2V    ; --       ;                 ; no       ; On           ; 83ps          ;
; H84      ;            ;          ; GND                                                                                                                                   ; gnd           ;              ;         ; --       ;                 ; --       ; --           ; --            ;
; H87      ; 301        ; 3A_T     ; RESERVED_INPUT_WITH_WEAK_PULLUP                                                                                                       ;               ;              ; 1.2V    ; --       ;                 ; no       ; On           ; 86ps          ;
; H95      ;            ;          ; GND                                                                                                                                   ; gnd           ;              ;         ; --       ;                 ; --       ; --           ; --            ;
; H98      ; 307        ; 3A_T     ; RESERVED_INPUT_WITH_WEAK_PULLUP                                                                                                       ;               ;              ; 1.2V    ; --       ;                 ; no       ; On           ; 106ps         ;
; H105     ;            ;          ; GND                                                                                                                                   ; gnd           ;              ;         ; --       ;                 ; --       ; --           ; --            ;
; H108     ; 359        ; 3A_B     ; RESERVED_INPUT_WITH_WEAK_PULLUP                                                                                                       ;               ;              ; 1.2V    ; --       ;                 ; no       ; On           ; 122ps         ;
; H114     ;            ;          ; GND                                                                                                                                   ; gnd           ;              ;         ; --       ;                 ; --       ; --           ; --            ;
; H117     ; 366        ; 3A_B     ; RESERVED_INPUT_WITH_WEAK_PULLUP                                                                                                       ;               ;              ; 1.2V    ; --       ;                 ; no       ; On           ; 138ps         ;
; H124     ;            ;          ; GND                                                                                                                                   ; gnd           ;              ;         ; --       ;                 ; --       ; --           ; --            ;
; H127     ; 82         ; HPS      ; HPS_IOB_19, GPIO1_IO18, SPIM0_MISO, MDIO1_MDIO, I2C_EMAC1_SDA, NAND_ADQ10, EMAC2_RXD0, TRACE_D4                                       ;               ;              ;         ; --       ;                 ; --       ; --           ; 146ps         ;
; H132     ;            ;          ; GND                                                                                                                                   ; gnd           ;              ;         ; --       ;                 ; --       ; --           ; --            ;
; J1       ; 586        ; 6C       ; RESERVED_INPUT_WITH_WEAK_PULLUP                                                                                                       ;               ;              ; 3.3V    ; --       ;                 ; no       ; On           ; 117ps         ;
; J2       ; 585        ; 6C       ; RESERVED_INPUT_WITH_WEAK_PULLUP                                                                                                       ;               ;              ; 3.3V    ; --       ;                 ; no       ; On           ; 115ps         ;
; J134     ; 60         ; HPS      ; HPS_IOA_21, GPIO0_IO20, SPIM1_CLK, SPIS0_CLK, UART0_CTS_N, I2C1_SDA, NAND_ADQ12, USB1_DATA4, EMAC0_TXD2, TRACE_D0                     ;               ;              ;         ; --       ;                 ; --       ; --           ; 147ps         ;
; J135     ; 54         ; HPS      ; HPS_IOA_15, GPIO0_IO14, NAND_CE_N, USB1_DIR, EMAC0_RX_CLK, TRACE_D8                                                                   ;               ;              ;         ; --       ;                 ; --       ; --           ; 144ps         ;
; K4       ; 583        ; 6C       ; RESERVED_INPUT_WITH_WEAK_PULLUP                                                                                                       ;               ;              ; 3.3V    ; --       ;                 ; no       ; On           ; 106ps         ;
; K8       ; 577        ; 6C       ; RESERVED_INPUT_WITH_WEAK_PULLUP                                                                                                       ;               ;              ; 3.3V    ; --       ;                 ; no       ; On           ; 106ps         ;
; K15      ;            ;          ; NC                                                                                                                                    ;               ;              ;         ; --       ;                 ; --       ; --           ; --            ;
; K18      ;            ;          ; NC                                                                                                                                    ;               ;              ;         ; --       ;                 ; --       ; --           ; --            ;
; K24      ;            ;          ; NC                                                                                                                                    ;               ;              ;         ; --       ;                 ; --       ; --           ; --            ;
; K27      ;            ;          ; NC                                                                                                                                    ;               ;              ;         ; --       ;                 ; --       ; --           ; --            ;
; K34      ;            ;          ; NC                                                                                                                                    ;               ;              ;         ; --       ;                 ; --       ; --           ; --            ;
; K37      ;            ;          ; NC                                                                                                                                    ;               ;              ;         ; --       ;                 ; --       ; --           ; --            ;
; K44      ; 406        ; 3B_T     ; RESERVED_INPUT_WITH_WEAK_PULLUP                                                                                                       ;               ;              ; 1.2V    ; --       ;                 ; no       ; On           ; 70ps          ;
; K47      ; 397        ; 3B_T     ; RESERVED_INPUT_WITH_WEAK_PULLUP                                                                                                       ;               ;              ; 1.2V    ; --       ;                 ; no       ; On           ; 77ps          ;
; K55      ; 412        ; 3B_T     ; RESERVED_INPUT_WITH_WEAK_PULLUP                                                                                                       ;               ;              ; 1.2V    ; --       ;                 ; no       ; On           ; 71ps          ;
; K58      ; 401        ; 3B_T     ; RESERVED_INPUT_WITH_WEAK_PULLUP                                                                                                       ;               ;              ; 1.2V    ; --       ;                 ; no       ; On           ; 82ps          ;
; K65      ; 443        ; 3B_B     ; RESERVED_INPUT_WITH_WEAK_PULLUP                                                                                                       ;               ;              ; 1.2V    ; --       ;                 ; no       ; On           ; 110ps         ;
; K67      ; 457        ; 3B_B     ; RESERVED_INPUT_WITH_WEAK_PULLUP                                                                                                       ;               ;              ; 1.2V    ; --       ;                 ; no       ; On           ; 91ps          ;
; K74      ; 447        ; 3B_B     ; RESERVED_INPUT_WITH_WEAK_PULLUP                                                                                                       ;               ;              ; 1.2V    ; --       ;                 ; no       ; On           ; 114ps         ;
; K77      ; 464        ; 3B_B     ; RESERVED_INPUT_WITH_WEAK_PULLUP                                                                                                       ;               ;              ; 1.2V    ; --       ;                 ; no       ; On           ; 115ps         ;
; K84      ; 311        ; 3A_T     ; RESERVED_INPUT_WITH_WEAK_PULLUP                                                                                                       ;               ;              ; 1.2V    ; --       ;                 ; no       ; On           ; 79ps          ;
; K87      ; 299        ; 3A_T     ; RESERVED_INPUT_WITH_WEAK_PULLUP                                                                                                       ;               ;              ; 1.2V    ; --       ;                 ; no       ; On           ; 114ps         ;
; K95      ; 315        ; 3A_T     ; RESERVED_INPUT_WITH_WEAK_PULLUP                                                                                                       ;               ;              ; 1.2V    ; --       ;                 ; no       ; On           ; 92ps          ;
; K98      ; 304        ; 3A_T     ; RESERVED_INPUT_WITH_WEAK_PULLUP                                                                                                       ;               ;              ; 1.2V    ; --       ;                 ; no       ; On           ; 96ps          ;
; K105     ; 344        ; 3A_B     ; RESERVED_INPUT_WITH_WEAK_PULLUP                                                                                                       ;               ;              ; 1.2V    ; --       ;                 ; no       ; On           ; 95ps          ;
; K108     ; 356        ; 3A_B     ; RESERVED_INPUT_WITH_WEAK_PULLUP                                                                                                       ;               ;              ; 1.2V    ; --       ;                 ; no       ; On           ; 113ps         ;
; K114     ; 350        ; 3A_B     ; RESERVED_INPUT_WITH_WEAK_PULLUP                                                                                                       ;               ;              ; 1.2V    ; --       ;                 ; no       ; On           ; 118ps         ;
; K117     ; 365        ; 3A_B     ; RESERVED_INPUT_WITH_WEAK_PULLUP                                                                                                       ;               ;              ; 1.2V    ; --       ;                 ; no       ; On           ; 127ps         ;
; K124     ; 80         ; HPS      ; HPS_IOB_17, GPIO1_IO16, UART1_CTS_N, NAND_ADQ8, I3C0_SDA, EMAC2_TXD0, TRACE_D6                                                        ;               ;              ;         ; --       ;                 ; --       ; --           ; 135ps         ;
; K127     ; 77         ; HPS      ; HPS_IOB_14, GPIO1_IO13, I2C1_SCL, NAND_RB_N, SDMMC_PWR_ENA, EMAC2_TX_CTL, TRACE_D9                                                    ;               ;              ;         ; --       ;                 ; --       ; --           ; 136ps         ;
; K132     ; 58         ; HPS      ; HPS_IOA_19, GPIO0_IO18, I3C0_SDA, NAND_ADQ10, USB1_DATA2, EMAC0_RXD0, TRACE_D4                                                        ;               ;              ;         ; --       ;                 ; --       ; --           ; 140ps         ;
; L1       ;            ;          ; NC                                                                                                                                    ;               ;              ;         ; --       ;                 ; --       ; --           ; --            ;
; L2       ;            ;          ; GND                                                                                                                                   ; gnd           ;              ;         ; --       ;                 ; --       ; --           ; --            ;
; L134     ;            ;          ; GND                                                                                                                                   ; gnd           ;              ;         ; --       ;                 ; --       ; --           ; --            ;
; L135     ; 53         ; HPS      ; HPS_IOA_14, GPIO0_IO13, NAND_RB_N, SDMMC_PWR_ENA, USB1_STP, EMAC0_TX_CTL, TRACE_D9                                                    ;               ;              ;         ; --       ;                 ; --       ; --           ; 140ps         ;
; M4       ;            ;          ; NC                                                                                                                                    ;               ;              ;         ; --       ;                 ; --       ; --           ; --            ;
; M8       ;            ;          ; NC                                                                                                                                    ;               ;              ;         ; --       ;                 ; --       ; --           ; --            ;
; M15      ;            ;          ; NC                                                                                                                                    ;               ;              ;         ; --       ;                 ; --       ; --           ; --            ;
; M18      ;            ;          ; NC                                                                                                                                    ;               ;              ;         ; --       ;                 ; --       ; --           ; --            ;
; M24      ;            ;          ; NC                                                                                                                                    ;               ;              ;         ; --       ;                 ; --       ; --           ; --            ;
; M27      ;            ;          ; NC                                                                                                                                    ;               ;              ;         ; --       ;                 ; --       ; --           ; --            ;
; M34      ;            ;          ; NC                                                                                                                                    ;               ;              ;         ; --       ;                 ; --       ; --           ; --            ;
; M37      ;            ;          ; NC                                                                                                                                    ;               ;              ;         ; --       ;                 ; --       ; --           ; --            ;
; M44      ; 405        ; 3B_T     ; RESERVED_INPUT_WITH_WEAK_PULLUP                                                                                                       ;               ;              ; 1.2V    ; --       ;                 ; no       ; On           ; 68ps          ;
; M47      ; 398        ; 3B_T     ; RESERVED_INPUT_WITH_WEAK_PULLUP                                                                                                       ;               ;              ; 1.2V    ; --       ;                 ; no       ; On           ; 76ps          ;
; M55      ; 411        ; 3B_T     ; RESERVED_INPUT_WITH_WEAK_PULLUP                                                                                                       ;               ;              ; 1.2V    ; --       ;                 ; no       ; On           ; 70ps          ;
; M58      ; 402        ; 3B_T     ; RESERVED_INPUT_WITH_WEAK_PULLUP                                                                                                       ;               ;              ; 1.2V    ; --       ;                 ; no       ; On           ; 82ps          ;
; M65      ; 444        ; 3B_B     ; RESERVED_INPUT_WITH_WEAK_PULLUP                                                                                                       ;               ;              ; 1.2V    ; --       ;                 ; no       ; On           ; 108ps         ;
; M67      ; 458        ; 3B_B     ; RESERVED_INPUT_WITH_WEAK_PULLUP                                                                                                       ;               ;              ; 1.2V    ; --       ;                 ; no       ; On           ; 92ps          ;
; M74      ; 448        ; 3B_B     ; RESERVED_INPUT_WITH_WEAK_PULLUP                                                                                                       ;               ;              ; 1.2V    ; --       ;                 ; no       ; On           ; 114ps         ;
; M77      ; 463        ; 3B_B     ; RESERVED_INPUT_WITH_WEAK_PULLUP                                                                                                       ;               ;              ; 1.2V    ; --       ;                 ; no       ; On           ; 116ps         ;
; M84      ; 310        ; 3A_T     ; RESERVED_INPUT_WITH_WEAK_PULLUP                                                                                                       ;               ;              ; 1.2V    ; --       ;                 ; no       ; On           ; 79ps          ;
; M87      ; 298        ; 3A_T     ; RESERVED_INPUT_WITH_WEAK_PULLUP                                                                                                       ;               ;              ; 1.2V    ; --       ;                 ; no       ; On           ; 116ps         ;
; M95      ; 314        ; 3A_T     ; RESERVED_INPUT_WITH_WEAK_PULLUP                                                                                                       ;               ;              ; 1.2V    ; --       ;                 ; no       ; On           ; 91ps          ;
; M98      ; 305        ; 3A_T     ; RESERVED_INPUT_WITH_WEAK_PULLUP                                                                                                       ;               ;              ; 1.2V    ; --       ;                 ; no       ; On           ; 97ps          ;
; M105     ; 345        ; 3A_B     ; RESERVED_INPUT_WITH_WEAK_PULLUP                                                                                                       ;               ;              ; 1.2V    ; --       ;                 ; no       ; On           ; 96ps          ;
; M108     ; 357        ; 3A_B     ; RESERVED_INPUT_WITH_WEAK_PULLUP                                                                                                       ;               ;              ; 1.2V    ; --       ;                 ; no       ; On           ; 114ps         ;
; M114     ; 351        ; 3A_B     ; RESERVED_INPUT_WITH_WEAK_PULLUP                                                                                                       ;               ;              ; 1.2V    ; --       ;                 ; no       ; On           ; 119ps         ;
; M117     ; 364        ; 3A_B     ; RESERVED_INPUT_WITH_WEAK_PULLUP                                                                                                       ;               ;              ; 1.2V    ; --       ;                 ; no       ; On           ; 126ps         ;
; M124     ; 78         ; HPS      ; HPS_IOB_15, GPIO1_IO14, UART1_TX, NAND_CE_N, I3C1_SDA, EMAC2_RX_CLK, TRACE_D8                                                         ;               ;              ;         ; --       ;                 ; --       ; --           ; 131ps         ;
; M127     ; 76         ; HPS      ; HPS_IOB_13, GPIO1_IO12, I2C1_SDA, NAND_ALE, SDMMC_PU_PD_DATA2, EMAC2_TX_CLK, TRACE_D10                                                ;               ;              ;         ; --       ;                 ; --       ; --           ; 135ps         ;
; M132     ; 56         ; HPS      ; HPS_IOA_17, GPIO0_IO16, I3C1_SDA, NAND_ADQ8, USB1_DATA1, EMAC0_TXD0, TRACE_D6                                                         ;               ;              ;         ; --       ;                 ; --       ; --           ; 137ps         ;
; N1       ;            ;          ; NC                                                                                                                                    ;               ;              ;         ; --       ;                 ; --       ; --           ; --            ;
; N2       ;            ;          ; NC                                                                                                                                    ;               ;              ;         ; --       ;                 ; --       ; --           ; --            ;
; N134     ; 50         ; HPS      ; HPS_IOA_11, GPIO0_IO10, SPIM1_MISO, SPIS1_SS0_N, MDIO0_MDIO, I2C_EMAC0_SDA, NAND_ADQ6, SDMMC_DATA6, USB0_DATA6, I3C0_SDA, TRACE_D12   ;               ;              ;         ; --       ;                 ; --       ; --           ; 130ps         ;
; N135     ; 48         ; HPS      ; HPS_IOA_9, GPIO0_IO8, SPIM1_CLK, SPIS1_CLK, MDIO1_MDIO, I2C_EMAC1_SDA, NAND_ADQ4, SDMMC_DATA4, USB0_DATA4, I3C1_SDA, TRACE_D14        ;               ;              ;         ; --       ;                 ; --       ; --           ; 134ps         ;
; P4       ;            ;          ; NC                                                                                                                                    ;               ;              ;         ; --       ;                 ; --       ; --           ; --            ;
; P8       ;            ;          ; GND                                                                                                                                   ; gnd           ;              ;         ; --       ;                 ; --       ; --           ; --            ;
; P15      ;            ;          ; NC                                                                                                                                    ;               ;              ;         ; --       ;                 ; --       ; --           ; --            ;
; P18      ;            ;          ; GND                                                                                                                                   ; gnd           ;              ;         ; --       ;                 ; --       ; --           ; --            ;
; P24      ;            ;          ; NC                                                                                                                                    ;               ;              ;         ; --       ;                 ; --       ; --           ; --            ;
; P27      ;            ;          ; GND                                                                                                                                   ; gnd           ;              ;         ; --       ;                 ; --       ; --           ; --            ;
; P34      ;            ;          ; NC                                                                                                                                    ;               ;              ;         ; --       ;                 ; --       ; --           ; --            ;
; P37      ;            ;          ; GND                                                                                                                                   ; gnd           ;              ;         ; --       ;                 ; --       ; --           ; --            ;
; P44      ; 408        ; 3B_T     ; RESERVED_INPUT_WITH_WEAK_PULLUP                                                                                                       ;               ;              ; 1.2V    ; --       ;                 ; no       ; On           ; 70ps          ;
; P47      ;            ;          ; GND                                                                                                                                   ; gnd           ;              ;         ; --       ;                 ; --       ; --           ; --            ;
; P55      ; 416        ; 3B_T     ; RESERVED_INPUT_WITH_WEAK_PULLUP                                                                                                       ;               ;              ; 1.2V    ; --       ;                 ; no       ; On           ; 68ps          ;
; P58      ;            ;          ; GND                                                                                                                                   ; gnd           ;              ;         ; --       ;                 ; --       ; --           ; --            ;
; P65      ; 441        ; 3B_B     ; RESERVED_INPUT_WITH_WEAK_PULLUP                                                                                                       ;               ;              ; 1.2V    ; --       ;                 ; no       ; On           ; 86ps          ;
; P67      ;            ;          ; GND                                                                                                                                   ; gnd           ;              ;         ; --       ;                 ; --       ; --           ; --            ;
; P74      ; 452        ; 3B_B     ; RESERVED_INPUT_WITH_WEAK_PULLUP                                                                                                       ;               ;              ; 1.2V    ; --       ;                 ; no       ; On           ; 122ps         ;
; P77      ;            ;          ; GND                                                                                                                                   ; gnd           ;              ;         ; --       ;                 ; --       ; --           ; --            ;
; P84      ; 308        ; 3A_T     ; RESERVED_INPUT_WITH_WEAK_PULLUP                                                                                                       ;               ;              ; 1.2V    ; --       ;                 ; no       ; On           ; 92ps          ;
; P87      ;            ;          ; GND                                                                                                                                   ; gnd           ;              ;         ; --       ;                 ; --       ; --           ; --            ;
; P95      ; 317        ; 3A_T     ; RESERVED_INPUT_WITH_WEAK_PULLUP                                                                                                       ;               ;              ; 1.2V    ; --       ;                 ; no       ; On           ; 88ps          ;
; P98      ;            ;          ; GND                                                                                                                                   ; gnd           ;              ;         ; --       ;                 ; --       ; --           ; --            ;
; P105     ; 346        ; 3A_B     ; RESERVED_INPUT_WITH_WEAK_PULLUP                                                                                                       ;               ;              ; 1.2V    ; --       ;                 ; no       ; On           ; 90ps          ;
; P108     ;            ;          ; GND                                                                                                                                   ; gnd           ;              ;         ; --       ;                 ; --       ; --           ; --            ;
; P114     ; 354        ; 3A_B     ; RESERVED_INPUT_WITH_WEAK_PULLUP                                                                                                       ;               ;              ; 1.2V    ; --       ;                 ; no       ; On           ; 113ps         ;
; P117     ;            ;          ; GND                                                                                                                                   ; gnd           ;              ;         ; --       ;                 ; --       ; --           ; --            ;
; P124     ; 75         ; HPS      ; HPS_IOB_12, GPIO1_IO11, JTAG_TDI, SPIS0_MISO, MDIO0_MDC, I2C_EMAC0_SCL, NAND_ADQ7, SDMMC_DATA7, EMAC1_RXD3, TRACE_D11                 ;               ;              ;         ; --       ;                 ; --       ; --           ; 121ps         ;
; P127     ;            ;          ; GND                                                                                                                                   ; gnd           ;              ;         ; --       ;                 ; --       ; --           ; --            ;
; P132     ; 52         ; HPS      ; HPS_IOA_13, GPIO0_IO12, NAND_ALE, SDMMC_PU_PD_DATA2, USB1_CLK, EMAC0_TX_CLK, TRACE_D10                                                ;               ;              ;         ; --       ;                 ; --       ; --           ; 128ps         ;
; R1       ;            ;          ; GND                                                                                                                                   ; gnd           ;              ;         ; --       ;                 ; --       ; --           ; --            ;
; R2       ;            ;          ; NC                                                                                                                                    ;               ;              ;         ; --       ;                 ; --       ; --           ; --            ;
; R134     ; 46         ; HPS      ; HPS_IOA_7, GPIO0_IO6, SPIM0_MISO, MDIO2_MDIO, UART1_TX, I2C_EMAC2_SDA, NAND_ADQ3, SDMMC_DATA3, USB0_DATA2, TRACE_D4                   ;               ;              ;         ; --       ;                 ; --       ; --           ; 125ps         ;
; R135     ;            ;          ; GND                                                                                                                                   ; gnd           ;              ;         ; --       ;                 ; --       ; --           ; --            ;
; T4       ;            ;          ; NC                                                                                                                                    ;               ;              ;         ; --       ;                 ; --       ; --           ; --            ;
; T8       ;            ;          ; NC                                                                                                                                    ;               ;              ;         ; --       ;                 ; --       ; --           ; --            ;
; T15      ;            ;          ; NC                                                                                                                                    ;               ;              ;         ; --       ;                 ; --       ; --           ; --            ;
; T18      ;            ;          ; NC                                                                                                                                    ;               ;              ;         ; --       ;                 ; --       ; --           ; --            ;
; T24      ;            ;          ; NC                                                                                                                                    ;               ;              ;         ; --       ;                 ; --       ; --           ; --            ;
; T27      ;            ;          ; NC                                                                                                                                    ;               ;              ;         ; --       ;                 ; --       ; --           ; --            ;
; T34      ;            ;          ; NC                                                                                                                                    ;               ;              ;         ; --       ;                 ; --       ; --           ; --            ;
; T37      ;            ;          ; NC                                                                                                                                    ;               ;              ;         ; --       ;                 ; --       ; --           ; --            ;
; T44      ; 407        ; 3B_T     ; RESERVED_INPUT_WITH_WEAK_PULLUP                                                                                                       ;               ;              ; 1.2V    ; --       ;                 ; no       ; On           ; 70ps          ;
; T47      ; 409        ; 3B_T     ; RESERVED_INPUT_WITH_WEAK_PULLUP                                                                                                       ;               ;              ; 1.2V    ; --       ;                 ; no       ; On           ; 66ps          ;
; T55      ; 415        ; 3B_T     ; RESERVED_INPUT_WITH_WEAK_PULLUP                                                                                                       ;               ;              ; 1.2V    ; --       ;                 ; no       ; On           ; 68ps          ;
; T58      ; 413        ; 3B_T     ; RESERVED_INPUT_WITH_WEAK_PULLUP                                                                                                       ;               ;              ; 1.2V    ; --       ;                 ; no       ; On           ; 80ps          ;
; T65      ; 442        ; 3B_B     ; RESERVED_INPUT_WITH_WEAK_PULLUP                                                                                                       ;               ;              ; 1.2V    ; --       ;                 ; no       ; On           ; 86ps          ;
; T67      ; 445        ; 3B_B     ; RESERVED_INPUT_WITH_WEAK_PULLUP                                                                                                       ;               ;              ; 1.2V    ; --       ;                 ; no       ; On           ; 94ps          ;
; T74      ; 451        ; 3B_B     ; RESERVED_INPUT_WITH_WEAK_PULLUP                                                                                                       ;               ;              ; 1.2V    ; --       ;                 ; no       ; On           ; 122ps         ;
; T77      ; 449        ; 3B_B     ; RESERVED_INPUT_WITH_WEAK_PULLUP                                                                                                       ;               ;              ; 1.2V    ; --       ;                 ; no       ; On           ; 139ps         ;
; T84      ; 309        ; 3A_T     ; RESERVED_INPUT_WITH_WEAK_PULLUP                                                                                                       ;               ;              ; 1.2V    ; --       ;                 ; no       ; On           ; 92ps          ;
; T87      ; 312        ; 3A_T     ; RESERVED_INPUT_WITH_WEAK_PULLUP                                                                                                       ;               ;              ; 1.2V    ; --       ;                 ; no       ; On           ; 86ps          ;
; T95      ; 316        ; 3A_T     ; RESERVED_INPUT_WITH_WEAK_PULLUP                                                                                                       ;               ;              ; 1.2V    ; --       ;                 ; no       ; On           ; 86ps          ;
; T98      ; 318        ; 3A_T     ; RESERVED_INPUT_WITH_WEAK_PULLUP                                                                                                       ;               ;              ; 1.2V    ; --       ;                 ; no       ; On           ; 98ps          ;
; T105     ; 347        ; 3A_B     ; RESERVED_INPUT_WITH_WEAK_PULLUP                                                                                                       ;               ;              ; 1.2V    ; --       ;                 ; no       ; On           ; 90ps          ;
; T108     ; 348        ; 3A_B     ; RESERVED_INPUT_WITH_WEAK_PULLUP                                                                                                       ;               ;              ; 1.2V    ; --       ;                 ; no       ; On           ; 91ps          ;
; T114     ; 355        ; 3A_B     ; RESERVED_INPUT_WITH_WEAK_PULLUP                                                                                                       ;               ;              ; 1.2V    ; --       ;                 ; no       ; On           ; 114ps         ;
; T117     ; 352        ; 3A_B     ; RESERVED_INPUT_WITH_WEAK_PULLUP                                                                                                       ;               ;              ; 1.2V    ; --       ;                 ; no       ; On           ; 106ps         ;
; T124     ; 74         ; HPS      ; HPS_IOB_11, GPIO1_IO10, JTAG_TDO, SPIS0_SS0_N, MDIO0_MDIO, I2C_EMAC0_SDA, NAND_ADQ6, SDMMC_DATA6, EMAC1_RXD2, TRACE_D12               ;               ;              ;         ; --       ;                 ; --       ; --           ; 119ps         ;
; T127     ; 72         ; HPS      ; HPS_IOB_9, GPIO1_IO8, JTAG_TCK, SPIS0_CLK, MDIO2_MDIO, I2C_EMAC2_SDA, NAND_ADQ4, SDMMC_DATA4, EMAC1_TXD2, TRACE_D14                   ;               ;              ;         ; --       ;                 ; --       ; --           ; 118ps         ;
; T132     ; 51         ; HPS      ; HPS_IOA_12, GPIO0_IO11, SPIM1_SS0_N, SPIS1_MISO, MDIO0_MDC, I2C_EMAC0_SCL, NAND_ADQ7, SDMMC_DATA7, USB0_DATA7, I3C0_SCL, TRACE_D11    ;               ;              ;         ; --       ;                 ; --       ; --           ; 123ps         ;
; U1       ;            ;          ; NC                                                                                                                                    ;               ;              ;         ; --       ;                 ; --       ; --           ; --            ;
; U2       ;            ;          ; NC                                                                                                                                    ;               ;              ;         ; --       ;                 ; --       ; --           ; --            ;
; U134     ; 44         ; HPS      ; HPS_IOA_5, GPIO0_IO4, SPIM0_CLK, UART1_CTS_N, I2C0_SDA, NAND_WP_N, SDMMC_WRITE_PROTECT, USB0_DATA1, EMAC2_PPS2, TRACE_D6              ;               ;              ;         ; --       ;                 ; --       ; --           ; 117ps         ;
; U135     ; 41         ; HPS      ; HPS_IOA_2, GPIO0_IO1, SPIM1_SS1_N, SPIS0_MOSI, UART0_RTS_N, NAND_ADQ1, SDMMC_DATA1, USB0_STP, EMAC0_PPSTRIG0, TRACE_D9                ;               ;              ;         ; --       ;                 ; --       ; --           ; 116ps         ;
; V4       ;            ;          ; GND                                                                                                                                   ; gnd           ;              ;         ; --       ;                 ; --       ; --           ; --            ;
; V8       ;            ;          ; NC                                                                                                                                    ;               ;              ;         ; --       ;                 ; --       ; --           ; --            ;
; V15      ;            ;          ; GND                                                                                                                                   ; gnd           ;              ;         ; --       ;                 ; --       ; --           ; --            ;
; V18      ;            ;          ; NC                                                                                                                                    ;               ;              ;         ; --       ;                 ; --       ; --           ; --            ;
; V24      ;            ;          ; GND                                                                                                                                   ; gnd           ;              ;         ; --       ;                 ; --       ; --           ; --            ;
; V27      ;            ;          ; NC                                                                                                                                    ;               ;              ;         ; --       ;                 ; --       ; --           ; --            ;
; V34      ;            ;          ; GND                                                                                                                                   ; gnd           ;              ;         ; --       ;                 ; --       ; --           ; --            ;
; V37      ;            ;          ; NC                                                                                                                                    ;               ;              ;         ; --       ;                 ; --       ; --           ; --            ;
; V44      ;            ;          ; GND                                                                                                                                   ; gnd           ;              ;         ; --       ;                 ; --       ; --           ; --            ;
; V47      ; 410        ; 3B_T     ; RESERVED_INPUT_WITH_WEAK_PULLUP                                                                                                       ;               ;              ; 1.2V    ; --       ;                 ; no       ; On           ; 68ps          ;
; V55      ;            ;          ; GND                                                                                                                                   ; gnd           ;              ;         ; --       ;                 ; --       ; --           ; --            ;
; V58      ; 414        ; 3B_T     ; RESERVED_INPUT_WITH_WEAK_PULLUP                                                                                                       ;               ;              ; 1.2V    ; --       ;                 ; no       ; On           ; 81ps          ;
; V65      ;            ;          ; GND                                                                                                                                   ; gnd           ;              ;         ; --       ;                 ; --       ; --           ; --            ;
; V67      ; 446        ; 3B_B     ; RESERVED_INPUT_WITH_WEAK_PULLUP                                                                                                       ;               ;              ; 1.2V    ; --       ;                 ; no       ; On           ; 94ps          ;
; V74      ;            ;          ; GND                                                                                                                                   ; gnd           ;              ;         ; --       ;                 ; --       ; --           ; --            ;
; V77      ; 450        ; 3B_B     ; RESERVED_INPUT_WITH_WEAK_PULLUP                                                                                                       ;               ;              ; 1.2V    ; --       ;                 ; no       ; On           ; 139ps         ;
; V84      ;            ;          ; GND                                                                                                                                   ; gnd           ;              ;         ; --       ;                 ; --       ; --           ; --            ;
; V87      ; 313        ; 3A_T     ; RESERVED_INPUT_WITH_WEAK_PULLUP                                                                                                       ;               ;              ; 1.2V    ; --       ;                 ; no       ; On           ; 87ps          ;
; V95      ;            ;          ; GND                                                                                                                                   ; gnd           ;              ;         ; --       ;                 ; --       ; --           ; --            ;
; V98      ; 319        ; 3A_T     ; RESERVED_INPUT_WITH_WEAK_PULLUP                                                                                                       ;               ;              ; 1.2V    ; --       ;                 ; no       ; On           ; 97ps          ;
; V105     ;            ;          ; GND                                                                                                                                   ; gnd           ;              ;         ; --       ;                 ; --       ; --           ; --            ;
; V108     ; 349        ; 3A_B     ; RESERVED_INPUT_WITH_WEAK_PULLUP                                                                                                       ;               ;              ; 1.2V    ; --       ;                 ; no       ; On           ; 92ps          ;
; V114     ;            ;          ; GND                                                                                                                                   ; gnd           ;              ;         ; --       ;                 ; --       ; --           ; --            ;
; V117     ; 353        ; 3A_B     ; RESERVED_INPUT_WITH_WEAK_PULLUP                                                                                                       ;               ;              ; 1.2V    ; --       ;                 ; no       ; On           ; 106ps         ;
; V124     ;            ;          ; GND                                                                                                                                   ; gnd           ;              ;         ; --       ;                 ; --       ; --           ; --            ;
; V127     ; 70         ; HPS      ; HPS_IOB_7, GPIO1_IO6, SPIS1_SS0_N, UART1_TX, I2C1_SDA, NAND_ADQ3, SDMMC_DATA3, I3C0_SDA, EMAC1_RXD0, TRACE_D4                         ;               ;              ;         ; --       ;                 ; --       ; --           ; 115ps         ;
; V132     ;            ;          ; GND                                                                                                                                   ; gnd           ;              ;         ; --       ;                 ; --       ; --           ; --            ;
; W1       ;            ;          ; NC                                                                                                                                    ;               ;              ;         ; --       ;                 ; --       ; --           ; --            ;
; W2       ;            ;          ; NC                                                                                                                                    ;               ;              ;         ; --       ;                 ; --       ; --           ; --            ;
; W134     ; 42         ; HPS      ; HPS_IOA_3, GPIO0_IO2, SPIS0_SS0_N, UART0_TX, I2C1_SDA, NAND_WE_N, SDMMC_CLK, USB0_DIR, EMAC1_PPS1, TRACE_D8                           ;               ;              ;         ; --       ;                 ; --       ; --           ; 114ps         ;
; W135     ; 40         ; HPS      ; HPS_IOA_1, GPIO0_IO0, SPIM0_SS1_N, SPIS0_CLK, UART0_CTS_N, NAND_ADQ0, SDMMC_DATA0, USB0_CLK, EMAC0_PPS0, TRACE_D10                    ;               ;              ;         ; --       ;                 ; --       ; --           ; 116ps         ;
; Y4       ;            ;          ; NC                                                                                                                                    ;               ;              ;         ; --       ;                 ; --       ; --           ; --            ;
; Y8       ;            ;          ; NC                                                                                                                                    ;               ;              ;         ; --       ;                 ; --       ; --           ; --            ;
; Y15      ;            ;          ; NC                                                                                                                                    ;               ;              ;         ; --       ;                 ; --       ; --           ; --            ;
; Y18      ;            ;          ; NC                                                                                                                                    ;               ;              ;         ; --       ;                 ; --       ; --           ; --            ;
; Y24      ;            ;          ; NC                                                                                                                                    ;               ;              ;         ; --       ;                 ; --       ; --           ; --            ;
; Y27      ;            ;          ; NC                                                                                                                                    ;               ;              ;         ; --       ;                 ; --       ; --           ; --            ;
; Y34      ;            ;          ; NC                                                                                                                                    ;               ;              ;         ; --       ;                 ; --       ; --           ; --            ;
; Y37      ;            ;          ; NC                                                                                                                                    ;               ;              ;         ; --       ;                 ; --       ; --           ; --            ;
; Y44      ; 418        ; 3B_T     ; RESERVED_INPUT_WITH_WEAK_PULLUP                                                                                                       ;               ;              ; 1.2V    ; --       ;                 ; no       ; On           ; 107ps         ;
; Y47      ; 417        ; 3B_T     ; RESERVED_INPUT_WITH_WEAK_PULLUP                                                                                                       ;               ;              ; 1.2V    ; --       ;                 ; no       ; On           ; 106ps         ;
; Y55      ; 419        ; 3B_T     ; RESERVED_INPUT_WITH_WEAK_PULLUP                                                                                                       ;               ;              ; 1.2V    ; --       ;                 ; no       ; On           ; 140ps         ;
; Y58      ; 420        ; 3B_T     ; RESERVED_INPUT_WITH_WEAK_PULLUP                                                                                                       ;               ;              ; 1.2V    ; --       ;                 ; no       ; On           ; 141ps         ;
; Y65      ; 429        ; 3B_B     ; RESERVED_INPUT_WITH_WEAK_PULLUP                                                                                                       ;               ;              ; 1.2V    ; --       ;                 ; no       ; On           ; 124ps         ;
; Y67      ; 430        ; 3B_B     ; RESERVED_INPUT_WITH_WEAK_PULLUP                                                                                                       ;               ;              ; 1.2V    ; --       ;                 ; no       ; On           ; 126ps         ;
; Y74      ; 431        ; 3B_B     ; RESERVED_INPUT_WITH_WEAK_PULLUP                                                                                                       ;               ;              ; 1.2V    ; --       ;                 ; no       ; On           ; 141ps         ;
; Y77      ; 432        ; 3B_B     ; RESERVED_INPUT_WITH_WEAK_PULLUP                                                                                                       ;               ;              ; 1.2V    ; --       ;                 ; no       ; On           ; 143ps         ;
; Y84      ; 320        ; 3A_T     ; RESERVED_INPUT_WITH_WEAK_PULLUP                                                                                                       ;               ;              ; 1.2V    ; --       ;                 ; no       ; On           ; 136ps         ;
; Y87      ; 321        ; 3A_T     ; RESERVED_INPUT_WITH_WEAK_PULLUP                                                                                                       ;               ;              ; 1.2V    ; --       ;                 ; no       ; On           ; 135ps         ;
; Y95      ; 322        ; 3A_T     ; RESERVED_INPUT_WITH_WEAK_PULLUP                                                                                                       ;               ;              ; 1.2V    ; --       ;                 ; no       ; On           ; 150ps         ;
; Y98      ; 323        ; 3A_T     ; RESERVED_INPUT_WITH_WEAK_PULLUP                                                                                                       ;               ;              ; 1.2V    ; --       ;                 ; no       ; On           ; 149ps         ;
; Y105     ; 333        ; 3A_B     ; RESERVED_INPUT_WITH_WEAK_PULLUP                                                                                                       ;               ;              ; 1.2V    ; --       ;                 ; no       ; On           ; 152ps         ;
; Y108     ; 335        ; 3A_B     ; RESERVED_INPUT_WITH_WEAK_PULLUP                                                                                                       ;               ;              ; 1.2V    ; --       ;                 ; no       ; On           ; 143ps         ;
; Y114     ; 339        ; 3A_B     ; RESERVED_INPUT_WITH_WEAK_PULLUP                                                                                                       ;               ;              ; 1.2V    ; --       ;                 ; no       ; On           ; 154ps         ;
; Y117     ; 342        ; 3A_B     ; RESERVED_INPUT_WITH_WEAK_PULLUP                                                                                                       ;               ;              ; 1.2V    ; --       ;                 ; no       ; On           ; 143ps         ;
; Y124     ; 85         ; HPS      ; HPS_IOB_22, GPIO1_IO21, SPIM0_MOSI, SPIS1_MOSI, I2C_EMAC2_SCL, NAND_ADQ13, EMAC2_TXD3, TRACE_D1                                       ;               ;              ;         ; --       ;                 ; --       ; --           ; 116ps         ;
; Y127     ; 81         ; HPS      ; HPS_IOB_18, GPIO1_IO17, SPIM0_SS1_N, UART1_RTS_N, NAND_ADQ9, I3C0_SCL, EMAC2_TXD1, TRACE_D5                                           ;               ;              ;         ; --       ;                 ; --       ; --           ; 124ps         ;
; Y132     ; 73         ; HPS      ; HPS_IOB_10, GPIO1_IO9, JTAG_TMS, SPIS0_MOSI, MDIO2_MDC, I2C_EMAC2_SCL, NAND_ADQ5, SDMMC_DATA5, EMAC1_TXD3, TRACE_D13                  ;               ;              ;         ; --       ;                 ; --       ; --           ; 126ps         ;
+----------+------------+----------+---------------------------------------------------------------------------------------------------------------------------------------+---------------+--------------+---------+----------+-----------------+----------+--------------+---------------+
Note: Pin directions (input, output or bidir) are based on device operating in user mode.


+--------------------------------------------------------------------+
; Output Pin Default Load For Reported TCO                           ;
+------------------------------------+------+------------------------+
; I/O Standard                       ; Load ; Termination Resistance ;
+------------------------------------+------+------------------------+
; 1.2-V                              ; 0 pF ; Not Available          ;
; SSTL-12                            ; 0 pF ; Not Available          ;
; Differential 1.2-V SSTL            ; 0 pF ; Not Available          ;
; 1.2-V POD                          ; 0 pF ; Not Available          ;
; Differential 1.2-V POD             ; 0 pF ; Not Available          ;
; 1.2-V HSTL                         ; 0 pF ; Not Available          ;
; Differential 1.2-V HSTL            ; 0 pF ; Not Available          ;
; 1.2-V HSUL                         ; 0 pF ; Not Available          ;
; Differential 1.2-V HSUL            ; 0 pF ; Not Available          ;
; 1.0-V                              ; 0 pF ; Not Available          ;
; 1.8-V                              ; 0 pF ; Not Available          ;
; High Speed Differential I/O        ; 0 pF ; Not Available          ;
; Current Mode Logic (CML)           ; 0 pF ; 50 Ohm (Parallel)      ;
; 1.3-V True Differential Signaling  ; 0 pF ; Not Available          ;
; 1.1-V POD                          ; 0 pF ; Not Available          ;
; Differential 1.1-V POD             ; 0 pF ; Not Available          ;
; 1.1-V LVSTL                        ; 0 pF ; Not Available          ;
; Differential 1.1-V LVSTL           ; 0 pF ; Not Available          ;
; 1.05-V LVSTL                       ; 0 pF ; Not Available          ;
; Differential 1.05-V LVSTL          ; 0 pF ; Not Available          ;
; 0.7-V LVSTL                        ; 0 pF ; Not Available          ;
; Differential 0.7-V LVSTL           ; 0 pF ; Not Available          ;
; 0.4-V SLVS                         ; 0 pF ; Not Available          ;
; DPHY                               ; 0 pF ; Not Available          ;
; 1.2-V True Differential Signaling  ; 0 pF ; Not Available          ;
; 1.1-V True Differential Signaling  ; 0 pF ; Not Available          ;
; 1.05-V True Differential Signaling ; 0 pF ; Not Available          ;
; 1.05-V                             ; 0 pF ; Not Available          ;
; 1.1-V                              ; 0 pF ; Not Available          ;
; 1.8-V LVCMOS                       ; 0 pF ; Not Available          ;
; 2.5-V LVCMOS                       ; 0 pF ; Not Available          ;
; 3.3-V LVCMOS                       ; 0 pF ; Not Available          ;
; 1.3-V LVCMOS                       ; 0 pF ; Not Available          ;
+------------------------------------+------+------------------------+
Note: User assignments will override these defaults. The user specified values are listed in the Output Pins and Bidir Pins tables.


+----------------------------------------------------------+
; Control Signals                                          ;
+--------------------+------------+---------+--------------+
; Name               ; Location   ; Fan-Out ; Usage        ;
+--------------------+------------+---------+--------------+
; iClk               ; Unassigned ; 174     ; Clock        ;
; iDataEn~_wirecell  ; Unassigned ; 160     ; Sync. clear  ;
; iRsn               ; Unassigned ; 25      ; Async. clear ;
; u_dut|Decoder_0~0  ; Unassigned ; 1       ; Clock enable ;
; u_dut|Decoder_0~1  ; Unassigned ; 1       ; Clock enable ;
; u_dut|Decoder_0~2  ; Unassigned ; 1       ; Clock enable ;
; u_dut|Decoder_0~3  ; Unassigned ; 1       ; Clock enable ;
; u_dut|Decoder_0~4  ; Unassigned ; 1       ; Clock enable ;
; u_dut|Decoder_0~5  ; Unassigned ; 1       ; Clock enable ;
; u_dut|Decoder_0~6  ; Unassigned ; 1       ; Clock enable ;
; u_dut|Decoder_0~7  ; Unassigned ; 1       ; Clock enable ;
; u_dut|Decoder_0~8  ; Unassigned ; 1       ; Clock enable ;
; u_dut|data_mem~192 ; Unassigned ; 16      ; Clock enable ;
; u_dut|data_mem~193 ; Unassigned ; 16      ; Clock enable ;
; u_dut|data_mem~194 ; Unassigned ; 16      ; Clock enable ;
; u_dut|data_mem~195 ; Unassigned ; 16      ; Clock enable ;
; u_dut|data_mem~196 ; Unassigned ; 16      ; Clock enable ;
; u_dut|data_mem~197 ; Unassigned ; 16      ; Clock enable ;
; u_dut|data_mem~198 ; Unassigned ; 16      ; Clock enable ;
; u_dut|data_mem~199 ; Unassigned ; 16      ; Clock enable ;
; u_dut|data_mem~200 ; Unassigned ; 16      ; Clock enable ;
; u_dut|data_mem~201 ; Unassigned ; 16      ; Clock enable ;
; u_dut|reduce_nor_0 ; Unassigned ; 1       ; Clock enable ;
+--------------------+------------+---------+--------------+


+-------------------------------------------------------------------------+
; Global & Other Fast Signals Summary                                     ;
+------------------------+----------------------+---------+---------------+
; Name                   ; Location             ; Fan-Out ; Clock Region  ;
+------------------------+----------------------+---------+---------------+
; iClk~FITTER_INSERTED_0 ; LABCELL_X124_Y51_N24 ; 174     ; Sector (1, 1) ;
+------------------------+----------------------+---------+---------------+


-------------------------------
; Global Signal Visualization ;
-------------------------------
This report is unavailable in plain text report export.


+--------------------------------------------------------------------------------------------------+
; Global & Other Fast Signals Details                                                              ;
+---------------------------------------------------+----------------------------------------------+
; Property                                          ; Value                                        ;
+---------------------------------------------------+----------------------------------------------+
; Name                                              ; iClk~FITTER_INSERTED_0                       ;
;     -- SDC Name                                   ; iClk                                         ;
;     -- Source Node                                ; iClk~FITTER_INSERTED_0                       ;
;     -- Source Type                                ; Combinational cell                           ;
;     -- Source Location                            ; LABCELL_X124_Y51_N24                         ;
;     -- Fan-Out                                    ; 174                                          ;
;     -- Promotion Reason                           ; Mandatory                                    ;
;     -- Clock Region                               ; Sector (1, 1)                                ;
;     -- Clock Partition Ownership for Preservation ; root_partition                               ;
;     -- Clock Region Size (in Sectors)             ; 1 x 1 (1 total)                              ;
;     -- Clock Region Bounding Box                  ; (61, 52) to (124, 98)                        ;
;     -- Clock Region Constraint                    ; SX1 SY1 SX1 SY1                              ;
;     -- Terminating Spine Index                    ; 12                                           ;
;     -- Path Length                                ; 0.5 clock sector wire(s) and 0 layer jump(s) ;
;         -- Length from Clock Source to Clock Tree ; 0.5 clock sector wire(s) and 0 layer jump(s) ;
;         -- Clock Tree Length                      ; 0.0 clock sector wire(s) and 0 layer jump(s) ;
+---------------------------------------------------+----------------------------------------------+
To visualize how these signals are routed, use the Chip Planner task "Report Clock Details".
To manually specify the size and placement of these signals, use the Assignment Editor to make Clock Region assignments.


+------------------------------------------------------------------------------------------+
; Fitter Resource Usage Summary                                                            ;
+-------------------------------------------------------------+--------------------+-------+
; Resource                                                    ; Usage              ; %     ;
+-------------------------------------------------------------+--------------------+-------+
; Usage Report Generated after: Finalize                      ;                    ;       ;
;                                                             ;                    ;       ;
; Logic utilization (ALMs needed / total ALMs on device)      ; 162 / 222,400      ; < 1 % ;
; ALMs needed [=A-B+C]                                        ; 162                ;       ;
;     [A] ALMs used in final placement [=a+b+c+d]             ; 162 / 222,400      ; < 1 % ;
;         [a] ALMs used for LUT logic and register circuitry  ; 13                 ;       ;
;         [b] ALMs used for LUT logic                         ; 94                 ;       ;
;         [c] ALMs used for register circuitry                ; 55                 ;       ;
;         [d] ALMs used for memory (up to half of total ALMs) ; 0                  ;       ;
;     [B] Estimate of ALMs recoverable by dense packing       ; 20 / 222,400       ; < 1 % ;
;     [C] Estimate of ALMs unavailable [=a+b+c+d]             ; 20 / 222,400       ; < 1 % ;
;         [a] Due to location constrained logic               ; 0                  ;       ;
;         [b] Due to LAB-wide signal conflicts                ; 0                  ;       ;
;         [c] Due to LAB input limits                         ; 0                  ;       ;
;         [d] Due to virtual I/Os                             ; 20                 ;       ;
;                                                             ;                    ;       ;
; Difficulty packing design                                   ; Low                ;       ;
;                                                             ;                    ;       ;
; Total LABs:  partially or completely used                   ; 22 / 22,240        ; < 1 % ;
;     -- Logic LABs                                           ; 22                 ;       ;
;     -- Memory LABs (up to half of total LABs)               ; 0                  ;       ;
;                                                             ;                    ;       ;
; Combinational ALUT usage for logic                          ; 135                ;       ;
;     -- 8 input functions                                    ; 3                  ;       ;
;     -- 7 input functions                                    ; 0                  ;       ;
;     -- 6 input functions                                    ; 51                 ;       ;
;     -- 5 input functions                                    ; 50                 ;       ;
;     -- 4 input functions                                    ; 16                 ;       ;
;     -- <=3 input functions                                  ; 15                 ;       ;
; Combinational ALUT usage for route-throughs                 ; 73                 ;       ;
;                                                             ;                    ;       ;
; Dedicated logic registers                                   ; 178                ;       ;
;     -- By type:                                             ;                    ;       ;
;         -- LAB logic registers:                             ;                    ;       ;
;             -- Primary logic registers                      ; 135 / 444,800      ; < 1 % ;
;             -- Secondary logic registers                    ; 43 / 444,800       ; < 1 % ;
;         -- Hyper-Registers:                                 ; 0                  ;       ;
;                                                             ;                    ;       ;
; Register control circuitry for power estimation             ; 124                ;       ;
;                                                             ;                    ;       ;
; ALMs adjustment for power estimation                        ; 7                  ;       ;
;                                                             ;                    ;       ;
; I/O pins                                                    ; 0 / 624            ; 0 %   ;
;     -- Clock pins                                           ; 0 / 44             ; 0 %   ;
;     -- Dedicated input pins                                 ; 3 / 54             ; 6 %   ;
;                                                             ;                    ;       ;
; M20K blocks                                                 ; 0 / 1,611          ; 0 %   ;
; Total MLAB memory bits                                      ; 0                  ;       ;
; Total block memory bits                                     ; 0 / 32,993,280     ; 0 %   ;
; Total block memory implementation bits                      ; 0 / 32,993,280     ; 0 %   ;
;                                                             ;                    ;       ;
; DSP Blocks Needed [=A+B+C-D]                                ; 0 / 846            ; 0 %   ;
;     [A] Total Fixed Point DSP Blocks                        ; 0                  ;       ;
;     [B] Total Floating Point DSP Blocks                     ; 0                  ;       ;
;     [C] Total DSP_PRIME Blocks                              ; 0                  ;       ;
;     [D] Estimate of DSP Blocks recoverable by dense merging ; 0                  ;       ;
;                                                             ;                    ;       ;
; IOPLLs                                                      ; 0 / 15             ; 0 %   ;
; Global signals                                              ; 1                  ;       ;
; LVDS_RX blocks                                              ; 0 / 192            ; 0 %   ;
; HMC blocks                                                  ; 0 / 8              ; 0 %   ;
; Average interconnect usage (total/H/V)                      ; 0.0% / 0.0% / 0.0% ;       ;
; Peak interconnect usage (total/H/V)                         ; 1.5% / 1.8% / 1.0% ;       ;
; Maximum fan-out                                             ; 178                ;       ;
; Highest non-global fan-out                                  ; 160                ;       ;
; Total fan-out                                               ; 1416               ;       ;
; Average fan-out                                             ; 3.75               ;       ;
+-------------------------------------------------------------+--------------------+-------+
The Fitter Resource Usage Summary report displays a detailed analysis of logic utilization based on calculations of ALM usage. Refer to <a class="xref" href="https://www.intel.com/content/www/us/en/programmable/quartushelp/current/index.htm#mapIdTopics/mwh1465496451103.htm" target="_blank">Fitter Resource Usage Summary Report</a> in the <i>Intel® Quartus® Prime Pro Edition Help</i> for more information.


+------------------------------------------------------------------------------------------------------------------------------------------------------------------------------------------------------------------------------------------------------------------------------------------------------------------------------------------------------------------------------------------------------------------------------------------------------------------------------------------------------------+
; Fitter Resource Utilization by Entity                                                                                                                                                                                                                                                                                                                                                                                                                                                                      ;
+----------------------------+----------------------+----------------------------------+---------------------------------------------------+----------------------------------+----------------------+---------------------+---------------------------+---------------+-------------------+-------+--------------------------+----------------------------------------+---------------------------------------------------+------+--------+---------------------+----------------------------+--------------+
; Compilation Hierarchy Node ; ALMs needed [=A-B+C] ; [A] ALMs used in final placement ; [B] Estimate of ALMs recoverable by dense packing ; [C] Estimate of ALMs unavailable ; ALMs used for memory ; Combinational ALUTs ; Dedicated Logic Registers ; I/O Registers ; Block Memory Bits ; M20Ks ; DSP Blocks needed [=A-B] ; [A] DSP Blocks used in final placement ; [B] Estimate of DSPs recoverable by dense merging ; Pins ; IOPLLs ; Full Hierarchy Name ; Entity Name                ; Library Name ;
+----------------------------+----------------------+----------------------------------+---------------------------------------------------+----------------------------------+----------------------+---------------------+---------------------------+---------------+-------------------+-------+--------------------------+----------------------------------------+---------------------------------------------------+------+--------+---------------------+----------------------------+--------------+
; |                          ; 161.8 (20.3)         ; 161.5 (0.5)                      ; 19.7 (0.2)                                        ; 20.0 (20.0)                      ; 0.0 (0.0)            ; 135 (1)             ; 178 (0)                   ; 0 (0)         ; 0                 ; 0     ; 0                        ; 0                                      ; 0                                                 ; 0    ; 0 (0)  ; |                   ; circular_depth10           ; altera_work  ;
;    |u_dut|                 ; 141.5 (141.5)        ; 161.0 (161.0)                    ; 19.5 (19.5)                                       ; 0.0 (0.0)                        ; 0.0 (0.0)            ; 134 (134)           ; 178 (178)                 ; 0 (0)         ; 0                 ; 0     ; 0                        ; 0                                      ; 0                                                 ; 0    ; 0 (0)  ; u_dut               ; circular_queue_delay_logic ; altera_work  ;
+----------------------------+----------------------+----------------------------------+---------------------------------------------------+----------------------------------+----------------------+---------------------+---------------------------+---------------+-------------------+-------+--------------------------+----------------------------------------+---------------------------------------------------+------+--------+---------------------+----------------------------+--------------+
Note: For table entries with two numbers listed, the numbers in parentheses indicate the number of resources of the given type used by the specific entity alone. The numbers listed outside of parentheses indicate the total resources of the given type used by the specific entity and all of its sub-entities in the hierarchy.


+------------------------------------------------------------------------------------------------------------------------------------------------------------------------------+
; Fitter Netlist Optimizations                                                                                                                                                 ;
+--------------------+------------+---------------------------------------------------+--------------------------+-----------+------------------------------+------------------+
; Node               ; Action     ; Operation                                         ; Reason                   ; Node Port ; Destination Node             ; Destination Port ;
+--------------------+------------+---------------------------------------------------+--------------------------+-----------+------------------------------+------------------+
; u_dut|write_ptr[0] ; Duplicated ; Router Logic Cell Insertion and Logic Duplication ; Routability optimization ;           ; u_dut|write_ptr[0]~DUPLICATE ;                  ;
; u_dut|write_ptr[1] ; Duplicated ; Router Logic Cell Insertion and Logic Duplication ; Routability optimization ;           ; u_dut|write_ptr[1]~DUPLICATE ;                  ;
; u_dut|write_ptr[2] ; Duplicated ; Router Logic Cell Insertion and Logic Duplication ; Routability optimization ;           ; u_dut|write_ptr[2]~DUPLICATE ;                  ;
; u_dut|write_ptr[3] ; Duplicated ; Router Logic Cell Insertion and Logic Duplication ; Routability optimization ;           ; u_dut|write_ptr[3]~DUPLICATE ;                  ;
+--------------------+------------+---------------------------------------------------+--------------------------+-----------+------------------------------+------------------+
Note: Retiming optimizations are not included in this table. 


+--------------------------------------------------------------------+
; Routing Usage Summary                                              ;
+--------------------------------------+-----------------------------+
; Routing Resource Type                ; Usage                       ;
+--------------------------------------+-----------------------------+
; Block Input Mux Wrapbacks            ; 0 / 197,400 ( 0 % )         ;
; Block Input Muxes                    ; 1,120 / 2,278,560 ( < 1 % ) ;
; Block interconnects                  ; 753 / 2,391,360 ( < 1 % )   ;
; C1 interconnects                     ; 316 / 1,071,360 ( < 1 % )   ;
; C4 interconnects                     ; 0 / 1,049,040 ( 0 % )       ;
; C8 interconnects                     ; 0 / 104,904 ( 0 % )         ;
; DCM_muxes                            ; 0 / 456 ( 0 % )             ;
; DELAY_CHAINs                         ; 0 / 4,306 ( 0 % )           ;
; Direct links                         ; 63 / 2,391,360 ( < 1 % )    ;
; HIO Buffers                          ; 0 / 31,584 ( 0 % )          ;
; IO12PHYTOP_LOGIC_INPUTs              ; 0 / 416 ( 0 % )             ;
; IO12PHYTOP_LOGIC_OUTPUTs             ; 0 / 960 ( 0 % )             ;
; IO75XDDRFMXCKTREE_CLKDRV_BIG_VCO_REs ; 0 / 16 ( 0 % )              ;
; IO75XDDRFMXCKTREE_CLKDRV_GM0_REs     ; 0 / 16 ( 0 % )              ;
; IO75XDDRFMXCKTREE_CLKDRV_VCO_INPUTs  ; 0 / 8 ( 0 % )               ;
; IO75XDDRFMXCKTREE_CLKDRV_VCO_OUTPUTs ; 0 / 8 ( 0 % )               ;
; IO75XDDRFMXCKTREE_FB_MUX31_REs       ; 0 / 48 ( 0 % )              ;
; IOFBRADAPT_C2P_BUF_INPUTs            ; 0 / 132 ( 0 % )             ;
; IOFBRADAPT_C2P_BUF_OUTPUTs           ; 0 / 132 ( 0 % )             ;
; IOFBRADAPT_FRZ_BUFS_REs              ; 0 / 616 ( 0 % )             ;
; IOFBRADAPT_P2C_BUF_INPUTs            ; 0 / 284 ( 0 % )             ;
; IOFBRADAPT_P2C_BUF_OUTPUTs           ; 0 / 284 ( 0 % )             ;
; Programmable Invert Buffers          ; 0 / 320 ( 0 % )             ;
; Programmable Invert Inputs           ; 23 / 214,170 ( < 1 % )      ;
; Programmable Inverts                 ; 23 / 214,170 ( < 1 % )      ;
; R0 interconnects                     ; 382 / 1,835,820 ( < 1 % )   ;
; R1 interconnects                     ; 306 / 1,049,040 ( < 1 % )   ;
; R12 interconnects                    ; 0 / 157,356 ( 0 % )         ;
; R2 interconnects                     ; 130 / 527,340 ( < 1 % )     ;
; R4 interconnects                     ; 53 / 532,980 ( < 1 % )      ;
; R6 interconnects                     ; 12 / 535,800 ( < 1 % )      ;
; Redundancy Muxes                     ; 1 / 62,248 ( < 1 % )        ;
; Row Clock Tap-Offs                   ; 16 / 157,356 ( < 1 % )      ;
; Switchbox_clock_muxes                ; 3 / 5,120 ( < 1 % )         ;
; VIO Buffers                          ; 0 / 12,800 ( 0 % )          ;
; Vertical_seam_tap_muxes              ; 2 / 2,304 ( < 1 % )         ;
+--------------------------------------+-----------------------------+


--------------------------------------
; Global Router Wire Utilization Map ;
--------------------------------------
This report is unavailable in plain text report export.


+-------------------------------------------------------------------------------+
; Peak Wire Demand Summary                                                      ;
+-----------------+-----------+-----------------------------------+-------------+
; Wire            ; Direction ; Grid [(Xmin, Ymin), (Xmax, Ymax)] ; Peak Demand ;
+-----------------+-----------+-----------------------------------+-------------+
; long high speed ; right     ; [(108, 48), (119, 55)]            ; 8.333 %     ;
; long high speed ; left      ; [(120, 48), (131, 55)]            ; 32.639 %    ;
+-----------------+-----------+-----------------------------------+-------------+


+---------------------------------------------------------------------------------------------------------+
; Peak Wire Demand Details                                                                                ;
+-----------------+-----------+-----------------------------------+-------------+-------------------------+
; Wire            ; Direction ; Grid [(Xmin, Ymin), (Xmax, Ymax)] ; Peak Demand ; Net Names               ;
+-----------------+-----------+-----------------------------------+-------------+-------------------------+
; long high speed ; right     ; [(108, 48), (119, 55)]            ; 8.333 %     ;    High Routing Fan-Out ;
;     --          ;           ;                                   ;             ; u_dut|read_ptr[1]~3     ;
;     --          ;           ;                                   ;             ; u_dut|delay_is_valid~0  ;
;     --          ;           ;                                   ;             ; u_dut|read_ptr[0]~2     ;
;     --          ;           ;                                   ;             ; u_dut|LessThan_2~3      ;
;     --          ;           ;                                   ;             ; iRsn                    ;
;     --          ;           ;                                   ;             ; u_dut|i97~0             ;
;     --          ;           ;                                   ;             ; u_dut|i96~0             ;
;     --          ;           ;                                   ;             ; u_dut|oData[0]~2xsyn    ;
;     --          ;           ;                                   ;             ; iDataEn                 ;
;     --          ;           ;                                   ;             ; iData[0]                ;
; long high speed ; right     ; [(108, 48), (119, 55)]            ; 8.333 %     ;    Long Distance        ;
;     --          ;           ;                                   ;             ; u_dut|read_ptr[1]~3     ;
;     --          ;           ;                                   ;             ; u_dut|delay_is_valid~0  ;
;     --          ;           ;                                   ;             ; u_dut|read_ptr[0]~2     ;
;     --          ;           ;                                   ;             ; u_dut|LessThan_2~3      ;
;     --          ;           ;                                   ;             ; iRsn                    ;
;     --          ;           ;                                   ;             ; u_dut|i97~0             ;
;     --          ;           ;                                   ;             ; u_dut|i96~0             ;
;     --          ;           ;                                   ;             ; u_dut|oData[0]~2xsyn    ;
;     --          ;           ;                                   ;             ; iDataEn                 ;
;     --          ;           ;                                   ;             ; iData[0]                ;
; long high speed ; left      ; [(120, 48), (131, 55)]            ; 32.639 %    ;    High Routing Fan-Out ;
;     --          ;           ;                                   ;             ; u_dut|write_ptr[0]      ;
;     --          ;           ;                                   ;             ; u_dut|write_ptr[2]      ;
;     --          ;           ;                                   ;             ; u_dut|write_ptr[1]      ;
;     --          ;           ;                                   ;             ; u_dut|write_ptr[3]      ;
;     --          ;           ;                                   ;             ; iDataEn~xsyn            ;
;     --          ;           ;                                   ;             ; iData[12]               ;
;     --          ;           ;                                   ;             ; iData[5]                ;
;     --          ;           ;                                   ;             ; iData[8]                ;
;     --          ;           ;                                   ;             ; iData[15]               ;
;     --          ;           ;                                   ;             ; iData[1]                ;
; long high speed ; left      ; [(120, 48), (131, 55)]            ; 32.639 %    ;    Long Distance        ;
;     --          ;           ;                                   ;             ; u_dut|write_ptr[0]      ;
;     --          ;           ;                                   ;             ; u_dut|write_ptr[2]      ;
;     --          ;           ;                                   ;             ; u_dut|write_ptr[1]      ;
;     --          ;           ;                                   ;             ; u_dut|write_ptr[3]      ;
;     --          ;           ;                                   ;             ; iDataEn~xsyn            ;
;     --          ;           ;                                   ;             ; iData[12]               ;
;     --          ;           ;                                   ;             ; iData[5]                ;
;     --          ;           ;                                   ;             ; iData[8]                ;
;     --          ;           ;                                   ;             ; iData[15]               ;
;     --          ;           ;                                   ;             ; iData[1]                ;
+-----------------+-----------+-----------------------------------+-------------+-------------------------+


+-------------------------------------------+
; Peak Total Grid Crossings                 ;
+--------------------+----------------------+
; Net Name           ; Total Grid Crossings ;
+--------------------+----------------------+
; u_dut|data_mem~182 ; 1                    ;
; u_dut|data_mem~164 ; 1                    ;
; u_dut|data_mem~174 ; 1                    ;
; u_dut|data_mem~175 ; 1                    ;
; u_dut|oDataEn~3    ; 1                    ;
; u_dut|valid_mem[1] ; 1                    ;
; u_dut|valid_mem[8] ; 1                    ;
; u_dut|data_mem~58  ; 1                    ;
; u_dut|data_mem~166 ; 1                    ;
; u_dut|data_mem~176 ; 1                    ;
; u_dut|data_mem~17  ; 1                    ;
; u_dut|data_mem~143 ; 1                    ;
; u_dut|oData[10]~32 ; 1                    ;
; u_dut|data_mem~150 ; 1                    ;
; u_dut|valid_mem[9] ; 1                    ;
; u_dut|data_mem~178 ; 1                    ;
; u_dut|data_mem~168 ; 1                    ;
; u_dut|oData[4]~14  ; 1                    ;
; u_dut|oData[0]~3   ; 1                    ;
; u_dut|oData[12]~39 ; 1                    ;
; u_dut|oData[9]~29  ; 1                    ;
; u_dut|data_mem~106 ; 1                    ;
; u_dut|oData[5]~18  ; 1                    ;
; u_dut|oData[2]~9   ; 1                    ;
; u_dut|oData[11]~36 ; 1                    ;
; u_dut|oData[7]~24  ; 1                    ;
; u_dut|data_mem~80  ; 1                    ;
; u_dut|data_mem~90  ; 1                    ;
; u_dut|data_mem~186 ; 1                    ;
; u_dut|data_mem~187 ; 1                    ;
; u_dut|data_mem~73  ; 1                    ;
; u_dut|data_mem~69  ; 1                    ;
; u_dut|data_mem~65  ; 1                    ;
; u_dut|data_mem~70  ; 1                    ;
; u_dut|data_mem~75  ; 1                    ;
; u_dut|data_mem~79  ; 1                    ;
; u_dut|data_mem~72  ; 1                    ;
; u_dut|data_mem~74  ; 1                    ;
; u_dut|data_mem~64  ; 1                    ;
; u_dut|data_mem~165 ; 1                    ;
; u_dut|oData[14]~45 ; 1                    ;
; u_dut|data_mem~189 ; 1                    ;
; u_dut|oData[3]~12  ; 1                    ;
; u_dut|oData[1]~6   ; 1                    ;
; u_dut|data_mem~167 ; 1                    ;
; u_dut|data_mem~49  ; 1                    ;
; u_dut|data_mem~62  ; 1                    ;
; u_dut|data_mem~53  ; 1                    ;
; u_dut|data_mem~37  ; 1                    ;
; u_dut|data_mem~42  ; 1                    ;
+--------------------+----------------------+


--------------------------------------------
; Global Router Congestion Hotspot Summary ;
--------------------------------------------
No congestion hotspots found where global router short wire usage exceeded 100%.
If the design is hard to route, use other techniques to analyze congestion. Refer to the Estimated Delay Added for Hold Timing section in the Fitter report and routing utilization in the Chip Planner.


+--------------------------------------------------+
; Hyper-Retimer Settings                           ;
+------------------------+---------+---------------+
; Option                 ; Setting ; Default Value ;
+------------------------+---------+---------------+
; Enable Auto-Pipelining ; On      ; On            ;
+------------------------+---------+---------------+


+------------------------------------------+
; Reset Sequence Requirement               ;
+------------+-----------------------------+
; Clock Name ; Number of additional cycles ;
+------------+-----------------------------+
; iClk       ; 0                           ;
+------------+-----------------------------+
Note: Due to retiming optimizations, a clock domain may require a longer reset sequence to ensure correct functionality.  The table above indicates the minimum number of additional reset sequence cycles needed for each clock domain.


+------------------------------------------------------------------------------------------------+
; Retiming Limit Summary                                                                         ;
+-------------------+-----------------------------------------------------------+----------------+
; Clock Transfer    ; Limiting Reason                                           ; Recommendation ;
+-------------------+-----------------------------------------------------------+----------------+
; Clock Domain iClk ; Meets timing requirements: No further analysis performed. ; None           ;
+-------------------+-----------------------------------------------------------+----------------+


Clock Domain iClk (Meets timing requirements: No further analysis performed.)
===============================================================================


+--------------------------------------------------------------------+
; Routing Usage Summary                                              ;
+--------------------------------------+-----------------------------+
; Routing Resource Type                ; Usage                       ;
+--------------------------------------+-----------------------------+
; Block Input Mux Wrapbacks            ; 0 / 197,400 ( 0 % )         ;
; Block Input Muxes                    ; 1,120 / 2,278,560 ( < 1 % ) ;
; Block interconnects                  ; 753 / 2,391,360 ( < 1 % )   ;
; C1 interconnects                     ; 316 / 1,071,360 ( < 1 % )   ;
; C4 interconnects                     ; 0 / 1,049,040 ( 0 % )       ;
; C8 interconnects                     ; 0 / 104,904 ( 0 % )         ;
; DCM_muxes                            ; 0 / 456 ( 0 % )             ;
; DELAY_CHAINs                         ; 0 / 4,306 ( 0 % )           ;
; Direct links                         ; 63 / 2,391,360 ( < 1 % )    ;
; HIO Buffers                          ; 0 / 31,584 ( 0 % )          ;
; IO12PHYTOP_LOGIC_INPUTs              ; 0 / 416 ( 0 % )             ;
; IO12PHYTOP_LOGIC_OUTPUTs             ; 0 / 960 ( 0 % )             ;
; IO75XDDRFMXCKTREE_CLKDRV_BIG_VCO_REs ; 0 / 16 ( 0 % )              ;
; IO75XDDRFMXCKTREE_CLKDRV_GM0_REs     ; 0 / 16 ( 0 % )              ;
; IO75XDDRFMXCKTREE_CLKDRV_VCO_INPUTs  ; 0 / 8 ( 0 % )               ;
; IO75XDDRFMXCKTREE_CLKDRV_VCO_OUTPUTs ; 0 / 8 ( 0 % )               ;
; IO75XDDRFMXCKTREE_FB_MUX31_REs       ; 0 / 48 ( 0 % )              ;
; IOFBRADAPT_C2P_BUF_INPUTs            ; 0 / 132 ( 0 % )             ;
; IOFBRADAPT_C2P_BUF_OUTPUTs           ; 0 / 132 ( 0 % )             ;
; IOFBRADAPT_FRZ_BUFS_REs              ; 0 / 616 ( 0 % )             ;
; IOFBRADAPT_P2C_BUF_INPUTs            ; 0 / 284 ( 0 % )             ;
; IOFBRADAPT_P2C_BUF_OUTPUTs           ; 0 / 284 ( 0 % )             ;
; Programmable Invert Buffers          ; 0 / 320 ( 0 % )             ;
; Programmable Invert Inputs           ; 23 / 214,170 ( < 1 % )      ;
; Programmable Inverts                 ; 23 / 214,170 ( < 1 % )      ;
; R0 interconnects                     ; 382 / 1,835,820 ( < 1 % )   ;
; R1 interconnects                     ; 306 / 1,049,040 ( < 1 % )   ;
; R12 interconnects                    ; 0 / 157,356 ( 0 % )         ;
; R2 interconnects                     ; 130 / 527,340 ( < 1 % )     ;
; R4 interconnects                     ; 53 / 532,980 ( < 1 % )      ;
; R6 interconnects                     ; 12 / 535,800 ( < 1 % )      ;
; Redundancy Muxes                     ; 1 / 62,248 ( < 1 % )        ;
; Row Clock Tap-Offs                   ; 16 / 157,356 ( < 1 % )      ;
; Switchbox_clock_muxes                ; 3 / 5,120 ( < 1 % )         ;
; VIO Buffers                          ; 0 / 12,800 ( 0 % )          ;
; Vertical_seam_tap_muxes              ; 2 / 2,304 ( < 1 % )         ;
+--------------------------------------+-----------------------------+


+-----------------+
; Fitter Messages ;
+-----------------+
Info (20030): Parallel compilation is enabled and will use 12 of the 12 processors detected
Info: *******************************************************************
Info: Running Quartus Prime Fitter
    Info: Version 24.3.1 Build 102 01/14/2025 SC Pro Edition
    Info: Processing started: Wed Jul 29 23:00:56 2026
    Info: System process ID: 46240
Info: Command: quartus_fit --read_settings_files=on --write_settings_files=off circular_depth10 -c circular_depth10
Info (16677): Loading synthesized database.
Info (16734): Loading "synthesized" snapshot for partition "root_partition".
Info (16678): Successfully loaded synthesized database: elapsed time is 00:00:15.
Info (119006): Selected device A5ED065BB32AE6SR0 for design "circular_depth10"
Info (21076): High junction temperature operating condition is not set. Assuming a default value of '100'.
Info (21076): Low junction temperature operating condition is not set. Assuming a default value of '0'.
Info (171004): Fitter is performing a Standard Fit compilation using maximum Fitter effort to optimize design performance
Info (21076): High junction temperature operating condition is not set. Assuming a default value of '100'.
Info (21076): Low junction temperature operating condition is not set. Assuming a default value of '0'.
Info (12262): Starting Fitter periphery placement operations
Info (12290): Loading the periphery placement data.
Info (12291): Periphery placement data loaded: elapsed time is 00:01:24
Info (12627): Pin ~ALTERA_AS_DATA1~ is reserved at location BK102
Info (12627): Pin ~ALTERA_AS_nCSO0,ALTERA_MSEL0~ is reserved at location CF112
Info (12627): Pin ~ALTERA_AS_DATA2~ is reserved at location CH99
Info (12627): Pin ~ALTERA_AS_DATA0~ is reserved at location BH99
Info (12627): Pin ~ALTERA_AS_CLK~ is reserved at location BK99
Info (12627): Pin ~ALTERA_AS_nCSO2,ALTERA_MSEL1~ is reserved at location BM99
Info (12627): Pin ~ALTERA_AS_nCSO1,ALTERA_MSEL2~ is reserved at location BM102
Info (12627): Pin ~ALTERA_AS_DATA3~ is reserved at location CF102
Info (12627): Pin ~ALTERA_AS_nCSO3~ is reserved at location CC102
Info (12627): Pin ~ALTERA_AS_nRST~ is reserved at location CA102
Info (16210): Plan updated with currently enabled project assignments.
Info (12295): Periphery placement of all unplaced cells complete: elapsed time is 00:00:00
Info (19539): Reading the HDL-embedded SDC files elapsed 00:00:00.
Info (332104): Reading SDC File: '../../constraints/clock_100mhz.sdc'
Info (332151): Clock uncertainty is not calculated until you update the timing netlist.
Info (19449): Reading SDC files elapsed 00:00:00.
Warning (332158): Clock uncertainty characteristics of the Agilex 5 device family are preliminary
Info (332154): The derive_clock_uncertainty command did not apply clock uncertainty to any clock-to-clock transfers.
Info (332129): Detected timing requirements -- optimizing circuit to achieve only the specified requirements
Info (332111): Found 1 clocks
    Info (332111):   Period   Clock Name
    Info (332111): ======== ============
    Info (332111):   10.000         iClk
Info (176233): Starting register packing
Info (176235): Finished register packing
    Extra Info (176219): No registers were packed into other blocks
Info (20273): Intermediate fitter snapshots will not be committed because ENABLE_INTERMEDIATE_SNAPSHOTS QSF assignment is disabled during compilation.
Info (21624): Not running Design Assistant in plan stage because there is no enabled rule to check
Info (12517): Periphery placement operations ending: elapsed time is 00:03:56
Info (11165): Fitter preparation operations ending: elapsed time is 00:03:31
Info (18252): The Fitter is using Physical Synthesis.
Info (22300): Design uses Placement Effort Multiplier = 1.0.
Info (18258): Fitter Physical Synthesis operations beginning
Info (18259): Fitter Physical Synthesis operations ending: elapsed time is 00:00:13
Info (11888): Total time spent on timing analysis during Physical Synthesis is 0.00 seconds.
Info (11178): Promoted 1 clock 
    Info (18386): iClk (174 fanout) drives clock sector (1, 1)
Info (22300): Design uses Placement Effort Multiplier = 1.0.
Info (170189): Fitter placement preparation operations beginning
Info (11888): Total time spent on timing analysis during Physical Synthesis is 0.00 seconds.
Info (22300): Design uses Placement Effort Multiplier = 1.0.
Info (170191): Fitter placement operations beginning
Info (170137): Fitter placement was successful
Info (170192): Fitter placement operations ending: elapsed time is 00:00:12
Info (11888): Total time spent on timing analysis during Placement is 0.00 seconds.
Info (21624): Not running Design Assistant in place stage because there is no enabled rule to check
Info (22300): Design uses Placement Effort Multiplier = 1.0.
Info (170193): Fitter routing operations beginning
Info (20215): Router estimated peak short interconnect demand : 0% of right directional wire in region X0_Y0 to X11_Y7
    Info (20265): Estimated peak short right directional wire demand : 0% in region X0_Y0 to X11_Y7
    Info (20265): Estimated peak short left directional wire demand : 0% in region X0_Y0 to X11_Y7
    Info (20265): Estimated peak short up directional wire demand : 0% in region X0_Y0 to X11_Y7
    Info (20265): Estimated peak short down directional wire demand : 0% in region X0_Y0 to X11_Y7
Info (20215): Router estimated peak long high speed interconnect demand : 32% of left directional wire in region X120_Y48 to X131_Y55
    Info (20265): Estimated peak long high speed right directional wire demand : 8% in region X108_Y48 to X119_Y55
    Info (20265): Estimated peak long high speed left directional wire demand : 32% in region X120_Y48 to X131_Y55
    Info (20265): Estimated peak long high speed up directional wire demand : 0% in region X0_Y0 to X11_Y7
    Info (20265): Estimated peak long high speed down directional wire demand : 0% in region X0_Y0 to X11_Y7
    Info (20315): Note that the router may use short wires to implement long connections at higher delay
Info (170239): Router is attempting to preserve 0.30 percent of routes from an earlier compilation, a user specified Routing Constraints File, or internal routing requirements.
Info (11888): Total time spent on timing analysis during Routing is 0.20 seconds.
Warning (18291): Timing characteristics of device A5ED065BB32AE6SR0 are preliminary
Info (16607): Fitter routing operations ending: elapsed time is 00:01:23
Info (17966): Starting Hyper-Retimer operations.
Info (18914): The Hyper-Retimer was unable to optimize the design due to retiming restrictions. Run Fast Forward Timing Closure Recommendations to see step-by-step suggestions for design changes and show the estimated performance improvement from making these changes.
Info (17968): Completed Hyper-Retimer operations.
Info (18821): Fitter Hyper-Retimer operations ending: elapsed time is 00:00:09
Info (21076): High junction temperature operating condition is not set. Assuming a default value of '100'.
Info (21076): Low junction temperature operating condition is not set. Assuming a default value of '0'.
Info (18258): Fitter Physical Synthesis operations beginning
Info (18259): Fitter Physical Synthesis operations ending: elapsed time is 00:00:03
Info (24604): Global preservation of unused transceiver channels is enabled. All unused transceiver channels will be preserved.
Info (16557): Fitter post-fit operations ending: elapsed time is 00:01:32
Info (20274): Successfully committed final database.
Info (21624): Not running Design Assistant in finalize stage because there is no enabled rule to check
Info: Quartus Prime Fitter was successful. 0 errors, 2 warnings
    Info: Peak virtual memory: 7075 megabytes
    Info: Processing ended: Wed Jul 29 23:11:56 2026
    Info: Elapsed time: 00:11:00
    Info: System process ID: 46240


